7070,,,,,8594,,,,,,,,,6264,,,,,,,,,,,,2810,,,,,,,,,,2387,,,,,,,6422,,,,,,,,,,3548,,3697,,,,3161,,,,,,2118,,,,,,,,,8124,,,,,,,,,,,,,,8467,,,,7661,,,,,,,,,,,6827,,,,,,,,,1855,,,,,,,5980,,654,,,,,,,7698,,,,,,,,,6083,6768,,,,,,,,,,,,,,,,,,,,,,,,1074,,,3264,,,,,1329,,,,,,,,,,,,,,,,3335,,,,,,,2072,,7454,,,,,909,,,9945,4921,,,,,,,,,8829,,,,,,,,,,,,,,,,,,,,,8960,,,,,,,,,,,,,,,,,,,,,
,,,,,,,,,1518,,,,,4712,,,,,6222,,,,,,,,,,,,9970,,,,,9305,,,,,,,40,,,,,,,7073,,3538,,,,,,,,,,,,,2516,,3330,5104,,,,,,,,,89,,,,,,,,,577,,3562,,,,,,999,,7170,,,,,,,,1022,,,,,,,,,,,,,,,,,,,,,,,,,,,6816,,,7777,,,,,,,,,,,,,,,,,,,,,,,,,,,,,,,,,,,,,,,5545,,2141,,,,,3792,,,,440,,,8112,4365,,,,,,,,,,,,,,,,,,,4852,,2337,,,,,,,,859,,,728,,,,,,,,5644,,,,,,,,,,,,5392,4823,,,,,,,,,,,,,,
4774,1662,,,,,,,,4618,,,,5209,,,,,,,,,,,,,,,,,,,,,,,,,,6833,,,,,5715,,,,,,,,,,,,,,,2137,,,7164,8939,,,,9722,,,,,,,,,,8827,,,,,,,,,,,,,,,,,,,,,1745,,,,,,,,,,,,114,,,,,,,,,,,,541,,,,,,8972,,,,,,,,,,,,,,,4605,,,,,,,,,,1626,,,9959,,,,1458,,3761,,,,,,,,8987,88,,3154,6214,,,,,,,,6203,,,,2442,,9749,,,9800,,,9440,,,,,,,,,,,,,,,,,9992,,,8161,,,,,,,,,,,,2140,,3785,,,,,,,9686,,,,,,,,,,,,,,,,8588,,,,
,,,,,,,,,,,,,,,1693,,,,7830,,,,,,,,4330,,,,,,,9771,5293,,,,,,,,,,,,,,,,,,,,,,,,3105,,,,,,,,,,,,,,,,,,,7724,6248,9514,,,,,,,,,,,,,,,8856,,,,,,,,,,,,,,,,,5832,,,,,,,,213,,,,,,,5018,,,,,,,,,,,,,,,3853,,,,2597,,4435,,,,,,,,,,8951,,,,,,,,,9196,,,,,,3624,,,,,,,,,,,,,,,,,,,,4018,,,,,,,,,,,,,,,,7938,,,,,,,,,,,,,,,,,,,,,,,,,,,,674,,,,4943,,,,,8895,8957,,,,,,,8061,
,,,,,,,,,8431,,,,,,,,,,4104,,,,,,,,,,,,,,,,,7696,,,,,,,,,,,,,,,,,,,,,1822,,,,,,,,,,,,,,4984,,,,,3524,,9366,,,,,,,,,,,,5476,,,,,,,,,,,,,,,,,,,,,,,,,9428,3955,4877,,,,,,,,,,,,,8871,,,,4708,,,,,,,,,,,,,,832,,7801,,,,,,9907,,,,,,,,,,,,,,,,,,,4262,,,,,9121,,,,,,,,,,4377,,,,,,,,7931,,,,,,2221,,,,,,,,,,,,7228,,,,,,,,,,,,,,9480,,,,,,,9789,,,,,2258,,,,,,,,,,,,,
,,,,,,,,,,,,4436,,,,,,,,6498,,,,,,,,,6473,,,,,1882,4624,,5314,,,,,,,,,,,,,,,,5737,,,6632,,,,4645,,,,,,,,,,,,,,,,,,,,,,,,,,,7234,,,,,,,,,6684,,,,,,,,,,531,,,,,,4806,,,,,,6029,,6759,,9177,3839,,,,,,,,,9317,,,,,,1993,,,9244,,,,,,,,,,,,,,,,,,,7904,,2342,,,9125,,,,,,,,,,,,,,,,,,,,,,,,,,,9983,,,,7578,,,,,,,,9007,,3655,,,,,,,,,,,,,6453,,,,,,,,,,,,,,,,,,,,,,,,9580,,,,,,,,,,,,
,,,,,,,,,,,,,,,,,,,,,,,,,,,,,,,,,,,3486,,,,,,,,,,,,,,,,,,,,,,,,,,,,,,,,,,,,,,,,,,,,,,,,,,,,,,4529,,,,,,,,,,,,,,,,,,,,,,,,,,,,,,,,,,,,,9221,8824,,,,,,,,,,,,,,,6462,,,,,,,,5660,,,,1798,,,,,,,,2609,,,,,,,,5216,,,,,,,,,7570,,,,495,,,,,,,,3632,876,,,9360,,,1736,,,,,,,,,,,,,,,,5233,,,4167,,,,,,,,3528,,,,,,,,,,,4822,,,,,,,,,2419,,,,,,,,7458,,
,,1623,,,,,,,,,,,,,,8478,,,,,,,,,,,,,,,,,,,,,,,,,,,,,,,,,,,,,8499,,,,,,,,,,,,1439,,,,,,,,,,,,,,,,,,,,,,,,,,,,,,,,,,,,,1965,,,,,7581,,,,,,,,,,,,,,,,,,,,,,,,,,,,,5857,,,,,96,,,1067,,4023,,,,,,,,,,5716,,,,,,,,,,,,,,2485,,,,,,,,9061,,,,,,,,,,,,,4154,,,,,,,,,,731,9394,,3282,,,3561,,,,,,,,,,,,,,,,,,,4118,,,,,,,,,,,,,,,,,,,,,,,4938,,,,,,
,,,,1733,,,,,,,,,,,,,,,,,,,8480,,,,,,7684,,,,,4644,,9189,,,,,,,,,,,,,,,,,,,,,,,,,,,,8921,,,,,,,,,,,,,,,,,,,,,,,,,,,2355,,,,,187,,6179,,8427,,,,,,,,,,,,,,,,,,,,,,,,,,,,,,,,,,,,,,,,,,,,,,,,,,,,,,,,,,2562,,1550,998,8745,,1996,,,,,,,,,,,,6593,,,,,,,,,,,,,75,,,,,,,,,,3450,,,,,,,,,25,,,,,,,,,9479,,,,,,,,,,,,,,,,,,,,,,,,,,,,,1852,,,,7727,,,,2189,
,,,,,,,,,,,,,,,,,,,,,,,,,,,,,4754,,,,,,,,,,,9385,,,,,,,,,,,,,,,,,,,,,,,,,7733,,,,,2922,,,,,,8947,,,,,7769,,7874,,,,6303,,,,,,5086,,,,,5987,,1413,,,,,,,,,,,,,,,,,,,,,,,,,,,9121,,,,,,,974,,,,,,,,5167,,1170,,,,3168,,7197,,,,,,1910,,,,,,,,,,,,7286,,,3437,6461,,8215,9624,7707,,,,,6599,,,,,,,,,,,,,,3758,6118,,,,,,,3960,,,,,,,,,,,,,,,,,,,,,,,,,,,307,,,,,,,,,,,,,,,,,,,,,,,,,
,,,,8707,,,,,,,,,,,1283,,,,,,,,,,,,,,,,8594,,,,,,,,,,,,,,,,,,,,,,,,,,6591,,,,,,,,,,7471,,,2202,,,,,,,,,,,,2808,,,,7844,,,,4059,,,,5902,,,599,1562,,,,,,,,,,,,,,,,,,3436,,,,,,,7126,,,,,,,,,,,,,,4951,4037,,,6651,202,,,,,,,,,,,,,4534,,,,5088,,,7102,,,,,,,,,,7693,,,,,,,,,,,,6328,3624,,,,,,,,,,,,4934,,,,,,,,,,,3205,,,,,,,,,,9479,,,,,,,,,,,,,9742,,,,,,,,,,,2619,,,,,,,,,,,,4699,
,,,6971,,,,,,,,,,,,,,,,,,,,,,,,,,,,,,,,,,,,,8968,,,,,,,,,,,,,,,,,,,,,,,,,,,,,,,,,,,,,,,,,,,,,,,,,,,,,,,,,,,,,,3481,,,,,,,,,,,3909,,,39,,,2582,,,,,,,,,,,,,,,,,,,,3978,,,,,,,,,3393,,,,,,,,,,7830,,2453,,,,6730,,,,,,6420,,,,,,,,,,,,,,,,,,,,,,,,,,,,,,,,,,,,,,,,1765,,,,,,,,,,,,,,,,,,,,,,4330,,,,,,,,,,,,,,,,,,,,,,,
,,,,,,,,,,,,,,,860,,,,,,,695,9036,,,,,,,,6537,9460,,,,,,,,2931,,,,358,,,,,,,,,,2513,,,,3652,,,,,,,,,,4692,,,,,,,5953,,,,,,,2266,,,,,,,,,,,,,,,,,,,,,,,,,,,,,,,,,,,,,,,,,,,,,,,,,,,,,,,2633,,,,,,,,,,,,,,,,,,,,,,,,,,,,,,,,,,,,,,,,,,,,,,,,,,,,,,,,,,,,,,,,,,,,5018,,,,,,,,,,,5547,,,,,,,,,,,,,,,,,,,,,,,,,,,,,,,,,,,,,,2827,
,,,,,,,2723,,,,,,,,,,,,,,,9139,,,,,,,,8547,,,,,,,,,543,,,,9000,,,,,4645,,,,,,,,,,,,,,,,,,6513,,,,,,,5278,,,,,,,,,,,,,,,,,,,7613,,,,,,,,,,,,8314,,,,,,,,,,,,,,,,,7384,7271,,,,,,,,,,,,,,,2575,,,,,,6994,,,,,,,,6131,2194,,,,,,,,,,,,8863,,,,,1512,,1505,,,,,,,,,,,,,,,,,,,,,9751,7529,,,,,6829,,,,,,,,2174,,,,,,,,,5187,,,,,,3199,,,,,,,1779,,,,,,,,,,,,,,,,,,,,,,,1321,,,,
,,,,,,3262,,,,,,,,,,6268,,,,,,,,,,,,,,,,,,,,,,5349,8346,,,,,,,,,,,,,,,,,,,,,,,,,,,,,,,,,,,,,,,,,,7090,,,,,,,,,,,,779,,,,,,,,,,,,,,,,,,,,,,,,,,,,,,,,,,,,3870,,,,,,,,,,,8349,,,,1362,,,,,,,,,,,,,,,,,,,,,,,6440,,,,,,,,5801,,,,,,,,,7028,,384,,,,,,,,,,,,,3638,,,,,,,,,,,,,8676,,,,,,,,,,,,3818,,,,1203,,,,,,,,,,,,,,,,,,,8001,9821,,,,7604,,,
,,,7899,7963,,,,,9202,,,,,,,,,,,,,,,,,,,,,,368,,,,,,,,,,,,,536,,,,,,,,,,,,,7738,,1381,,,,,,,,,,,,,,,,,,,,,,,6417,,,755,,8227,,,,,,,,,,7519,,,,,,,,,,,,,,8473,,,,,,,,,,,,,,3669,,,,,,,8861,,,,,,,,,,,,,,,164,,,,,,5485,,,,,,,,,,,,,9167,,,,,,,,,,,,7079,,,,,,,,,3045,,,,,,,,,,,,952,,,,,,,,,,,,,,,,,4305,,,,,,,7654,,,,,,,,,,,,,,,,,,4103,,,,,,,,,,,,,,
,,7140,,,,,,,,,,,,,,,,4440,,,,7262,,,1485,,,,,,788,,,,,,,,,,,,7556,,,,,,,,,,,,,,,,5684,,7549,,,,,,5058,,,,,,7513,,,,,,,,7464,,,,,,8170,,,,,,,,125,,,,,,,,,,2890,,,,,,,,,,,,,,,,,,,,,,,,,,,,,,,,,6447,,,,,,,,,,,5471,,,,,,,,,,,,,,,,,,,,4332,,,,,6644,,,,,,,,,,7051,,,4796,,,,5296,,1015,344,,,,,,,,,,,,,,,,,,,,,,,,,,9256,,,,,,,,,,,,,,543,,,,,,,,7993,,,,,,978,,,5411,,,,
,,,,,,,,,,,,,,,,,,,,,,,,,1948,,,,,,,,,,,,,,2898,,,,,,,,,,,,,,,,,,,,,,215,,,,2473,,,,,,,,,,,,,,,,,,,2276,,,,,,,3861,,,,,,,,5498,,,,,,,,,,,,,,,,,,,,,,,,,,,4976,,,,,,,4779,,,,,,,,,,,,2834,,,,,,,,,,,,,,,,,,,,,,,,,,,,,,,,,,,,,,,,,,,,,,,,,,,,,,,,620,,,,,,,,,,,,,,,,,1536,,,,,203,,,,,,,,,,,352,,,,,,,,,,,,3336,,,8900,,,,,,
,,,,,3111,,,,,,,,,,,,,5203,,,,,4600,,,,,,,,,,,,,,,1115,,,,,,,,,,1497,,,,,,2733,,,,,,3265,,,,,5611,,,,,,,,,,9235,,,,,,,,,,,,,,,,,,,,,,,,,,,,,,2755,,,,,,,,,,1173,,6411,,5260,,,,6880,,,,,,4818,,,,,,,,,,,,,,,,,,,,,,,,,,,,,,,,4175,,,,,,,,,,,,,,,,,4941,,,,,,,,,,,,,,,,,,,,,,6306,,,,,,,,,,5171,,,,,,,,,,,,,,,,,,,587,,,,,,,,,,8411,,7175,,5419,,,,,,,,,,,,
,,,6829,,,,,,,,,,,,,,,,,5836,,,,,,,,,7477,,8806,,,,,,,,,9809,,,,,,,,,,,,,5924,,,,,,,,,,,6842,,,,,,,,,,,,,,,,,,,1542,,,,,,,,,,,,,,,,2430,,,,3637,,,,,,,,,,4566,,,,3680,,,,,,,,,,,,,,,760,,,,,,,,,,,,,,,,,,,,,,,,,,,6593,,,,,,,,,,,,,,,,,,,,,,,,,,,,,,,,,,,,,,,,,,,,,,,,,,,,,,,,,,,2715,,,,,,,,,,,,,,,,,,,1668,,,,,,,,,,,,,,,,,,
,,,,,,,,,,,9658,,,,,,,,,,,,,1895,,,2463,,2142,,,,4469,,,,,,,,,,,9474,,,,4612,,,,,,,,,,,,9220,195,,,,,,,,,,,,,,,,,,,,,,,3214,4238,,,,,,,,,4227,,,2083,,6155,,,,,,,,,620,,,,,8867,,,,,,,,,,,,,,,,,,,6055,,,,,,7083,,,,,,,6210,,,,,,,,,,,,,,,,,,,,,,,,,,,,,,,,,,,1927,,,,,,,,,,,,,,,,2741,,,,,9371,,,8774,,,,,,,,,,,,2133,1830,,,,,,,,,,,,,,,,,,,8069,,,,,,,,,,,,,,,,,,,1535
,,,,,9937,,,,,,,,,,,,,,,632,,,,,,,,,,,,6430,,,,,,,5882,,,,,,,4767,,,,,,,,,,4150,,,6050,,,,,8125,,,,,,,,,,,,,,,,,,,6104,,,,,,,,,6172,,,,,,6265,,,,,3761,,,,,,,,,,,,,449,,9434,,,,,,,,,,,,,,,,,,,,,,,,,,,,2818,,,,,,,,,,,,,,974,,,,,,,,,,,,,8909,,,,,1363,,,,,,9186,,232,,,,,,,,,,3972,,3793,,1938,,,,,,,,,,,,,,,,,,,,,,,,,,,,,7462,151,,,,,,,,9373,,,,,,,5396,,,,,,,,,,
,,,,5363,,,,7074,,,,,,,,,,7342,,,,,,6435,,,,,,,,9286,,,,,,,,,,,,,,,,6136,,,6113,5477,9483,,,,,,,,,7385,,,,,,,,,7829,,,,,,,,,,,,,,,,,,,,,,,,,,,,,,,,4085,,,,,,,,,,4855,,,,,,,,,,,,,247,,,,,,,,,,,,,,,,,3283,,,,,,,,,,,,,,,4559,,,,,,,,,,,,,,,2199,,,,,,,,,,,,,,,,,,,,,,,,,,,,,,,,,,,,,,,5416,,,,,,,,,,,,,,2712,,,1609,,,,,,,,,,,,,,,,,,,,,,,,,,5599
,,,,,,,2023,,,,,,,,,,,,,,,,,9792,4858,,,,,,,,,,,,,,,,,,7191,,,,408,,,,,,,,,,,,,,,,,,,,,,9732,,,6547,,,,,,,,,,,,,,,,,,,,,,,,,,,3488,,,,,,7487,,,,,,,,,,,,,,,,,2621,,3293,,,,9214,,,,,,7194,,,,,,,,,,,,,,,,,,,6538,6938,8658,,,2346,,882,,,,,,,,,,,,2566,,,,,5199,,,,,2024,,3536,,,,,,,,,,,,,,,,,,,,,,,,,,,,,3172,,6514,,,,,,,,,,,,,9504,,,,4320,8115,,,,,,,,,,,,,,,,7851,,,,,,
,,,,,,,,,,,,,,289,,5276,,,,,,,,,,,,5345,,,,,,,,2305,,,4675,,,,,,,6055,,3084,,,,,,556,,,,,,,,,,,9372,,,,,,,,,,,,,,,,,,,,,,,728,,,,2657,,,,3982,,,,,,,,,,,,,,,1835,,,,,,,1862,4980,,,,,,,,,,,,,,,,,,,,,,,,,,,,,352,,,,1338,7987,,,589,,,,,5337,,,570,,4542,,,7413,,,,,,1508,,,,,,,,,,,,,,,,,,,,,1884,,,,7772,,,,,,,,,6172,,,,,,,8333,,8873,,,,,,,,,,,,,,,,,,,5783,,,,,,,,,,,,,,,,,6612,
,,,,,,6198,,6145,,,,3376,,,,,,,,,,,,,,,,,,,8580,,,,,,,,,,,,,,,,,,,,,,,,,,6192,,,,430,,,5894,,,,,9424,,,6419,7998,,,,,,,,,,,,,,,,,3891,5929,,,,,,,,3558,,,,4944,,,,,,,,8575,,,,,,,,6547,,,,,,,,,,,,,,,,,,,,,,,,,,,,,,,,,,,,,,,,,,,,7341,7767,,,,,4104,,,4783,,,,,,,,1371,892,,,,,,,,,,,,,,,,,,,,,,,,,,,,1077,,,,9872,,,,,,,4447,,,,,,,,9300,8552,,,,,7645,,,,,,,,,,2951,,,,,,,,,,7820,968
,,,,,,,,2850,,,,,,,,,,,,,,,,8467,,,,,,,,,,,,,,,,,,,,,,5997,,,7778,,,,,,,,,9574,,,,,,,7834,,,,,,,,,,1330,9578,,,,,,,,,,,5039,,,,,,,,,,,,,,,,,,242,,,,,5285,,,,199,,,,,,,8325,,,,,,,,,,,,,,,,,,,,2666,,,,,,,,,,,,,,,5793,,5227,,,,,6947,,,,,,8753,,,1502,,7933,,,,,,,,,,,,,,,4160,,,,,,,,,1250,,,,,,,,,,,,,,,,1063,5813,,,2462,,,,,,,,,,,,,,,,,,,,,,,,,883,,,3831,,,,,,,,,
,,,,,,,,,2392,,,,,,7237,,,,,,,,,,,,,,,,,,8940,,,958,,,,,,,,,,,,,,,,,,,,,,1210,9823,,,,,,,5071,,,,,,,8448,,7239,,,,,,,,,,,,,,,,,,,,,,,,,,,,,,,,,,,,4734,,,,,,,,,,,,3385,,,,,,,4716,,,,,,,,,,,,,3446,,,,,,,,,,929,,,,,,,,,,,,4449,,,,,,,,,,,,,,,,6230,,,,,,,8123,,,,6703,1226,,,,,,,5458,,,,,,6356,,,,,,,,2968,6382,,,,9286,,,,,,,,,,,,,,,6011,,,,,,,,,,,,,577,,,,8829,,,,
,,,,,,,,3178,,4892,,,6906,,,,,,,,,,,,809,,,,,,,,,,8182,,,,,,,,,463,,,,,,,,,,,,5984,,,8189,,,,,,,,,,5637,,,,,,,,,3941,,,,6157,,,,,,,,7208,,,1800,,,,,,,,,,,,,,,,,,,,,3809,,,,,,,,,,,,,,,,,,,,,6954,,,,,,,,,,,,,,,,1874,,,,,,,,,,,,,,,,5857,,5173,,,,,,,,,,,,,,,,,,,,9578,,,3959,,,,,,,,,,,2109,,,,,,,,7391,,,,,,1192,1969,,3565,,,,,,,1366,,,2735,,,,,,,1348,,,,9885,,,,,,,,,,,,,,
,,,6357,,,,,,1739,1566,6581,,9955,9558,,,,,,,1002,,2379,,,,,,,,3875,,,,,,,,,,,,,,,,130,,,,,,,,9589,,,,,,,,,,,,9037,,,5266,,,,,,,6194,2029,,,,,2328,,,,,,,,,8939,,,,,,,,,3071,,,,,,,,,,,,,,,,,,,,,9319,,,,,,,,,,,,,,,,7811,,2128,,,,5231,,,,,,,,,,8390,,,,,,,,7537,9607,,7125,194,9293,,,,,,,,,,,,,,,,,,,,,3935,,,,,,,,,,,,,,3028,,1,,,,,,,,,,,,,,8184,,,,,,,,,,,,,,,,,,,,,,,,,,,,,,,,,,,,,
,,,,,,,,9842,,,,,,,,,,4489,,,,,,7723,,9913,,,,,,,,,,,,,,,,,,,,,7085,,,,,,,,,,9034,,1767,,,,,,,,,,5,,5799,,,,,,,,,,,,6250,,,7831,,,,,,,,,,,,,,,,,1003,,,,,,,,,,,,6175,,,,,,8801,,,,,,,,,,,,,,,224,,,,,,,8467,,,,,,,3300,,9387,,,5931,,,6445,,,,,,,,,,,,,,,,,,,,,,,,8795,,,4247,,,,5075,,,,,,,,2010,,,,,,,2701,,,,,,,,82,,,,,,,,,,,,,113,,,,,,,3996,,,,,,,,,,,6183,,6257,,,,,,,,,,
,,,163,,,,,,,,,,,,,,,,,,,,,,,,,,,,,,,7429,,8476,,,,,,,,,,,,,,,,,,,,,,,,,,,,,,,,,,,,,,,,,,,,,9596,,2433,,,,,,,,,,,,,,,,,,,,,,,,,,,,,,,,,,,,,,,,9189,,,,,,9434,,,,,,,2211,,,,,,,,,,8760,,8723,,,,,,,,,,,,,,,,6352,,,,,,,,,,,,,,,,,,,,,,4135,,,,,,,,,,,,3603,,,,,4913,,,,,,,,7714,,7673,,,,,,,,,,7311,,,,,,,,,,,,,,,,2346,4166,,,,,,,5819,,,,,,,,
,,,,,,1181,,,685,,5570,7740,,,,,,,,,,,,,,,,,,6689,,,,,,,876,,3812,,5674,,,,,,,,,,,,9766,,,,,,,,,,,,,,,,,,,,,,,,,,,,,,,,,,,,,,,,,,,,,,,,,8843,,957,,,,,,,,,,,,,,,,,,,,,,,,,,,,,,3008,,,,,,,,,,,,,,,,,,,,,,,,,,,,,,,,,,,,,,,,7355,,,,,,,,,,,,,,,,,,,,,,202,,9117,,,,1842,,,,,,,,4362,2974,,,,,,,,,,,,5416,,,,,,,6845,,,,2867,,,458,,,,,2986,,,8213,,,,,,,5986,4472,924,
,,,,,,,,,1691,,,,,,,,,,,,,,,,,,,,,,,,,,,,,,,,,,,,,,,,,,,,,,,,9653,,,,,,,,,,,,,,,,,,,,,,,,,,6601,,,,,,,,8691,,,,,,,,,,,2113,,2621,,,,,7117,,,,,,9480,,,,,,,,,,,,,,,,,,,,,,,,,8913,,,,,,,,,,,,,,,,,,,,7300,,,,,,,,,,,,,,,,,,,3265,,,,,,,,,,,,,2989,,,,,,,,,,,,,,,,,7690,,,,,,,,,9995,,,,830,,,,,2844,,,,,,,,,,,5888,,,,,,,,,,,3200,,,6734,,,
,,,,,,672,,,,8031,3297,,,,,,,,,,,,,,,,,,,,,876,,,,,,,7356,,,,,,,,,,,,,,,,,9948,,,,,,,,,,,,,,,,,,,,,2154,,1816,,,,,,,,,,,,9517,,,,,1229,,,,,,6557,,8448,,,,,,,,,,,,,8181,,,,,4085,,,,,,,,,,,,,,,,,,,,,,,,,,,3749,,,,,,,,,,,,,7049,,,,,,,,,,,,,,,,,,,,,,,,,,,,,,,,,,,3675,,2791,,6860,,,,,,,,9807,,,,,9522,,,,7796,,,,,,6991,,,,,,,,,,,,,,,1789,,,,,,,,,,,,,,,,
,,,,,,,,,2304,,6648,,,,9530,,,,,,,,,,,,,7689,,,6324,,1875,,,,,,,,,4896,,,,,,2473,,,,2293,,,,,,,,,,,,,,,,,,,5829,696,,,,,,,,,,3837,,,,,,,,,,,,,,6370,,,,,,,,,,,,1688,,,,,,,,,,,,,,,,,,,,,7761,,,6639,,,,,,,,,,,,,,,,,,,,,,,,,,,,7656,,9692,,,,,,,,,,,,,,,,,,,,,,2828,,,7285,,,,,,,,,,,,,,,,426,9317,,,,,,,,,,,1247,,,,3501,,,,,,,,,,,,,,,,,,,,,,,,,,220,,,,1704,,,,,,
9773,,,,,,,,3964,,987,,,9800,,6711,,,,,,,1879,7607,,,,,,,,,,,,,,,,,,,1478,,,,,,,,,,,,8080,,,,,,,,,,,,,,,3433,,,,,,,,,,,,,,,,,,,,,,,,,,,,,,,5598,,,,,,,,,,,,,1963,,,,,,8646,,,,1587,,4884,,,,8512,,,3381,,,,,3520,,,,7155,,,,,,,,8357,,,,1229,,,,,,,,,,,,7675,,,,,,,988,,8104,1956,,,,,,,,2107,,,,,1799,,,,,,,,,,6360,,,,,,,,,,,,,,4235,,6623,,,3284,,,,,9142,,,,,,,,,,,,,5772,,,,,4899,,,,3421,,,,,,,,,,,
,,,,,,8062,2521,,,,,,,1286,,,,,,,,,,,,,,,,,,,,,,,,,,,,,2895,4655,,,,,,1962,,,,,,,,,,,9926,7511,,,,,,,,,,,,,,,,,,,,,,,,,,,,,,,,,,,,,,,,,,3094,,,,,,,,3397,,835,,,,,,,,,,,,,,,,,,,,,,,,,,,,,,,,,,,,,,3518,,,,4882,,,,,,,,,,,,,,,,,,3694,,,,,,,,,,,,,,,,,,,,,,4551,,,,,,,,,,,,,4623,,,,,,9830,6253,,,,,,,,6527,,,,,,,,,,,,,,,6230,,,,,,,,,,,,,,,,
,,,,,,,,,,,,,,,,,,,,,,,,,,,,9383,,,,,,,,,,,,,,9991,,,,,,1537,,,,,,,,,,,,,,,,,9398,,,3349,,,,,,,,,,,,,,,,,,,,,,,,,,,,,,,,,,1653,,6103,,,,,,,,,,,,3883,,,,,,1335,,,,4782,,,,,,,,,,,,,,,,,6346,,,,,,1,,,,,,,,,,6446,,,7038,,,,2642,,,,,,,,,,,1482,,3600,,,,,,,,,,,,,,,,,2523,,,,,,,,,,,,,,601,,,,,,,,,,,,,,,1267,,,,9641,,,,,,,,,,,,4627,,,,,,,,,,,,,2583,
,,,,,,,7922,,,6868,2413,,,,,,,,,,9974,,,,,,,,,,,,,,,,,,,,,,,,,,,3995,6526,,,,,9375,,,,,,,,5236,,,,,,,,,,8122,,4268,,,,,,,,,,,,,7896,3196,,,,,,,,,4482,,,,,,3413,,,,,,,,,,,,,419,,,,,,,,,,,7515,,,,,,,,,,,,,,,9027,,,,,,,,,2578,,,3803,,,,8754,,,,,,,,,,,,,,,,,,,,,,,,,,,,,,,,,,,2418,,,,,,,,,,,,,,,,,,,,,,,,,,,,,,,,,,,,,,4928,,,,,,7950,,,,,,,,,,,,,9463,,,,,
2762,,,,,,,,212,,,,,,7625,,,,,,,,,,,,3600,,,,,3567,,,,,7335,4021,,,,,,,,,,,,,,,,,,,,,,,7914,,,,,,,,,,,,,,,,,,,,,,,,,,,,,3857,,,,,2104,,,,,7768,,,,,,,,,,6048,,,7157,545,,,,,3180,,,,7306,8240,,1685,8524,,,1910,,,,,,,,,,2078,7473,,2405,,,,,,,,,,,,,,,,,1122,,,,,,,,4087,,,,,,,,,,5711,,,1291,,,,,,,,,,,,,,,,4766,,,,,7329,,,,,,,,,,,,7787,,,,,,3593,7281,,,,9554,,,,,5327,,8118,,,,,,,3657,,,,,,8490,,,,,,,,,,,
5836,,9729,6339,,,,,,,,,,201,,,,,,,,,,,,,2856,,,,,,,,,,,2215,,,,7980,,,,,,,,,,,,,,,6479,188,,,,,,,,8690,,,,,,,3096,9467,,,,,,,,,,,,,,7341,,,,3227,5334,,,,,,,,,,,,,,,,6238,,,,,,,3932,4494,,,,,,,,,,,,,,,,,,,,,,7580,,,768,2008,,,,,,,,,,,,,,,,,7607,,,,,,,,,,,,,,,,,,,,9765,,,,,,,,,3843,,,,,1038,,,,,,,,,,,,,,,,,,,,,,,,,,,,,5655,,,,,,,,,,,,,,,,,,,,,,,,,,,,,,,,6883,
,,,,,,,,,,,,,,,2136,,,,,,,,,,,,,,,,,5700,3296,,6883,,,,7905,,,,,,,5300,,,,,,,,,,9202,,8543,,,,,,,,,,,,,,,,,,,,,,,,,,,,,,,,,6175,,,7191,7664,,,,,,,,,,,,,,,,,,,,,,,,,,,,,,,,,,,,,,,,,,9224,,,,,,,,,,,,,3730,,,7260,,,,,,,,,,,,,,,,,,1807,,9670,,,,,,,,,,,,6537,,,,4134,,,,,,,,,,,,6103,,,,,,,,,,,4474,,,8321,,,,8322,,,,,,,,,269,,,5610,,,,,,2863,,2188,,,,781,,,,9050,,,3796,,6033,,,
,,,,,,,690,,,,,,,,,,,,,,,,,,,,,,3865,,,2356,,,,,,,,,,,,,,3340,,,,,,,,,,,,,,,,,,,,5568,,,,,,,5517,,,,,,,,,,,,,,,9440,,,,,,,,,,,,,,,,,,,,,,,,,,,3912,,,,,,2315,,,,,,,,,,3278,,,,,,2746,,,,,,,,9603,,,,,,,3738,,,,,,,,,,,,,,,5675,,,,,,4856,,,,,,,,3843,,,2972,,,,,,,,,,6953,,,5877,,,,,,,1899,,,,,,,,,,,,,,,9468,,,,,,,,,,,,,,9286,,,,,,,,,,875,,,,,,,,,,,,309
,2414,,,,,,,,,,,,,,,,,4590,,,,8055,,,,,,,,,,,,5284,,,,,,,,,,,,,,,,,,,,,,,,,,4910,,,,,,,,,,,,,,,,,,,,,,,126,,,,,,,,,,,,,,,,,,,,,,,,,,6732,,,,,,8570,,,,,,,,,,,,,,,,7704,,,,,,,,,,,,,,,,,,,,,,,,8864,,,,,,,2620,9121,,,,5198,,,,,,,,,,,,206,,,,6362,7405,,,,,,,,,,,,,7142,,,,,,,,,744,,3929,6169,,6898,,,,,,,,,,,,,,,,,,,,,,,,,,,,,,,,,,,,,1919,,,,,,,9433
,,,,,,,,,,,,,,,,,,,,,,,,,,,,2230,,,,,8493,,,,,,,,4237,,,,,,,,,,,,,,,,,,,,,,,5788,,,,,6606,,,,,,,,,,7405,,,,,,,,,,,,,5532,,,,,,,,2383,,,,,,1993,,,,241,,,,,,,,,,,,,,,,1699,8086,,,6774,,,,6102,,,,,,,,,,8483,,,,7203,,,,,,,5517,,,,,,,,,,,,,,,,9979,,,,,4065,,,,,,9366,,4832,,,,,,,,,,,,,,,,8337,,,,,,,,1334,,2445,,,1172,,,,,,,,,,,,,,,,,,,,4189,,,,7913,,,,,3171,,2121,,,341,,,,,5604,,,
,,,2727,,,,,,,,,2825,,,,1325,,,,,,,,,,,,,,,,,,,,147,,,,,,,,,,,,,,,,3113,,,,,,,,,,,,,,,,,2754,2578,,,,,,,,6628,,,,,,7595,,,,7790,,,,,,,,,,,,9321,9260,,,,,9381,,,,,,,,,,,,,,5543,6109,,4244,9307,,,9251,,,,,,,,,,,,,1839,,,1114,,,,,,,39,2566,,,,,,,,6277,,3500,,,,,,,,,3840,8300,,3741,,,,,,6711,,,1837,,,,,,,2128,,,,,,,,,,,,,,,,,,,,,,,,,8236,,,,,,,,,9700,,,,,1181,,7098,,,,,,676,,,4080,,,1645,,,,,,,,,,5172,,,
,,,,4779,,,,,,,,,1274,,,,,,,,9872,,,,,,,,5084,3551,,,,,8126,,,,,,,7498,7188,,9277,,,,,,,,,,,,,,,,,,,,6102,,,,,5740,,,,,,,,,,,,,,,,,,,,,260,,,,,,,,9813,549,,,,,,,,,,,,,865,,,,,,,,,,,,,,,,,,,,,,,,,,,,,,2129,,,,,,,,,,,,,,1887,,,,,,,,,,,,,,,,,8553,,,,,,,,,8401,,,1700,9719,,,,,,,,,8223,,,,1786,,,,,,6949,,,5785,,,,,,,,,,,,,,,,,,,,,,,,,,1041,,,,1463,,,,,,,,,,,,,,,,
,,,,,,,,,,,,,,,,,,,,,7562,,,,,1690,,,3293,,,,,,,,,,,,6848,,,,,,,6891,,,,,,,,,,,,,7572,,,,,,,,,,,,,,,,,,,,,,,,,,,,,,3517,2018,,,,,,,,,,,,1696,,,1267,,,,,,,,,,,,,,,,,,,,,,,,,,,,,,,,,,,,,,,,,,,,,,,,,,,,,,,,,,,,,,,7608,,,,,,,,,,4213,,,,9988,,,3549,,,,,,,,,,,,,,,3740,2161,,,,,,,,,,,,,,,,,,,,,,,,,9948,,7233,,,,,5185,,,,,,,,,,,,,,,,237,,,,
,,,,,,,,,,,,,,,,,,,,,,,,,,,,,,,,,,,,,,,,,,2865,,,,9654,,,,,,,,,,,,,,1607,,,,,,5876,,,,,,,,,,,,,,,,,,,,,,,,,,,,,9308,1314,,,,,,,,1342,1752,,,4054,3722,,,,6559,,,7098,176,9444,,,3201,,,,,,,,,,,8242,,,8828,,,,,,,,,,,,,,,,,,,,,,473,,1462,,,,,2609,,,,,,,,,,,,,2658,,8438,,,,,,,,,,,,,2552,,,,,,,,,,,,,,220,,,,,,,,,,,,,,,,,,,,,,,,,,,,,,,8477,,,,,,,,6558,,,3023,6056,,,,,,
,,,,,,,,,2539,2937,,2279,,,,,,,,,,,2037,,,,,5682,,6033,9454,937,,3551,,,,,,,,,,,,4126,,,,,,,,,,,,,,,,,,,,,,,,,,,,,,,,,,,,,,,,,,,,,,,8630,3066,9091,,,,,,,516,,,,,,,,,,,,,,,,,,,,8852,,8627,,,,,,,,2375,,,,,,,,,,,,,,,,,,,2572,,,,,6015,,,,,,,,,,,,8154,,5684,,,,9032,,,,,,2278,,,1664,,,,,,,,,,,,,1117,,,,,,,,,,,,,,,,,,,,,,,,,,,,,,,,,7521,,,,,,,,,1805,,,,,,,,,,,,,,,,,
,,,,,232,,,,,,,4024,,,,,,,,,,,,,1491,,,,,,,,,,,,,,,,,,7353,,,,,,,,,,,,2060,,,,,,,,,,,,,,,,,,,,,8782,,,,,,,,,,,,,,8549,,749,2284,,,,,,,,,,,,,,,,,,,,,,,,,,,,,,,,,,,,,,,,,4327,,,,8892,,,,1512,,,,,,,,,,,,,,,,,,,,5741,,,,,,,,,,,,,,9141,,,,,6470,,,,1846,,,,,,,,,680,,,,,,9657,,6159,,,,2169,,,,,,,737,,,,,,,,,,,,,,,,,,,,,3843,,5067,,,,,9437,668,,,,3944,,,8823,,,,,,
,3865,,,1541,,,,,,,,,,,,,,,,,,,,,,,,,,,,,,,,,,3188,,,,,4865,,,,,,4036,,,,,,,,,,,,,,,1201,6724,,,,,7358,,3761,,5578,2507,,8570,,,,,,,1350,,,,,,,,,,,,,,,,,,,,,,,,,,8202,,,4403,,,,,,,,,,,,,,,,,,,,,9005,80,,,,,,,,,,,,,,,,,,,,,,,,,,,,,,,,8473,,6392,,,,8873,,,,738,,,,,,,,,7819,,,,,,,,,,6159,,,,,,4390,,,,,5792,,,,,,1592,2705,,,1872,,,,,,,5758,324,7453,,,,,,,,,,,,2526,,8058,,,,,,,,,,,,,,,
,,,4445,,,,,,,,,,,,,,,8879,,,,,,,,,,,,,,1067,,4923,,,,,,,,1121,,,1593,,,,,,,,,,,,,,,,2446,,2745,,,,,,,,,,,,,,,,,6941,,,,,,,,,,,,,,,,,,5114,,,,2821,,,,,,,2973,,,,,,,,,,,,,1154,,,,,3861,,,,,,,,,,,,,,,7165,,,,9066,,,,,,,,,,,,,,,,,7985,,,,,,,6178,,,,,,,,,,,,,,,,,,,,,,,,,,,2542,,,,4755,4483,,,,,,,3687,,,,,,,,,,,,,,,8818,3112,,,,,,9395,,,,,,,,,,,,,,,,,,,,,,,,
,,,,,,,6343,,,,,,,,,,,,,,,,,,,,,8148,,,,,,,,,,,9051,,,,,,,,,,,,,7352,6808,,,,,,,,,,,,7427,,,,,4959,,,,,,,,,5614,,,2645,,,,,,,,,,,,,,,,,,,,,4233,,,,,,,,,,,1912,,,,,,,,,,,,,,,,,,,,,,,,,,,,,,,,,,,,,,,,,,,,,,,,,,,,,,,,,,,6798,,,,,,,,,,,,,,,,,,,,,9869,,,,,,,,,,,,,,,,,,,,5756,,,,,,,,,,,,,7880,,,,,,,,,,,,,,,,,,,,,,,,,,,,
,,,,,,,9546,,,,,,,,,,2643,,,,331,,,9853,,,,,,,,8238,,,,,,,,,,,,,,,,,,,,,,,,,,,,,,,,,,,,,7705,,,,,,,,,,,,,,,,,,,,4657,,,,,,,,,,,8466,,,,,,,,,,,,,,8718,,,,,,,,,,,,,,,,,,,,,,1071,,,,,,,,,,,,,,,,,,9304,,,,,,,,,,,,,,,,,,,,,9900,,,,,,,,,,,,,,,,,,,7977,,,,,,,,3350,,9005,,,,,,,,5864,,2562,,,,9518,,,,,8793,,,,,,,,,,,,,,,,,,,,,1746,,,,,,,,,,,
,,,,,,,,,,,,,,,,,,,2763,,3402,,,,,,,,,,,2112,,4475,,,,,,,,,,,,,,,2525,,,,,,,,,,,,,,,,,,,,,,,,4421,,,,,5736,,,,,,,,,2563,,,,,,,,4630,,,,,,,,,,,,,7402,,,,,,,,,,,9246,8987,,7146,,,,,,9475,,7384,,,,,,,,,,,,,,,,,,,,,,,,,,,,,,,,,,,,,,,,,,,,,,,,,,5233,,,,,,,,,,,,,,,,,,,,,,,,,,,,,,,,,,,8724,,2157,,,,,9665,,,,,,,,,,,,,,,,,,,,,,,,,,,,,,,,,
,,,,3659,8956,,,,,,,,8104,,,,,,,,,8975,,,,,,,,,,,,,214,,,,,,,,,,,,,,,,,,,,,,,,,,,,,,,,,3653,,,,,,,,,,,,7992,,,,,,,,,,,,,,,8074,,8988,,,,,,,,,194,,,,,,,,8894,,,,,,,,,,2236,,6148,,,,,,,8420,,,,,,,,,,,,,,,,,,,,,,6179,,,,,,,,,,,,,,,,,,,,,6440,,,,,,,,,,,5803,,,,,,,,,,,5011,,,,,,,,,,,,,,,,,,,,,,,9313,,,,,,,,,,,,,,,,,,,,,,,,,,,,,,,,,,
,,,,,,,,,,,,,,,,8664,,,,,,,,,,,,,,,,,,,,,,,,,,,,,,,8553,,,,,,,,,,,,,,,,,,,,,,,,7654,,,,4658,,,,,,,,,,,,,,4941,3137,,,,,,,,,,,,,,,,,1425,,,,,,,,,,,,,,,,,,,,,7388,8572,,,,,,,,,,,,,6443,,,,,,,,,2996,,,,,,,,,7723,,1057,,6438,,,,,,,,,,,,,,,,,,,,,,,4994,,,,,,,,,,7340,,,,,,,,,,,,,,,,,,,,,,,,,,,,,,,,,,,,,,,,,,,,,,,,,,,,,5372,,753,,,
,,,,,,,5178,,,,,,,1643,,,,,,2698,,4681,,,,,,,,7144,,,,4349,,7627,,,,,,6409,,8200,,3130,,,,7481,,,,,,,,,,,,,,,,,,,3431,5339,,,,1633,,,,,,,,,,,,,,,,,,,452,,,,,,,,,9287,,,,,,,,,,,,,,,,,,,,,,5154,,,,,,,,,,6892,,,,,3154,3829,,,,,,,,,,,,,,,,,,,,4499,,,,,,,,,,,,,,8171,,,,,,,,,,7393,,,,,,,,,,,,,,,,,,,,,,3976,,,,,,,,,,,7346,,,,,,,,,,,9647,,,,,,,,,,,,,,,,,,,,,,,,,,,
,,,,,5957,4154,,463,,,,,,,,,,,,,,,,,,,,,,,,,,,,,,,,,,,,,4367,,,,,,,,,,,,,,,,,,,,,,597,,4444,,,,,2596,,,,,,,,,,2272,,,5710,,7037,,,,,,,,,,,,,,,,,,,,,,,,,,,,,,,,7301,,,,,,,,,,,,,,,,,,,,,,,,,,,,,,,,,,,,,,,,,,,,,,,,,,,,,,,,,,,,4157,,,,,,,,,,,,,,,,767,,,,,,,,,2683,,,,,,,7473,,,,,,,,,,,,,,9757,,,,,,,,,,,,,,,,,,3978,,,,2836,,,,,,
,,,,292,,,,,,,,,,,7566,,,,,,,4955,,,,,6376,,,,,,,,,,,,,,,,,1995,8721,,,,,,,,,,,,1052,,,,,,,,,,,,,,,,,,1216,4050,4687,,3552,,,,,2273,,,,,,,,,,2805,,,,,,,,,,3928,3796,,,,,,3287,,,,7012,,,,,,,,,,4474,,,,8900,6066,,,,,,,,,,,,9986,,780,,,,,,,,,,,,,,,,,,,,,,6225,,,,,,,,,,,,,,,,,,,,,,,,,,,,,,,,2501,,,1284,,,,,,,,5834,,,,,,238,,,,,,,4696,,,,,,2555,,,,3935,,,,,,,,,,8356,,3781,,,,,,,,,,,
,,,,,,,,,,,,,,,,,,,,,,,,,,,,4594,,,,,,,,8827,,,6084,,,,,,,,,,,,999,,,,,,,,,,,,,,,,,,2113,,,7875,,3285,,,,,,3680,7839,,,,,,,,,,,,,4588,,,,,,,,,,626,,,,,,,,,,,,1802,,,,,,,,,,,,,,,,,,,,,,,,,7192,,1890,,,,,,,9311,,,,,,,,,3997,,,,,,,,,,,,,,,,,,2782,,,5819,,,,,,,,,,,,,7743,,,4905,,6302,,,,,,,,,,,,,,,,81,,,,,,,,,,,,,,,,6066,,,,,,,,,,,,9476,6313,,,,,,,,,6891,,1658,
3002,,,8872,,,,,,,,,,,,,,,,,,,,,,,,,,3592,,,,,,,,,,7377,2712,,7463,749,,,,,,,,,,,,3784,,,7850,,,,,,,,3465,,,,,,,,,,,4902,,,,,,,,,,,,,,,,,,,,,,,,,,,,,,,,8112,,9285,,,,,7770,,,,,,,,,,,,,,,,,47,,,773,3315,,,,,,,,177,,,,,,,,8255,,,,,,,,,,5434,,,,,,8397,,,,1953,6229,,,,,,,,,,,,1032,,,,,,4536,,,,,,,,,,,,6068,,,,201,,,,,,,,,,,,,,,,,,,,,,,,,,8098,,,,,,8113,,,,,,,,,,,,,,,
,,9268,,,,,,,,,,,,,,,,,,,,,,,,,,,,,,,,,,,,,,,,,,,,,,,,,,,,741,,,3725,,,,,,,,,,,7110,,,,,,,,9889,,,,,,,,,,1914,,149,,,,,,,,,3082,,,,,,,,9179,,,,,,,,,,6269,,,,,,,,,,,,,9370,,,8138,,,,,,,,,,,,,,,,,,,,,,,,,,,,,,,845,,,9495,,,,,,,,,,,,,,,,,,,,,,,,566,,,,,,,,,,5633,,,,,,,,,,,,,,3832,,,,,,,,,,,6149,,,,,,,,,,,,,,1879,,,,,,7044,,,,,,8836,,,,,1427
,,,6571,7301,,8762,,,,,,9097,8228,418,,,,9791,,,,,,,9514,4941,,,,,,7077,,,,,,,,,,,1732,,,,,,,,,,9970,,,,,,,,,,,,,,8793,8115,,,,,,,,,,7941,4955,,,,,,,,,,,,,,,,,,6768,,,,1849,,,,,,,,,,,,,,,,,,,,6743,,,,,,,,,,,,,,,,,,,,,,,,,,,,,,,,,,,,,,,,,,,,,,,,,,,,,,,,,,,,,,,,,,,,,,,,9696,,,,4083,,,,,,,,,,,,,,,,,,,,2561,,,,,,207,,,,1388,,,,,,,,,,,,,361,,3596,,,,,,,,,,,,,
,,,,,,6326,,,1542,,,,,,,,,,6892,,,,,,,,,7034,,,,,,,,,,,2744,,,,,,,,,,,,,,,,,,,,,,,,,,,,,,,,,1425,,,,2994,,,,,2046,,,,,,,,,,1061,,,3187,,,493,,,,5593,,,,,,8674,,,8102,,,483,,,,,,,1860,,,,,,,,,,,,,,,,,,,,,,6064,,,,,,,,,,3649,,,4980,,4754,3331,,,,,,,,,,,,,,,,4164,,,,,,,,,,,,,,,,,,,,,,,,,,,,,,,,,,,,,,,,,,,,,,,,,,,,,,,,,,,7410,,,,9972,,5422,,,,,,,,,,,,,,4831,,
,6771,,,,,,6596,,,,2549,3744,,,,,7713,,,,,,,,4288,,,,,,,,,,,,,,,,,,,,,,,,,,,,,,,,,,7368,,4559,,,,,,,,,,,,,4030,,,,,,,,,,,,5658,8911,,1527,,,,,,,,,,,,,,1189,,,,,,,,,,,,,,,,,,,,4624,,,,,,,,8385,,,7231,,,,,,,,,,,,,,,,,,,,,5248,,,,,,2837,,,,,8669,,,,,5886,,,,,,,,,,4189,,,,,,,,,3087,,,,,,,,,,,,8032,,2611,,,5113,8935,,,,,,,,,,,,,,,,,6517,3635,,,,,,,,,,,,,,9976,,,,,,,,,,,,,,,1577
1202,,6624,1691,,,,,,,,,,,,,,,,,,,,,,,,,,,,,3143,,,,,,,,,4189,,,,,,,,,,,,,,,,,,,,,,,,,,,,7880,,,,,,,,,,,,,,,,,,,,,,,,,,,,,,,,100,,,,,,,,,4254,,,,,,,,,,,,,,,3481,,,,5992,,,,,,,,,,,,,,,,,,,,,2766,,,,,,,,,,,,,,,,,,,,,,,,,9577,,,,,,,,,,,,,,,4963,,,,,,,,,,,904,,,8354,,,,,,,,,,,,,,,,,,,,,,,,,,,,,,,1094,,,,,,,,,9712,,,,,,,9408,6361,,,
,,,,2801,,,,,,,,,,,,,,,,,,,,6827,,,,,,,,,,,,4761,,,,,,,,,,,,,,,,,,,,,,,,,,,,,,,,,3929,,,,,5466,,,7230,,,,,,,,,,,,,,,1121,,,,,,,,,,,8024,3873,,,,,,,,,,,,,,,,,,5625,,,7181,,,,,,,,,,,,,,,9893,,,,,,,,,,,,,,,,,,,,,,2812,,,,,,,,,,,,,,,1046,,,,,,,4917,,,,,9913,,,,,,,,,,,,,7940,,,2912,,,,,,,,,,,,,,,,,,,,,4882,,,,,,,,,,,,,,,,,,,,,,,,,,,,,
,,,,4296,,,,,,,,3374,,,,,,,,,,,,,,,,,,,,7624,,,,,,2957,,9198,,,,5215,,,,,,,,,6804,,,,,,,,,,,,,,,,2927,,,,,,,,,,,,,,,,,,,,,,,6983,,,2184,,,,,,,,,,,,,,,,7222,,,,,,3949,,7286,,,,,,,,,,,,,,,,,,,,,,,,,,,3126,,3625,,,,1724,,,,,,,,,,,,,,,,2345,,,,,8028,,,,8107,,,,7659,,,,7405,,4838,,5301,,,8999,,,,,,,,,,532,1925,,,,,,,,,7191,,,,,,,,,,,,,,,,,,,,,,,,,,,,,8762,,,,,,5488,3612,,,,,,,
,,7083,,,,,,,,,,,,,,,,,2521,,,,,,,2343,,,,,,,,,,,,8780,,,2009,,,8426,,,,,,,,,,,,,,,,,,,7906,8272,,,,,,,,,,,7113,,,400,,8020,,,,,,,,,4957,,,,,,,,,,1516,,,,,,,,,,,,,,,,,,,,,,,,,,,704,,,,,,,,,,,,,6965,,,,,,,,,,,,,,,,,,,,,,4037,,,,7878,,,,,4688,9039,,,,,,,,7518,,,,,,,,,,711,,,9700,,8777,,,,,,,,,,,,,,,,,,,,,5055,,,7177,,,,,,,,,,,,,,,,,,,,,,,4659,,,,,,1738,,,,,,,,
654,,6881,,,,,,,,,,,,,,,,,,,9043,,,,,,,4490,,,,,1612,9637,2097,,,,,,,,,,,6964,,,5032,,,,,,,2283,,,,9998,,7157,,,,,,,,6248,,,,,,,,,,,,,,3027,,,,,,,,,7876,3461,,,,7305,,,,4003,,,,,,,,,,,,,,,1735,,,,,,,,,,,,9926,,,,,,7930,,,4061,,5412,,,,,,,,6675,,,,,4169,,3525,,,,,,,,,,,,,,,,,,,,1844,,,,,,,,,3591,,,,,,,,,5033,,,,,,,,,,,,,,,,,,8501,,,,,,,,,,,,,,9245,,,,,,,,,,,,,,,,,,,,,,,,,,,,,,1795
,,,,,,,,,,,985,,760,,,,,2803,,,,,,,9841,,,,,,,,,,,,,,,,,,,,,,9605,,,,,,,,,,,6953,9903,,,,,,,815,,4690,,,,,,,,,,,,,,,7373,,,,,,,,,,,,,,,9183,,,,,,,,,,,,,,,,,,6701,,,,,,,,,,,,,,,,,,,,,,,,,,,,,,,,,,,,,,,7675,,,,,,,,,,,,,,,326,,,,,,,,,,6974,,,,,,,,,,,,,,,,,,,,,,,,,,,,,,,,,,,,,,,,,,,,,,6535,,,,,,,,,,,,,8222,,,,,,,,,,,6187,,,,,
,,,,,,,,,,,,4390,,,,,6869,,,160,,,,,,,,4368,,,,,,,,,,,,,,,,,,,,,,,,,,,6014,1770,,,6521,7979,,,,,,,,,,,,,,,,,1368,,,,1131,,,,2738,,,9460,,,,,,1061,,1666,,,5479,,,,,1085,,,,,,,,,,,,,,,,,,,,,,,,,,,,,65,,,,,3143,,,9596,,,,,,,,,,,,,,,,,2035,,,,,,,571,,,,,2960,,,,,7630,,,,,,,,,,,,8371,,,,,,,,,,,,,,,,,,,,,,,,,,,,,2645,,5003,561,,,,,,,,9037,,,,,,,,6832,,,,,,6393,,,,,3347,,8438,,,,,,,1817
,,,,,,,,,,,,8455,,,9680,,1555,,,,,,,,,,,,,,,,,,,,,,,,,,,,,8515,,,5120,,,,,,,5906,,,,,7342,,,,,,,,2750,,,8098,,,,6498,,,6466,,,,,,,,,,,,,,2305,,,6414,,3581,,,,,,,,,,,,,,,,,,,5905,,,,1548,,,,,,,,5758,,,,,,,,2358,,,,,,,,,,,,3,,,,,,,,,,,,730,,,,,,,,,,,,,,,,3407,,,6727,,,,,,,3023,,,,,,1724,,,,,,,,,,,,,,5275,,8939,,,,,,,,,,,,,,,,,,,,,,,,,,,,,,,2517,,,,2877,,,,,,,,,,,9836
,,,,,,,,,,,,,,,,,,,,317,6429,,,,,8295,6128,6294,,,555,,,,,,,3645,,,,,,6426,,,,,7660,,1413,,,,,,7094,,6472,7283,,,,,,,,9308,,,,3659,,6005,6531,,,,,,,,6945,,,,,,,,,,,,,,,,,,7047,,2787,,,,,,,,,,,,,,,,,,,,,,,,,,5571,,,,4961,,,,,,,6396,,,,,1404,,,,,,,,,6456,7199,,,,,,,,,,,,,,,,,,,,,,,,,,,,,,,3825,,,3793,,,,,,,,,,,,,,,,,,,,,7886,,,,,,,,,,7635,,,,,,,,,,,,,,,,,,,,,,,,,,,,,,,,,,,
,,,,,,,,,,,,,,,,,,,,,,,6375,,,,,,,,,1624,,,,,,,,,,,,,,,,,1315,8866,5581,,,,,9934,,,,,,282,4806,,,,,,,,,,9916,,,,,,,,,,,,,,,9360,,,,,,,,,,,1969,1864,,6384,,,,,,,,,,,,3507,,,,,,,,,,2457,,4372,,,,,,,,,,,,,,,,,,,4641,,,,,5514,,,4347,,,,,,,,,,,,,,,,,,,,,,,,,,,,,7203,,,,,,,,,82,,,,,,,,,,,,,,,,,,,,,,,,,,,,,8604,,,,,5209,,,,,,,,,,,,,,,,,,,,,,,,,,,,,,
,,,,,,,,,,,,1764,8804,,,,,,,,,,,9416,,,,,,,8517,,,,,,,,,,,,,,,,,,4342,,161,,,,,,,,,,,,,,,,,,9419,,,,,,,,,,2618,,,7753,,,,,9848,,,,,,,,,,,,1992,1812,,,,,,9469,,,,,,,,,,,,,2052,,,143,3031,,,,,,,,,6949,,,,,,,,,,,,,,,3933,,,,,,,,,,,,,,,,,,,,811,,1977,1645,,,,,,,,,,7637,,,9381,,,,,508,,,,,4643,,,,,,,,,,,,,,6698,,,,,,,,,,,,,,,,,,,,,,,,,,,,,,,,,6985,,,,,,,,,,,,,,,
,,,8663,,,,,,,,,,,,,,,67,,,,,,,2071,,,,,6578,7038,,,,,,,,,,,,,,,2510,,,,,,,,,,,,3044,,,,,,,,,,,,,,,,,,,,3323,6329,2782,,,,4984,2486,,,,,,,,,,1117,,,,,,,,,,,,,,,,,,,,,,,,,,,,,,,,,,,,,,,,,,,,,,,,,,,6553,4902,,,,,,,,,,,,,,,,,,,,,8394,,,,,1106,1378,,,,,,,,,,,,,,,,,,,,,,,,,,,,,,,,,,,,,,,,,,,,7063,,,,7263,,,,,,517,,,,,,3338,,,,,,,,,,,,,,,,,,,,,
,,,,,1239,,,6558,,,,,4399,,1906,,,,,,,,,2451,4463,,,,,,,,9832,,,,,,,,,,,,,,,,,,,,,24,,,,,,370,,,,,,,,,,,,,,,,,,,,,,,,,,,,,,,,,,,,,,,,,,,,,,8560,,,,,5478,3582,,,,,4266,,8402,,,,,,,,74,,,,,,,,3283,,,,,,,,,,,,,,,,,,,,,,,,,,,,,,,,,9441,,,,,,,,,,,6011,,,,,,,,,,,,,,,,,,,,,7070,,,,4281,,,,,,,,,,,,,,,,,,,,,131,6798,,,,,,,,,,6670,,,,,2541,,,8181,,,,,,,,,,,
4369,,,,,,,,7816,,,,,,,,,,,,,,,,,6074,,,,,,,,,,,5508,,8604,,,,,,,,,,,,,,,,,,6864,,,,5495,,,,,,,,,,,,,,,,,,4891,8727,,3015,,5776,8171,,,,,,,,,,1603,,,,,,,,,,,5181,,,,,8750,,895,,,,,,,,,,,,2568,,,6664,,,,,,,,,,,,,,9192,,,,,,,,,,,,,,,,,,,9665,,,,,,,,,,8511,,,,,,,,,,5772,,,,,,,,,,,,5384,,,,,,,,,,,,,4827,,,,,,1061,,,,,,,,,,,,,,,,,,,,,,,,,,,275,,,,,,,,,,,4634,,,,,,
,,,,,,4227,,,,,329,,,,,,,,,1542,,,,,,,,,,,,,,,,,,,,,,,,,,,,,,,,,,,,,,,,,,,,,,8222,,,,,,7758,5404,,,,,,,,,9187,,1751,,,,,,,,,,8129,,,,,,,,,,,,1054,,,,,,,,,,,,,,,,,,,,,,,,,,,,,,,,,,,6416,,,,,7513,,,,,,,,,,,,,1940,,,,,,,,,,,,,,,,,,,,,,4638,,,,,,,,,,,,8522,4455,,,,,,,,,,,,,,5877,,,,,,,,,,,8856,,,,,,,,,,,6295,,,,,,,,,6237,,,,,,,,,,,,,,,,
,,,,,,,,,,,,,7105,,,5522,,,,,5061,,1659,,,,,,,,,,,,6568,,,3373,,,,6955,,,,2290,,,66,,,,4980,,,4028,,,,,5081,,,,,,,,,,,,,,,,,,,,,,,,,,,,,,,2436,,,,,,,,,,,,,,,,,,,,,,,,2753,,,318,,,,,,,,7546,,,,,,,,4078,,1533,,,,,,1197,,6475,,,,,,,,9870,,3734,,,,1446,2342,,,,,,,,,,6243,,,,,,,,,2379,,,,,,,,,,,,,,,,,,,,,,,,,,,,,,,,,,,,120,,,,,,,,,,,7082,,,,,,,,,7283,,,,,,,,,,7056,,,,,,5434,558,4433,,995
,,,,,,,,,,2385,2346,,7692,,,,,,9878,8580,,,,,,,,,,,,,,,,,,,,,6029,,,,,,,,,,,,,,,,,9387,,,,,,,,,,8991,,,,,,,,,,,,,6621,,,,,,9615,,,2004,7607,,,,,,,,,,,,,,,,,,,,6063,,,,,,,174,,,,,1362,,,,,,,,,,,,,,,,8985,,,,,,,,,,,,,,,,,,,,,7831,,,,,,,,,,,,,6933,2449,,,,,,,,3203,,,,,,,,,,,,,,,,,,,,,,,,,,,,,,,,,,,,,,4252,,,,,,,,,,,,,,,5910,,,,,,,7605,,8370,4342,,,,4621,,,,,,
,,,,,,6236,,,,2654,,,,,,,,,,,,,,,,,,,,,,,3871,,,,,,,,,,,,1739,,,,,,,,,,,,,,,,,,,,,,,,7238,,,,,,,1331,1161,,4486,,,,,,,,,,,,,,1953,,,,,,,,,,,1912,,,,,,,,,,,,,,,,,,,,,,,,,9804,,,,,,,,,,,,,,,,,,,5948,,4133,,,,,,,,,,,,4440,5006,,,,,,,,,,,,,,,,,,,,,,,,,,,,,,,,,,,,,,2143,732,,,5654,,,,,9520,,8493,,,,,,,,,4517,,9666,,,,,,,,,,,,,,,,,,,,,,7014,,,,,,,,,,3493
4101,,,,,,,,,,,,,,,,,,,,,278,,,,5161,,,,,,,,,,,,,9187,4488,,362,,4803,,,,,,,,,8812,,,,,,,,,,,,,,,,,,,,,,,,729,,,,,,,,,,,,,,,,,,,,1425,,,,,6251,,,,,,3014,,,,,,,4001,7529,,,,,,,,,,,,,,,8375,,,,,,,,,,,,,5854,,,,,,,3513,6084,,,,,,,,,,,3924,,,,,8497,,,,,5626,,,,,,7867,8350,,,,,5478,,,,3877,,1362,,,,,,,7587,,,,4602,,5916,,,,,,,,,,,,,,,,,,,,,,,,,,,,,,,,,9579,,,,,,,,7135,,,,,,,3268,,,,
,2457,,9718,,,,,,,,,,,,,,745,,,,,8823,6696,,,,,,,,,,1612,,,,,7218,,,,,,,,,,,,,,,,,,,,,,,,,,,4267,,,,4804,,,1825,,,6589,6021,,,,,,5667,,,,,,7786,,,,,,,,,,,,,,,,,,,,,,,,,,,,,,,,,,,,,,,,,,,,,,,,,,,,,,,,3933,,,,,,,,,,,,,,,,,,,5479,,,,,,,,,,,6309,,,2085,,,,,,,,,2165,,,,,,3152,,,,,,,,,,,,,,,,,,,,3915,,,,6379,,,,,,,2957,,,,,,,,,,,,,,8796,,,,,,,,,,,5850,,,,1823,,,
,,,,,4908,,,,1141,,,,,146,,,,,,,,,,,,,,,,,,,,,,,,190,,,,,,,,,,,,,,,,,,,,,,,,,,,,,5778,,,7072,,,,,,7335,,,,,7827,,,,,,,,,3960,,,,,,,,,,,,,,,,,,,,7408,,,,,,,,105,,,,,,,,,,,,,,,,,,7713,112,,,,,,,396,,,,,,,,,,,,,,,,,,,,,,,,,,,,,,,,,,,,,8743,,,,,,,,2129,9589,,,3496,,,,,,,,,,,7115,,7125,,,,,,,,,,,,,,,,,,,,,,6593,,,,,,,,,,,,,,,,,,,,2180,,,,,,,
,,,,,,,,,,,,,,,,,2746,,4416,,,6958,,,,7427,,,,,,,,309,,,,,,,,,,,,,,,,,,,,,,,,,,4900,,,,,,,,,,,,,,,,7661,,,,9649,,,2689,,410,,,,,,,,,,,,,,,,,,,,,,,,,,,,,6414,,,6983,,,,,,,,,9456,,,,,,,,,,,,,,,,265,,,,257,,,,,,,2347,,,,,,,6889,,,,,,,,,,,,,,,,,,,,,,,,,,,,,,9263,,,,,,170,,,,2404,,717,,,,,,,,,,,,2472,,,,,,,,,,,,,,,,,,,,,1627,,,,,,2409,,,,7567,,,,,,,,,,
,,,,,3878,,,,6975,4268,,,,,,,,359,,,,,,4838,9607,,,,,,,,,,,,,,,,,,,,,,,,,,,,,,,,,,,,,,,,,,,,,,,,,,,,,,,,,5659,,,,,,,,,1156,,,,,,,,7963,,,,,,,,6631,1605,,8977,,,,6735,,,,,,,,,,,7089,,,,,9611,,,,,,,,,,,,,,,,,,,,,,,3667,,,,,,,,,6302,,,,,,,8551,,,,,,,,,,,,,,,,,,,,6341,,,,,,,4423,,,,,,,,,,,,,,2469,,7827,,,,,,,,,,9091,,,,,,,,,,,,,,,,,,,,,,,,,,,,,,8272,,,
,,,,5659,,,,,,,,,,,,,,,,,,,,,,,,,,,,,,,,,,7446,,,,,,,,,,7959,,,,,,,,,,,,,6857,,,4164,,,,,,,2567,,,,,7542,,,,9712,,,,4700,,,,,87,,,,6991,,,,,,,496,,,,3345,,7770,,,,,,,,,,,,,,,,,,,,,,,6933,,,,,,,,,,,,,,,,,,,,,,,,,,,577,,,,,,,,,,,,,,,2906,,,,8361,,,5808,,,,,,,,,,,,,,,,,,,2941,,,,,,,,,,,,,,,,7520,,,,,,,,,,1885,,5054,,,,,,4289,,,,,,,,3873,,,,,,,,,,,,,,,,
,,,,,,,,,,,,,,,,,,,8608,,,,,,,,6315,,,8313,,,,,,,,,,,,,,,,,,,,,,,,,,,,4204,,,,,,,,,,,,,,,,,,,,5326,,,,,,1357,,,,,,,,,7781,,,,1927,,,,,,,,,,,,,,,,,,,,,6357,,,,,,,,,,,,,,,,,,,,,,,,,,,,,,,,,,,,2905,,,,,,,,,,3055,9315,,,,,,,,,,,,,,2620,,,,,,,,7180,,,,,,9201,,,,,,,,,,,,,8956,,,,,,,,,,,,5376,,,,,,,6761,,,,63,,,,,,,,,,,,,,,,1247,,,3008,,,,,,,
,,,,6242,,,,,,,,,,,,512,,,,,,7782,,,,,,,,,,,,,,,,,,,,,,,,,646,,,,,,,,,,,9292,,,,,9760,,,,,,,,,,,,,,6657,,,,,,,1351,,4696,,,9139,,,,,,,,,,,,,,9678,,,,,,,,8730,,,,,8777,,,,,,,,,,,,,,,,,,3479,,,,,,,,,,240,,,,,,,,,2856,,,,,,,,,,,,,2692,,,,,,,,,,,,,3314,,,102,,,,,,,,,,,,,,9345,,,,2190,,,,7174,,,,,,,,,771,,,,,4270,6969,1702,,,,,7700,,,,,1658,,,,3597,,,,,,,,,,,,,,,,,,,,,7635
,,,9235,,,,,,,,,,,,,,,,9215,,,,,,,,,,,2995,,9531,,,,,,,,,,,,,,1475,,,,,,,,8194,,,,,,,,,,,3801,,,,,,,,,,,,,,,,,,,1329,,,,,,,,1125,,,,,5377,4356,6516,766,670,5155,,,,,,,,,,,,,,,,,,,,,,,,6660,,,,,,,,,,,,,,,,,,,,,,,,,,,,,,,,,,9139,,,,,,,,,,,,,,,,,,,,,,,,,,2531,,,,,,,,5107,,,,,,,,,,,,,,,,,7798,2441,,,,,,,,,,,,8145,3513,,,,,,,,,,7550,,,,3384,,,,,7285,3558,,,,,,,,,,
,,,,,,,,,,,,,,,,,,9395,,8353,,,,,4694,,6132,,,,,,,,,,,,,,,,,,,,7487,722,,,,,,,,,5294,,,,,,,,,,,,,,9666,2221,9131,,,7251,,,,,,,,,,,,,,,,,,,,,,,,,,,,,,,5153,,,,,,,1100,,,,,,,,,,,7859,,,,,,,5022,,,,,,,,,,5600,,5279,,,,,,,,,,,,,,,,,,,,,,,,9729,,,,,,,,,,5589,,,,,,,,,,,,,,,5960,1804,,,,,,,,,,,,,,,,,,,1997,,,,,,,,4231,,,,,8284,,,,,,,,,,,9452,,,,,,,,,,,,,,,,,,3796
,,,,,389,,2494,,,,,,,,,,,,,,,,,,6683,,,,,,,,8214,,,,4518,,1446,,,,,,,,,6705,,,,,,,,,,,,,,,,,3587,,,,8055,,,,,,,,,,,,,,,,,,,,,,,,,,,,,,,,,,,,,,,,,,,,,,,,,,,,,,,,,,,,,,,,,,,,,,,,,,,,,,5623,,,3137,,,,,,,,7244,,,,,,,,,,,,,,,,5985,,,,,,,,,,,,,,,,,,,,,,1040,,,,,,6795,,2793,,8001,,,,,,,,,,,,,,,,,,,,,,,,,,,,,,,7244,,,,,,,,4932,1906,,,,,,,,,
,,,,,,3021,,,,,,,,,,4969,,,,3826,,5025,,,,4271,7308,,,,,,,,,,,1999,,,,,,,,,,,,982,,,,,,,,1066,8183,,,,,,,,2187,8700,,,9508,,,,5115,,,,,,,,,,,,,,,,,,,,,,,2507,6591,,,2676,,,,,,,,,,,,,,,,,,,,,,,,,955,2601,,,,,,7407,4984,,,,,,,,,,,,8485,,,,936,,,,,,,,321,,,,,,,,,,,,,,,,,,,,,,,,,,9830,,,,,6315,,,1159,,,,,2760,6119,511,,9084,,,,4122,,,,,,,,,,,,,,,,,,,,2806,,,,,,,,,8653,,,,4354,8873,2873,,,,,,,,,,,,,,
7957,,,,,,,,,,,1681,8053,,,,,,,,,,6847,,,,,,,,,,,,,,,,,,,,,,,,,,,,,,,,,,,,,5811,,,,646,,,,,,,,,,,,,,7086,,,,,,,,,,,,,,,,,,,,,,,1311,,,,,,,,,,,,,,,,,,,,,,,,,,,,,,,,,1768,,,,,,,,,,,,,,,,,,,959,987,,,,,,,,,,,,,,,,,,,,,,,,378,,,,,,,,,,,,,,,,,,,,,,,,,1964,,9077,,,,,,,,,,,,,,,,,,,,,,,,2778,,,,,,,,,8411,,,714,,4392,7077,400,,,,,8628,,,,2741,,
,,,,,,,,,,,575,,,,,,,,,,,,,,,,,,,,,,,,,,,,4505,,,,,9050,,,,,,5836,,,,2753,,,,,,,,,,,,,,,,,,,,,2068,,6261,,5146,,,,8199,,,,,4943,,6179,,,,,,,,,,,,,,,,,,,,,,,,,,,,,,,,,,,,,,7386,,5498,,,,1920,,,,,,,,1625,,,1668,,,,,,,,,,,,,,,,,,,,,,,,,,,,,,,,,,,,,,6011,,,,,,,,,3440,,,,,,,,,,,,,,,,,5979,,,,3570,,,,,,,,,87,,,,7943,,,,,7590,,1302,,128,,,,,,,,3398,,,,,,,,,,,,
7365,,,,,5107,6376,,,,,,,,,,,,,,7987,,,,,,,,,3144,,,,,,,,,,,,,,,,,,5975,,,,,,,4556,,,5869,5496,,,,,,,,2029,,,1115,,,,,,,,,,,,,,,,,,,,,,,,,,,,,,,,,,,,,,,7927,,,,,,,,,,,,,3894,,,,3857,,,,,,9665,,,,,,,,,,,500,9047,,,,6282,,,,,,5685,9922,,,9401,,,3953,,,,,,,,,,,,,,8517,,,,,,,,,,,,,,,3033,,,,,,,,8589,,,,,,,,,,4637,893,6885,,,,,,,,,,,,,,,,,,,,,,416,,,,,,,,,,,,9933,,,,,,,,,,,,
,,,5886,,,,,,,,,,1308,,,,,,,,,,,,,,,,,,,,,,,,,9734,,,,,,,,,,,,,,,,,,,,,,,,,,,,,6576,,,,,,,,,,,,,,,,,4396,,,7491,,,,,,,,7599,,7366,,,,,,,,,,,3938,,,,,588,,,,,,,,,,,,,,,,,,118,,9089,3560,,,,,,,,,,,,,8937,,,,,,,,,8802,,,,,,,,,,,1378,,,,,,,,,,,,,,,,4194,,,,,,,,,,,,,,,,,,,,,,,,,,,,,,,,,,,,8302,,,,,6686,,,,,,,,,,8417,,,,,,,,,,,7703,,,,,138,,,,,
,,,,,,,,,,,,,,,,8820,,,,,,,,,,,,,,809,,,,,,,,,,,,,,,,,,,,,,,,,,,,,,,,,5109,,,,,,,,,,,,,,,7145,,1670,,,,,,,,4001,,,8834,,,,,,,,,,,,2590,,,,6665,,,,,,,,8839,,856,,,,,,,,,,,,,,,,,,,,,,,,,,,,,,1383,,,,,,,,,,,,,,,,,2362,,,,,,,,,,,6488,,,,,,,,,,,,7525,,,299,,,,,,,,,7124,,,,,,,,6759,,,,,,,,,,,,,,,,5012,,,,,,,,,,,,,,4201,,,,,,,,,,,,,,,6269,,,
,8861,,,,,,,,1158,,,,,,,4002,,,,,,,,,,,,,,,,,,,,,4775,,,,,,9494,,,,,,,,,,9381,,,5771,,,3184,,,,,,,,,,,,,,,,,,,,,,,,,,,,,,,,,,,,,,,,,,,,,,,,,,3980,,,,,,,6325,,,,,,,,,,,,,,,,,,,8970,,,,,,,,,9868,,,,,,,,,,,2004,,,,,,,,9709,,,1217,,1937,,,7710,,,,,,,,,,,,,,,,,,,,,,,,,,,,,,,,7394,,,,,,,1443,,,,,,,,3358,,,5166,,,,,,,,,,,,,,6058,8464,,,,,,,,,,,,,,2855,6088,,734,,
,,,,,,,,,,,,,,,,,,,,,,5872,,,,,,,,,,,,,,4938,,,,1840,,,,6350,,,,,,,,,,,,,,,,,1372,,,,,,,,,,9482,,,,,,,,8230,,,,,4443,,1088,,,,,,,,,3152,,,,,,,,,,,,,,,,3335,,,,,,,,,,,5410,,,,,,,,,5750,,,1417,,,8002,,,,,6674,,,,,,,,,3234,,,,,,,,,,,3829,,,,,,,,,,,,,,,,,,,,1274,,,,9204,,,,,,,,481,,,,,,,,9636,,,,,,,,,,,,,8684,,,,,,,,,,,,,,,,72,,,,301,568,,,,,,,,,,,,,,,,,,,
,,,,,,,,,,,,,,,,,,,,,,,,,,,,,8001,,,,,,6524,,,,,,,,,8174,9612,,,,,,,,7959,2389,,,,,,,,,,,,,,,,,,,,,,,,,,,8004,,,,,4928,,,,,,,,,,,,,,,,,,,,,,,,,,,,,,,9154,,,,,,,245,,,,,,,,,,,,5944,,6395,,2633,,,,4206,,7852,,,,,,,,,,,,,,,,,,,,,,,4097,,9807,,,,,,,,,,,,,,,607,,,,,,,,,,,,,,,1785,,,,,,976,6159,,,,,,,,,,,,,,,,9470,,,,,,,,,,,,,,,,,,7135,,,,,,,,6537,,,,8432,
,,,,,,,8813,,,,,,,,,,,,,,,,,,,,4729,,,,,,2577,,,,,,,,,,,,,,3178,150,,,,5022,,,,,,,,,,,,,,4671,,,,,,,,,,,,,,,,,,,,,,,,,3910,,,,,,,,,,,,,,1298,1844,,,,,,,4915,,,,,9355,,,,7906,,,,,,,,,,,6762,,,,9494,,,,,,2622,8519,,,,,,,,,,,,,2066,,,,,,,,,,7951,,,,,,,,,7682,,,,,,,,9914,,,,,,,,,,,,2886,8639,,,,,,2156,,6748,,,,,5709,,,2194,,,,9130,7293,,,,,,,,3200,,,,,,,,,,,,,,,,,,7574,,,,,,,7255,,,,
,,,,,,,,,,,,,,,,,,,4305,,,,6186,,,,,,,,,,,,4002,,9528,,,,,,,,,,,,,,,,,,,,,,,,1227,,,,,,,,,5310,,,,,5935,7103,,,,,,,,,,,,,,,,,,,,,,,,,3934,,,,,,,,,,,,,,6713,122,,,,,,,,,,,,,,,,,,,,,,9427,,,,7248,,,,,,133,,,,,,,,,,,,,,,,,,,,,,,8484,,,,,695,,,,3541,3170,8024,,,66,,,,,,,7338,,,,,,,,,4840,,,7893,,,6285,,5327,,,,,,,,,,4901,,,,,,,,,,,,,,,,,,,7703,,,8967,,,,,7508,,,,,,,,,7229
,,,,,,,,,,,8041,,,,,,,,,,,,,,,,,,,,,,,,,4440,7683,,,,,,,3602,,,,,,,,,,,,,,,,,6242,,,,,,,,,,,5550,6686,,,,,,,,,,,,,,,,3277,,,,,,,,,,,,,,,,,,7676,,,2464,,,,,,,,,,,,,,,7764,,2455,,5450,,,,918,,,,,,,,,,,,,,,,,,,,,,,,,,,,,,,,,,,,,,,,,,,,,,,8144,,,,,,,,,,,,4565,,,,,8015,,,3195,,,,,,,,,,,,,,,,,,,,,,3477,,,,,,8248,,,,6043,,,,,,,,,4433,,,,,,,,,,,,,,
,,,,,,,,,,,,,,,,189,,,,,,,,,,,,,3678,,,,,,,,,,,,,7728,,9017,,,4695,,,,,,,,,,,,,,,,,,,,,,,,3907,9091,,,1375,,,,,,,,2588,,,,,,,,,,,,,,,,,,,,,,,,,,,,,,,,,,,6147,,,,,,,,,,1594,,2862,,,,,,6444,,,,,,,2267,,,,,,,,,2402,4018,,,,,4180,,,,,,,,,3097,,,,,9108,,,,,,,,,,,,,4055,,,,,,,,,,,,9115,,,,,,7386,,,2527,,,,,,,,,,,,,,,,,,,,,,,8010,,,,4361,3558,,,,,,,,,,,,5063,,,,,,,,,
,,,,,,,,,,,,,,7310,,,,,,,,5388,,,,,,150,,,,,1886,,,,,9076,,,,,,,,,,,,,,,,,,8925,,,,,,,,,,,5445,,,,,,,,,,,,6296,,6987,,,,,,,,,,,,,,,,,,,,,,,,,,7409,,,,,,,,,,,,,,,,,,,,,,,,,,,9102,,,,,,,,,,,,,,,,,,,,,,,,,,,,,,8778,,,,8356,,,,,,,,7399,3027,,,,,,,,,,,,,,,,,1315,,,,,,4457,9711,,,,355,,,,,,,,,,,,,,,,,,8445,,,,,,,,444,,,,,,,,,,,,,,,,,,,,,,,,
,,,,,,,,,,,,,,,,,,,,,,,,,,,,6968,,,,,,,,,,,,,,,,8183,,,,7357,,,,,,,,,,1748,,,,,,,,,,,,,,,,,,,,,,,,2668,,,,,,,,,,,,,,,,,,,,,,,,,,,,,,,,,,,,,,,,,,,5247,,3266,,,,,,,,,,7907,,,,,3730,,,,,,,,,,,,,,,4626,,,,,,,,3454,,,,,,,,,,6733,,,,,,,,,,,,,,,,,,,,,,,,,,,,,,643,,,,,,,,,,,,,,,,,,,,,,,7554,,,2520,,,4976,,,,,,,,,6135,,,,,2973,,,,,,,
,261,,,,,,,,,798,,,,,,,,,,,,,,,,,,,,5575,,,,,,4287,,,6709,,,,,,9587,,,,,2312,,,,,,,,,,,,,,,,,,,,,,,,,,,,,998,,,4657,,,,,,,,,,,,,,,,,,,,,,,,,,3540,,,,,,,1933,,,5030,,,,,,,9929,,,,,,,,,,7470,,,,,,,,,,8493,,,,,862,,,,1222,,,517,,,9747,,,3209,,,,,,,,,,1914,,,,,6093,,,1508,7786,,,,,,,,,,,,,,,,,,,,1527,,,,,,,,,,,,,,,,,,,,,,,,,,,,,,,,,,,,,,,,,,,,,,,,,,,,,
,,,,,,,,,,,,,,,,,,,,,,,,,,,,,,,,505,,,,,,,,,,,1685,,,,,,,,,,,,,,,,,938,,,,,,,,,,,,,,,,,,,,,,,,9967,,,,1359,,,,,,9937,,,,,,,,,,,,,7909,,,,,,7459,3033,,,,,,,,,,,,,,,,8124,,,2046,,,,,,,,,,,,,5827,,,,6575,1290,,,,,,,,,,,,4999,,,,,,,,,,,,,,3122,,,,,,,,,,1690,,,,,,,,8476,,,,,,,6758,,,,,,,,,,,,,,,,4158,,,,,,,,1960,,,,,,,,,,,,,,,,3681,,,,4763,3,,,,,,,,
,,,,6113,,,,,,,,,,,,,,,,,,,,,,,,4372,,9499,,,,,,,,,,,,,,,1001,,,,,,,,,9000,,,,,,,,,,,,,,2015,,,,,,,,,,,,,,,,,1503,,,,,,,,,,,,,,7138,,2500,,,,,,,,,,,4714,,,,,,,,7173,,9291,,,4583,,,,,,,,,,9755,,,5922,5680,,,,,,,,,1140,,,,,,,,,,,323,,,,,,,,,,,,,,,7911,,1511,,,5264,,3096,,,821,,,,,8199,,,,,,,,6415,,,,,,,,,,,,,,,,,,,,,,,,,,,,,,,2748,,,,,,,,,3730,,,,,,,,,,,,,,,,,,
,,758,,,,,,,7387,,,,,,,,,,,9974,,,,,,,,,,,,,,,,,,,,,,,,,,4867,,,,2755,,,,,,,,,,,4565,,,813,,,,,3271,464,,7480,,,,,,,,,9778,,,,,,,,,,,,,,,,,,,,,,8730,,,,,,,,,,1310,,,,,,,,,,,,,,,,,,,8438,,,,,7596,,6039,,,,,1639,,,,,,,,,,,9971,,2499,,,,,,,,,,9043,6004,,5179,,,,,,,,,,,,,,,,,,,,2458,,,,1253,,,,,,,,,,,,,,,,,,,6631,,,,,,,,,,,,,,8875,,,,,,,,,,,,,,,,,,,,,,,,,,,,
,,,,,,,,,,,,,,5658,,,,,,,,,3617,,,,,,9554,,,9916,,,,,,,,,,,,,,,,,,,,,,,,,,,,,,,,,,,,,,,,,,5325,,2076,,,6037,,,,,7558,,,,,,4502,8058,,,,,,,,,,,,,,,,,,,,,,,,,,,,,,,,,,,,,,,,,,,,,,,,,,,,5633,,2126,,,,,,,,,,,,,,,,4333,,8461,,,5893,,,,,,,,8090,,,,,,9711,,,,,,6376,,,,,,,,,,,,,511,,,,,,,,,,,,,,,,,,,,,,,,6864,,,,,,,,,,,,,,,,,,,,,,,,8332,2433,,,,,,,
,,7312,,9603,,,,3260,,,,,,,,,,,,,8947,,,,,,,,9473,,,,,,,,,,,,,,1979,,,,,,,,,1742,,,,,,,,,,,,,,,,,,,,,,,,8064,,,,,,,,,,,,,,,,,,,,,,,,,,,,,,,,,,,,,,7614,,5865,,,,,4294,5581,,,,,,,,,6291,,,,,,,,,,,,,,,,,,,,,,,,,,,7733,,,,,,,,,,,,,,,,,9951,,,,,,,,,,,,,,,,,2281,,,,,,,,,,,,,,,,,9234,,,,,,,,,,,,,,,,,,,,,485,,,,,,,,,,,,,,,,,,,,,,,,,9320
,,,,,9672,,,,,,,,,,,,2753,5059,,7909,,,3406,,,,,,,,,,,,,,,,,4416,,,,,1125,,,,,,,,,,,,,,,,,,,,,7794,,,,,,1728,,,,,,,,273,,,,,,,,,,,,,,,,,,,,,,,,,,3221,,,,,,4466,,,,,,,7566,,,,,,,,,,,6183,,,,,,,,,,,,,,,,,,,,,,,7396,,,,,,,,,,,,,,,,,,,,,,,,,,,,,,,,,8252,3518,,5500,,,,,,,,,,,,3884,,,,5248,,,,,,,,,,,,,,,,8934,,1312,,,,1102,2797,,,,,,,5963,,,,,,,,,,,,1967,,,,,,,,4763
,,,,,,,,,,,,,,,,,,,,,,,5702,,,,6836,,,,,,,,,,,,,,,,,,,,,,,,,,,,,,,,,,,,,,,,,,,,,,,,,,,,,,,,,644,,,,,,,,,,,,,,671,,,,,,1870,,8011,,,,,982,,,,,,,,,,,,,,,564,,,,,,,,,4456,,,,2683,,,,,,,,,,,,,,,,,,,,,,,,,,,,,,,,,,,,,,,,,,,,,,,,,,,,,,,,,4969,,,,,,,,,,,,,,,,,,,,,,,,9667,,,,,,712,,,,,,,,,7888,,,,,,,,,,,,,,,,3631,,,,
,,,,,,,,,,,,,,,,1292,,,,,4015,,,,,,,,,,,,,,,5036,,,,,,,,,,,,,,,,,,,,,,,,,,,,,,,6893,,,,,,,,,,,9446,,1969,8299,,,,2424,,4472,5539,,,,,,,,,,,,,25,,,,,7748,,,,,,,,,,,,,,,,,,,,,,,6244,,,,,,,,,,,,,,,,,,,,9856,,,,4402,,,,,,,,,7791,,,,,,2395,,,,,,6515,,,,,,,,,,,,,,,,,,,,,,,,,4752,,,,,,,,,,,,,,,,,,,,7249,,5203,,,,,,,,,,,,5460,,,,,,,,,,,,,,,,,,,,,,
,,,,,,,,,1249,,,,,,,,,149,,,,,,,,,,,,,,,,,,2540,,,,,,,,,,,,,,8958,,,,8968,7361,,,,,,,,,,,,,,,,,,,,,,,,,5175,,8500,,,,,,,,6819,,,,,,,,,,,,,,,,,,,,,,,8872,,,,,,,,8602,,,,,,,,2481,,,,,,,,,,,,,,,,,,,,,,,,,3686,,,,,,,,,,,,,9970,,,,,,,8162,,,,,,,,,,,,,,943,,,,,,,,,,,,5109,,,,2530,,,,,,,,,,,,,,,,,,,,,,,,,7041,,,,,,,4585,,,7813,,,,,,284,,,,,,,,,7343,5851
,,,,,1703,,,1856,,,,,,,,,,,,,,,,,,,1879,,,,,1685,,,,,,,,,,,,,,,,,,,,,,,5594,,,,,,,,,,,,9823,,4394,,,,,,,,,,5332,,,,,,2639,,,,,,,,,,,,,,,,,,,1456,,,,7585,,,,,,,,,,,,,,,,,,,,,,,,,,,,4633,,,,,1459,,,,,,,,,,,,,,,,8568,,,,,,,,,,9343,,,,,,,,5768,,,,,,,,,,,,,,,,,,,,,,,,,,,,,,,,,,,,,,,,,,9698,,,,,,,,5178,,,,,,,6759,,,,,9075,,,,,,,,,,,,,,,,,,
,,3222,,,,,,,,,,,,,,,,2642,,,,,,,9588,,,6417,,,,,,,,,,,,,6613,4016,6984,1208,,,,,,931,,,,,,,,,,,,,,,,,,,,,,,,,,,,,,,,,,,,,,,,,,,,,,,,,,,,,,,,,,,,,,,,,,,,,,,,,,1476,,,,,,,,,,,,,,,,,,,,,,,,4943,,,,4659,,,,,,,,,5122,,,,2645,8371,,,,,,,,,,,,,,,,6928,,,,,,,,,,,,,,,,,,,9961,,,,,,,,,,,687,,,,,,,,,,,,,,,,,,,,4576,,,,,,,,,,,,,,,,,,,,,8384,,
,,,,,2677,,,,9057,,2323,,,,,,,,,,,3674,,,,,541,,,,,,4468,,,,,,,,,,,,,,,792,452,,,,,,,,,968,,,,,,,,,,,,,,,,,,,,,,,,,,,,,,,,,,,,5670,,,,,728,,,,,,,,,,9607,,,,2873,,,,,,,,,,2584,,,,,,,,,,,,,,99,,,,,,,,,,,,,,,,,,,,,,,,,,,,,,4582,,,,,,,,,,,,,,,,,,,,,,,,,,,,,,,,,,,,,1910,,,,,,,,,,,,,,,,,,6280,,,,,,,,,,,,,,,,,,,,,,,,148,,,,1134,,,,,
,,,,,,,,,6193,,,,,2004,,,,,,,,,,,,,,,,,,,162,9627,9274,,,,,,,,,,,2429,,,,,,,9417,,,,,,,,,,,,6470,7512,,,,,,,,,,8109,,,,,,,,,,3731,,,,,,,992,,,,,,,,,299,,5217,,,,,,3373,,,,,,,,,,,,,,,,,3706,,,,,,,1901,,,,,,,,,,,,,,,,,,,,,8546,,,,,,,,,,,,7081,,,,,,,,,,,,,,,,,,,,,,,,,,,,,,,,,3232,,,,5758,,,,,,,,,,,,,,,,,,,,,,,,,,,,,,9985,8236,5874,,,1611,,,,,,,,,,,,,,,,
,,,8562,,,,,2254,,8507,,,,,6408,,,,,,,7792,,,,1232,,,,,,,,,,,,,,,,,7175,,,,,,,,,,,,,,,,,,,,,,,,,,,,,,,,2429,,,,,,,,,,,,,8732,,,,,,,,,,,9280,,,,,,,,,7660,,,,,,,,,,,,,,,,,,,,5275,5458,,,9124,,,,,,,,,,,9220,,,,,727,,,,,,8093,,,,,,,,,411,6848,,,,,,,,,,,,,8400,,,,,,,,,,,,,825,,,,,,,,,8909,,,7799,,,8500,,,,,,,,,,,,,,,,4896,,,,,,,,,,,,,,,,4313,,,,,2878,,6780,,,,,,,,,,,
2575,,,,,,,,,,,,,,3459,,,,,,,,,,,,,6026,,,3623,,,,,,,,,,,,,,,4579,,,,,,,,,4593,,,,,,,,,,,,,,,,,,,,,,,6480,,1605,,,,,,,,4379,5065,,,,,,,,,,,,,,,,,,,,,,7844,,,,9996,,6117,,,,,5010,8079,,,8342,,5393,,,,,,,,,,,,9163,,,,,,,,,,,,,,,5692,4417,,8318,,,,,,,,,,2136,500,,,,,,,,,,,,,,,,,,,4611,,,,,,,,,,,,,,,,,5759,,,,,,,,,2692,1805,,,,,,,,,,,,,,,,,,,,91,1877,,,,,,,,,,,,,,,,,6070,,,
,,,,,,,,,5572,,,,,3683,,,,,,,,,,,,,,850,,,,,,,,,,,,,,,,,,,,,2113,,,,,,,,,,,,,,,,,,,,,,,,,,,,,,,7974,5308,,,,,,,,,,,,,,,8268,378,,,3125,,,201,,,,,,,,,,,,,,6629,,,,6751,,,,,,,,,,,,,,,,,,,,,,,,,,,,,,,,,,,,,,,,,,7256,,,,,,,,,,,,,,,,,,,3412,,,,,,,,,,,,,,,,,,,,,,,,,,,,,,,,2736,5560,,,,,1262,,,1382,,,,,,1377,1494,,,,,,,,,1334,,,,,,,,5306,,,,,,,,
,,,,,,,,,6314,,,,,,,,,,,,,,,,,,,,9522,,,,,,,,,,,,,,,,,,,,,,,,,,,,,,,,,,772,,,,,,,,,,,,,,,,,,,,,,,,,,,,,2399,,,,,,4700,705,,,,,,,,,,,,,,5743,,5443,,,,,,,,4838,,,,,,,,,1311,,,5681,,,,,,,,,,,,,,,,,,7539,,,,,5944,,,,4570,,,,,,,,,,,,,,,,,,,,,,,,,,,,,,,,,,,,2943,,,,,,,,,8158,,,,,,,,5125,,,,,,,,,,,,,,,,,,,,,,1052,,,1951,,,,,,,,,,,,,,,9801
,,,8916,,,,,,1128,,5212,,,,5610,,,,,,,5252,,,,,,,,,,,,,,,,,,,,,,,,,,,,,,,,,,,1539,,,,,,,,,,,,2716,,,,,,,,,,,,,,,,,,,,,,,,,,,,,,,7540,,,,,4691,,,,2211,,,,,,,,,9083,,,,,,,,,,,,,,,,,,,6565,,,,,,,,7093,9204,,,,,,,,,,,,,,,,,,,,,,,,,754,,,,,,,,,,291,,,,8796,,6711,2921,,,,,,3836,,,4905,,,,,,,,,,,,,7076,,,,,,,,,,,,,,,,,,,,,,,,,,,,,,739,,3810,,,,,,,,,,,,,
,194,3088,,,,9075,,,,,,,,,6143,,3605,,,,,,,,,,,,,,,,,,5827,,,,,,,,,,,,,,,,,,,,,,,,2718,,,,,,,,,,,,,,,,,9498,,7304,,,,,,,,,,,1035,,,,,,,,,,,,,5164,,,,,,,,,,7721,,,,,,,,5540,,,,,,,,,,,,,,2358,,,,5531,,,,,,,,,,,5656,,,,,,,,,,,,,,,,,,,471,,,,,,,,8143,,,,,,,,,,,5997,,,,730,,,,,,2283,,,,,,,,,,,,,,,,,,,,,,,,,,,,,7895,,3540,,,,,,,,,,,,,,,,,,,,,,,,,,,
,,,,,,,36,,,,,,,,,,,,,,,,,,,,,,2310,,,,2354,,,,,8048,9784,,,1798,,,,,,,,9742,,,,,,,,,,,,,,,,,,,,,,,,,7447,,,,,,,,,,,,,,,,,,,,,,,,,,,,,,,,,,,,,,,,,,,,,,,,,,,,,,,,,,,,,,,,,,,,,,,,,,,,,,,,,,,,,,,,,,6263,2816,,,,,,,,,,,,,,,,,,,,,,,,,,,,,,,,,,2738,,,,,,,,7598,,,,,,3809,,335,,,,,,,,,,,,,,,,,,,,,,,,,,,,,,,7494,6605,,,,,,,
,,,,,,,,,1300,,,,,,4701,,,,,6461,,,,,,,,,,,,,,,,,,,,,7636,,,6854,,,4790,,,,,,,,,,,,,,,,,,,,,,,,720,,,,,9335,,,8606,,,,,,6533,,,,,,,,1831,,,,,,,4650,,,,,,,,,,,,,,,,,,,,,1960,,,,852,,,,,,,,,,,,,,,,,,,,5377,,6066,,,,,,,,,,8116,,,,,,,,,8017,,,,,,4918,,,,,,,,,,,,,,,,,,,,,,,724,,,4773,,,,,,,,,,,988,,,,,6246,,,,,,,,,,,,,,,,,,,9321,,,,,,,,,,,,,,,,,,,,,,
,,,,,,,,,,456,,,5657,,,,9290,,,,,,,9128,,,,,,,9414,,,,,,,,,,,,,,,,,,,,,,,,3483,,4933,,3214,,,,,,,,,,,9315,,,,,,,,,,,,,,,8050,,,,,7834,,,,6679,,,,,,,,,2107,,,,,,,,,,,5743,5139,,,,,,,,5238,,,,,,,,,,,,,,,,,,,,8818,,,,,,2814,,,6447,3840,,,,139,,,,4061,,,5793,,,,,,,,,,,,,,,,,,,,,,,,,,,9551,,,7968,,,,,4749,,,,,,,,,1871,,,,,,,,,,,,,,,,,,3274,,,,,,,,,,8201,,,,27,,,,,,,,,6597,,,,,,9008
,,,,,,,,,,,,,1768,,,,,,,,,2249,,,,,5585,,4732,,,,,,,,4536,,,,,,,,,,,,,,,8781,4070,,,,6989,1197,,,,,,,,,,4912,,,,,,,,,,,,,,,,7509,,,,5253,,,,,,,,,,,,,,,,,,2192,,,,,,,,,,,,,,,,,,,,,,,,,,,5686,,,,,,1612,,,,,,,,,,,,,,7208,,,3748,,,,,,,,,,,,,,,,,,,,,,,,,,,,,,,,2365,,,,,,,,,,,,,,,2308,,,,,,,,,,,,,,,,,,,,,3614,6740,,,,6200,,,,,,,,,,,,,,,,,,,,1412,,,,,,
,,,,,,3096,6473,,,,,,,,711,,,,,,,,,,,,,,,6559,,,,,5424,,,,,,,,,,,,893,,,763,,,,,,,,,,,,,,,,,,8585,,,,,,,,5171,,,,3143,6001,,,,2399,,,,9366,,2884,,,,,,,,,,,,,,6818,,,7599,,,,,,,,,,,5761,7372,,,,,,,,3246,,4495,,,,8065,,,,,,,,,,,,,8846,,,,,,,,,,,,,,,,,,,,,,,,,,,,,,886,3489,,,,,,,,,,,,,,,,,,,,3677,,,,,7650,,,,,,,,,5702,,,,,,,,2429,,,,,,,,,,8049,,,,,,,,,,,,,,,,,,,,,,,,,
,,,,,,5610,,,,,,,9971,,,,,,,,,,,,,,,,,,,,,,,,2959,,,,,,,,,,,,,6937,,,,,,,,5044,,2412,,,,,3024,,,,,,,,,,,516,,,,,,,,3522,,,,,,,,,,,,,,,,,,,,,,,1347,,3783,,,,,,2111,6300,,8066,,,,,,,,,,,,6427,,,,,,,,,1116,9632,3884,,,,,,,,,,8135,,,,,,,,,,3759,,,,,,,,,,,,,,3928,,,,,,,,,,,5988,,7360,2152,,,,,,,,,,7040,,,,,5890,,,,,,2959,,5478,,,,,,,,,,,,,,,3437,,,,,,,,,,,8436,,4458,,,2158,,,,1388,,,,,,,,
,,,,,5572,,,,,,,,,,,,,,,,,,,,,,,,,,,7150,,5981,,3082,7719,,,,,,1629,,,,,,,,,,,,,,1018,,,,,6208,,,,,,,,,,,,,,,,,,6083,,,,,,,9862,,,,,,,,,,,,,,,,,,,,,,,,,,,,,,,,,,,,,,,,,,,,,907,,,,,,,,,,,,,,,,5049,,,,,,,,,,,,,,,,,,1251,,,,,,,,,,,,,,,,,,,,,,,,,,,,,,,,9374,,,,,,9716,,,,,,,,,9147,,7754,,,3579,,,,,,,,,,,,3939,,,,,,,,,,,,,,,,,,,,,,,,,
,,,,,,,,,,2101,,,,,,,,,,,,,,,,,,,,,,,,,,,,,,,,9342,,,,,,,,,,,,,1817,,,,,7621,,,,,,7932,,,,,,,,,,,,,,,,,9277,,,,,,,,,,,,,,4120,,,,,,4978,,,,,,9938,,,,,,,,,,,,,,,,,,,,,,,,,,,,,,,,,,,4621,,,,2802,,,,,,,,,,,,,,,982,,,,,,,,,,,,,,,,,2976,,,,,,,,,2509,,,,,,,9835,,,,,,,,,,,,,,,,,,,7245,,,4317,,,,,,,,,,,,,,,,,,,,,,,,,,,,,,,,,,,,1836,
,,,,7702,,,,,,,,,,,,,,1119,,,,,,,,,,,,,,,,,,,,,,3849,,,,,,,,,,1554,,,,4736,,,,,,,9263,,,,,5004,,,681,,,,,,,,9073,,,,,,,,,,,7293,,,46,,,,,,,6176,,,8836,,,,,,,,,,,,,,,9652,,,,,,,,,,,,,,,,,,,,,,,,,,6993,,,,,,,,,,,,,,,6619,,,,,,,,,,,,,,,,,,,,,,,,,,,,9750,,,,,,,,5700,,,,,,,7777,,,,,8281,,,,,,,,,,,,,,,,,1544,,,,,,,5296,,,,,,,,,,,,,,1360,,,,,,,,,9843,,,
4377,,,,,2452,,4302,,,,,,,,4849,,,,,,3576,,,,393,,,,,,,,,,,,,,,,,,,,,,,,,7627,6587,,,,8528,,5137,,,,,,,,,,,,,,,,,,,,,8202,,,,,,,,,,,,,,,,,,,,,,,,,,4085,,,,,9428,,,,,,,,8091,,,1227,,1878,,,,,,,440,9329,,,,,1811,,,,,,,,,,,,,,,,,,,,,,,,,,,8808,6590,,,,1126,,,,,,,,,,,721,,,,,,,,,8653,,,,,,,,,,,,,,5871,,,,,,,,4575,,,,,,3504,,,,6867,,,,2743,,,,,3171,,,,,,,,,,,,,6528,,,,,,,,,,,,,,
,,,,6138,,,,9934,,,,,,,949,,,,,,,,,,,,,,,3805,,,,,,,,,,,4632,,,,,,,,,,,9040,3225,,,,,,,,,,,,,,,,9526,1139,,,,,,,,,,,,,,,,,,,,,,,,,,,,,4087,,4004,,,,,,,,,,,,,,,,,,2772,,,,2008,8640,,,,,,,,,,,,5894,,,,,,,,,,,,8179,,,,,,,,,,,,8035,,,2479,,4569,,,,,,,,,,,,,,,,,,,,,,,,,,778,3742,,,,,,,,,,,,,,,,9059,,9071,,,,,,,,,,,,,,3438,,,,,,,,,,,,,,,,,3919,,,,,,,1720,,,,,9178,,
,,,,,,507,5752,351,,,,,,,,,,,,,,,,,,,,,,,,,,6738,,,,,,,,,,3068,,,,,,,,,,,,,8940,,,,,,,,,,,,,,,,,,2284,,7537,,,,,,,,,,,,,,8426,,,3986,,8210,,,,,5797,,,,,,,,,,,,,,,,,,,,,,,,,,,,,,,,,,,9713,,,,,,,3543,,,,,,1400,,7310,,,,,,,,,5593,,,,,,,,,,,,,,,,,,,,,,,,939,,,,,,,,,,,,,,,,5485,,,,,,7243,,,,,,,,,,,,,5613,,,,,,,,,,,,,,,,,6805,,,,,,,,,,,,,,,,,,,
,,,,,,,,,,,,,,5984,,,7018,,,,,8461,,,,,,,,,3552,,,8936,537,1555,328,,,,,,,,,,,,,,,,,,,,,,,,,,,,,,,,,,,6278,,,,,,,,,,,,,,,,,9026,,,,,,,,,,,,,,1517,,,,,2492,,,,,,,,1188,,,,,,,,,1366,,,,,,,,,,,3103,,,,,,,,,,,,,,,,,,,,,,,,,,,,1257,,,,,,,,,,,,,,,,,,,6913,,,,,9377,,,,,520,,7926,5538,,,,,,,3539,,,,,,,,,,,,,,,,,,,,572,,,,,,,,,,505,,,,,,,,,,,,,,,,7103,,6456,,,,
,,,1265,,,8750,,,,,,,,,,,,,,,,3771,,,,,,,,,,,,,,,,,,,,,1714,,,,,,,,,,,,,,,,,,,,,,,,,,,,,,,,,,2205,,1178,,,,,,,,,8611,3088,,,950,8474,,,2964,,,,,,,,7928,,,,,,,,,,,,,,,,,,,,,,,,,,,298,,,,,8230,,,,,,,,,,,,,5866,,,,,,1132,,5366,,,,,,,,,7833,,,7038,7851,,,,,,,,,,,,,,,,,,,,,,,,,,5112,,,,,,,,,,,,,,,,,,,,,3255,,,,,,,,,,,,,,,,,,,,,,,,,,,,,,,,,,,3863,,8397,
,,,,,,,1714,,,,,,4402,1219,,,,,,,,831,,,,,,,,,,,,,,7633,,,,,,,4538,,,,,,,,7788,,,2018,,,1982,,,,,,,,,,,,8762,,6115,,,,,,,,,,,,,,,,,,5523,3885,,,,,,197,,,4125,,,,,,,,9039,,,,,,,,,,,,,,,,,,,,,,,,,,,,,,,,,,,1386,,4266,,,,,,,,,,,,,,,,,,,,,,,,3253,,,,,,,,,7023,,,4886,,,,,3017,,,,1038,,,,7723,,,,,,,,,2526,1529,,,,,201,,,,,,,6326,,1009,,4953,,,,,,,,5894,,,7294,,,,,3882,,,,,,,,,,2331,,,,,,,,,7825,
,,,,,,,9685,,,,,,,,,,,,,,,,,,,,,,,,,,,,,,,,,,,,,,,,,1396,,,,,,,,,,,,,,,,,,,,,,8253,,,,,,,,,,,,,,,1388,,,,,,,884,,,,,,,,,,,,,1264,,,,,,,,,,,,,,,422,,,9391,,,,,,,,,,,,240,,,,,,,,,,,,3955,,,,,,,,,,,,,,,,,,8609,,,,,,,,,,,,,,,,,,,,,,,,1235,,,,,5755,,,,,,,,,,,,,,,,,,,,,,,,,,,6758,,,,,,,,,,,,,,,2870,,,6167,,,,,,,,,,,,,,,,
,,,474,,,,,,6378,,,,,,,,,,,,,,,9883,,,,2152,,,,,,,,,,,,6566,,,,,,,,,,,,,,,,,,,,,,,,,,,,,,,,4956,,,,,,,,,,,,,,,,,,,,,,,,,,,1419,,472,,,,,,653,,,,,,,,,,,,,,,,,,,,4496,,,,,,,,,,,,,,,,7953,,,,,,,2685,,,,,607,,,,,,,,,,,,,,,,,,,,,,,,,,,,,,,,,,,,,,,,,,,3943,7050,,,9811,,,5953,,,175,,,,,2699,,,,,,,,,,2006,2129,,,,,,,,,,3776,,,,,,,,,4812,,5982,,1738,,,,,,,5636,
,,,,,,,,,,,,,,,,,,,,6005,,,,,,1479,,,,8104,,,,,359,,,,,,,,,,,,,,,,,,,,,,,,,,,,,,,,,,4206,,,,,7009,,,3470,,,2792,,,,,,,,,,,,,,,,,,,,,,,,,,,,6669,,,,,,,,,2028,,,,,,,,,,,,,,,,,,1688,,,,3992,,,,,,9724,,,,,,7041,,,,,1925,,,,,,,,443,,,,,,,,,8993,,,6949,,,,,,,,,,,,,,,,,,,,,,,,9325,,2442,,,,8188,,5353,,,3255,,6108,,,,,,,,,,,,5166,,,,,,,,,,,,,,,,,,,,,,9520,,8736,,,,,,
,,,,,,,,9215,,5131,177,,,,,,,,,,,,,,,,,,,,,,,,,,,,,,,6067,,,,,,,,3703,,,,,,,,,7656,,,,,9075,,,7381,,,733,,,4708,,,,,,,,,,,,,,,,,,3349,,,,,,,,,,7054,,,,4513,,,,,9360,,,,,,,,,,,,,,,,,,,,,,,,,7971,,,,,,,,,,,,2790,,,,1183,3759,,,,,,,,,,,,,,,,9411,5829,,,,,,,,,,,2252,,,,,,1293,,7251,,8699,,,,,,,,,,,,,,,,,,,,,,3846,5747,,,,,,,,1099,,,,,,,,,,,,,,,,,,,7382,,,,8706,,,,,,,,,,,3485
,,,,,,,,,,,,,,,,,,,,,,,,,,8093,,,1956,,5208,,,1945,,,,,,2607,,,,6310,,,,,,,,,,1753,,,,,,,,4942,,,,,,,,,,,,,,,,,,,,,,,,,,,7417,,6120,,,,,,5534,,,,,,,,,,,3262,,,,,,,,,,,,,,,,,,3042,,,2789,,,,,,,,,,,,,,,,,,,,,,,,,6403,,,,,,,,,,,310,,,,,,,,,,,,,,,,,,,,,,,,,,,,,,,,,,,,,,,,,,,,,,,,,,,,,,,2762,,,,,2571,,,,7984,8292,,,1278,6193,,,,,,3671,,2502,,,9109,,9137,,,,,,,,
,8607,,,,,,,,,,,385,,,,,,3887,,,,,,,,,,,,,,,6824,,,,,,,,,4247,,,,,,,,,,,4879,,,,,,,,6716,,,,,,3481,,,,,,,,,,,,,,,,,,,,,,,,,,,8659,,,,,,,,,,3131,,,,,,,,,,,,,,,,5903,,,,,2153,7503,,9046,,6758,,,,,,,,,,,,,,,,,,,,,4570,,,,,,,4299,2830,,,,4253,,,,,,,,,,,,,,,,4363,,,,,4923,,,,,,,,,,,,,,,,,,,,,,,,,,,8709,,,,,,5280,,,,,,,,,,,,,,,,,,,,,5779,,,,,,,,,,,,,,,,,
,,,,,,,,,,,1054,,,,,2385,,,,,,,,,,,,4412,,,,,,2881,,,6398,,,,,,,6632,,,,,,,,,,,,,,,,,3798,,,,,,,,,,,,,,,,,,,,,,,,,,,,,,,,5079,,,,,,,,,,,,,,,,,,,,,,,,,,,,7708,7332,,960,,,,6729,,,,,,,,,,,,,,,,,,,,,,,,,,,,,,,,,,,,,,,,,,,,,,,,,,,,,,6934,,,,,,,,,,,,,,,,,,,,,,,,,,,,,,,,,,,,,,,,,,,9829,9944,,,,,,,,,,,2843,,,,8596,,,,,,,,,,,,,,
,,,,,,,,,,,,9852,,,,,,,,,,,,,,,,,,1530,,259,,,,,,,,,,,,,,,,,,,,,,,,,,2470,,,,,,,,,,,,,,,,,,6182,2611,,,,,,,,4936,,,,,,,,,,,,,,,,,,,,,,,,,,,6639,,,,5662,7319,,,,,,,,,8424,,,,,,6206,,,,,,,,,1550,,,,,,271,,,,6450,,,,,,,,,,,,,,,,,,,,,7292,,1825,,,,9416,,,,,,,,,,6315,,,,,,,,,5601,,,,,,,,,,,,7010,,,,,,,,,,,,,3784,,,,,216,,,,,,,2768,,1389,,,,,,,,,,,,,,,,,,,
,,,4291,,7836,,,,,,8256,3381,7507,,,,,4906,,,,6545,,,,,,,,8812,,,,,,,,,,,,,,,,,,7375,,,,,,,,,,,,,,,,,,,,,,,,,,,,,,,,,,,,,,,,,,,,,,,,,,,,,4308,,,,,,,,,,,,,,,,,,,,,,,,,3769,,,,,,,,,1862,,,,,,,7687,,,,43,8976,,2546,1800,,,,,,,,,,,,,,,,,,,,,,,3287,,,,,,,,,,,,,,,1480,,,,,,,,,,,,,,,,,,,,,,,,,,,,4857,,,,,,,,,,,2881,,,,,,,,,,,,,,,,,,,,,,,,,9216,9516,,
,,,,,,,,7657,,,,,,,,,,,,,,,,,,,,,,,,,,,,,,4655,,,,,,,,,,,,,,,,,,,,,,,8879,,,,,6088,,,,,,4458,,,,5401,,,,,,9702,,,,,1037,,8254,,,,,,7174,,,,,,7828,,,,,,3069,,,,,,8397,,,,,,,6525,,4478,4050,4539,,6606,2978,,,,,,,,,,,,,9831,,,,,,,,,,,,,,,2426,,,,,,,,,,,,,,,,,,,,,,,,,,,,,5585,,,,,,,,,,9960,,,,3478,,,9012,,,,,,,,,,,,,,,,,,9370,,,,,,,,,,,,,,,,,,9436,,,5937,,,,,,,,,,,,5164,,,
,,,,9200,,,7327,,,,,,,,,,1819,,,,,,,,,,,,,,,,,,,,,,,,,,,,,2625,,7096,,,,,,9387,,,,,,,,,,,,,,,,,,,,5613,,,,,,,,,,2853,,,,,,,,,,,,,,,,,,,,,,,,,,,,,,,,,,,,,,,,,,,3615,,,,,,,325,,,6503,,,,,,,,,,2621,,,4185,913,,,,,,,,,,,,,,,,,,,,,,,,,,,,,,,,,,,8078,,,4402,,,,,,,,,,,,,,,643,,,,,,,,,,601,,,,,,,,5374,,,,,,,,,,,,,,,,,,,,,,,,,5350,,,,6514,,,,
,,,,3750,,,,,,,,,,,,,3596,,,,,8399,,2946,805,,,,,,,,4980,1735,,,,,,,,,,,,2328,,,,,,,,,,10,,,,,,,,,,,,,,,,,,,,6775,,,,,,,,,,,,3620,,,,,,,,,,,5985,,,,,,,,,,,,6831,,,,,,,,,,,,,,,,,,,,,,,,,,7722,,,,,,,,,,,,,,,,,,,,9908,9062,,,,,,,1604,,,5658,,,5119,,,,,,,,,,,,,,,,,,,,,,,,,,,,,,,4621,,,,,,,,,,,1716,,,,,,,,,2140,,,,,,,,,,,,,7079,,7391,9907,,,,1914,,,,,4373,,,,,,,,
,,,,,,9469,,,,,,,,,,,,,,,,,,,,7574,,,,,,,,,,,,,8970,,,,8913,,,,,,,,,,,,,,,4484,,,,,,,,,,,,,,,,,,,,,,,,,,,,,,,,,5850,,,,,,,,5649,,,,,,,,,,,,481,,,,,,,,,,4805,,,,,,7340,,,,,,,,,,,,63,,,,,,,,,,,519,,3037,,,,,,,,,,197,,,,,,,,4708,,8969,,,,,,,,,,,,,,,1795,,,,,,,,,,,,,3454,,,,,,,,,,,,,3266,,,,,,,,,,,,,,,,,,,,6332,,,,,,,,,,,,,584,,,,,,,3699,,
,9064,,6104,,,,,,,,,,,,,,,,,,,,,,,,,,,,,,,,,,,,6229,,,,,,,,1011,,,,4842,,,,,,,,,,,,,996,,,,,,,,,,,8418,,,,,,,,6537,,,,9684,,,,,,,,,,,,,,,,,,,,,,,,,3636,1167,,,,,,,,,,,,,,2921,,,,,,,,4922,,,,,856,,,,,,4724,,3213,,,8741,,,,,,,,,,,,,,,,,,,,,1599,,,,5762,,,,,,,,,,,,,,,4462,,,,,,,,,,,,,,,1560,,,,,,,,,,,,,,,,,,,,,,,,9842,,,,,,,,,,,,,,,,,3182,,,,,2066,,,
,,,,,,,,,,,,,,,,,,,,,,,,,,,,,,,,,,,,,,,,,,,,,,,6158,,,,,,,,,,,,,6828,,,,7361,,,,,752,,,,,,,8369,,,,,,,,,,,287,,,,,,,,,,,,,,,,,,9437,,,,,,,,,,,,,,8374,3838,,,,,,,,,,,,,,,,,,,,,,,,,,,,,,,6200,,,,,,,,,,,,,,,3535,,,,,,2332,,,4662,,,,,,,,,,,,,,,,,,,,,,,,,,37,3149,,,,521,,,,,,,,,,,,,,,4708,,,,,,8588,9175,,,,,,,,,,,,,,,111,,,,2396,4464,,,,,,,
,,,,,9088,,,2941,,,,,,,,,,,,,,,,,,,,,,,,,,,,,1330,,,,,,,,,,,,,,,,,,,,,,,,,,,,,,,,,,,,,,,,,,4228,,,,,,,,,,,6281,6881,,,,3214,,2386,,,,,9035,,,,,,,,,1861,,,,,,,,,,,,,,,,,,,,,,,,,,,,,,,,8053,,,,,8589,,,,,,,,,,,,,,,,,,,,,,,,3173,,7820,,,,,9127,,,,,,,,9500,4289,,3901,,,,,,,1944,,,,,,,,,,,,,,,,,1186,,,,,,,,,,,,,,,,4372,,,,,,,,,1973,,5766,,,,,,9572,,,,,,,,
,5133,,,,,,,,,,,,,,,1728,,,,,,,,,,,,,,,,,,,,,,,,,,,5547,,,,,,,,,,,,,,,,,,,,,,,,,,3455,,,,,,,,,,,,,,,,,,,,,,,,,9927,4828,,,,,3317,6836,,,,,,6738,,,,,,,,,,,,,,,,,,,,,,,,,,,6271,,,,,,,,,,,,,,,,,,,7331,,,,,,,,,6708,,,,8721,,,,,,,,,3933,,,,,,,,,,,,,,,,,,,,,,,,8406,2586,,7906,,,,,,,,2486,,,,,2073,,,,,,,,,,,,2529,,2378,,,,,,,4659,,5760,6737,,,5457,,,,,,,,,,,,,
,,,,,,,,,,,,,,,,,,,,,,,,,,,,,,,,,,,,,,,,,9463,,,,,,,,,,,,,,,,,,,,,,,,,,,,,,,9566,,,,,,,,,,,,,,8686,,,,9328,6249,,,718,,6394,,,8177,,,,7683,,,,3567,,,,,,,,6100,,,,,,,,,,,,,,,,,,,,,,,,,,,,,,,,,,8694,4570,,,,6777,,,,,,,,,,,,,,,,,,,,,633,,,,3395,,,,,,5987,,,,,,,,,,,7203,,,,,6445,3915,,,,,,,,,,,,,,,,,,,,,,,,,,,,,,,7062,,,,,,,,,,,,,,,,,,,,,,
8693,,,,,,,,,,,,,,,,,,,,735,,,,,,,9948,,,,,,,,,,,,,,,,,,,2597,,,,,,,,4061,,,,7192,,,,,,,,,,,,,,,,,,,,9234,,,,,,,,,,,9286,,,,,,,,2795,,8158,,,,,,7974,,,316,,,,,,,,,,,,,5396,,,,,4459,,,,1121,9251,,,,3780,,,,9522,,,,,,,,,,,4206,,,,,,,,,,,,6840,,5780,,,,,,,,,,,,,,,,,,,2577,,,,,,,7139,,,,,,,,,6363,,,,3244,8149,,,,,7354,,,,,,,,,,,1312,,9955,,3765,,868,,,,,,,,,6250,,,,,,,,,,,,,,9612,,8997,,,7786,
,,,,,,,,,,,4112,,,,1795,,,,,,,,,,,,,,,,,,,,,,,,,,,,1822,,,6151,,,,,,6106,,,,,,,,,,,8583,,,,,,,,,,4888,2132,,,,,,,,,,,1264,,7992,,,,,144,,,,,,,,,,,,,,,,,,,,,,8883,,,,,,,,,,,,,,7395,,,,,,,,,,,9603,,,,,,,,,,,,5502,,,,,,,,,,,,,,,,,,,,,,,6059,,,,,,,,,,,5323,,,,,,,,,,,,,,,,,,,,,,6759,,,,,,,,,,,,,108,,,,,,,,,,,,4857,,,9322,,,,3863,8147,,,,,,,,,,,,,,,2703
,,,,,,,,,,,,,4506,,,,,,,,,,,,,,505,,,,,,,,,,2797,,,,,,,,,,3918,,,,1058,,,,,,,,,,,,,,1612,,,1206,,,,,,,,,,,,,,,,636,,829,,,,,,,,,,,,,,,,695,590,,,,,,,,,,9891,,,,,,,,,,,,,,4215,,,,,,,5659,,,,,,,,,,,,,,,,,,,,,,,,,,,,7867,,,,,,,,,886,,,,,,,,1339,,,,,,9792,,,,,,,,,,,,,,,,,,,,,6042,4006,,,,,,,,,,,,,,,,,,,,,,,,,,,,,,,,,,4009,,,,,7973,,,,,,,,,
,,,1483,,,,,2368,,,,,,,,,,,,,,,,,,,390,7243,,,,,,,,,,,9365,5272,87,,,,,,,,,,,,,1307,,,853,,,,,8740,934,,,,,,,,,,,,,,,,5546,,,,,1443,,,,,,,758,6047,,,,,,,,,,,8298,,,,,,,9057,,8858,,3889,,,,,,,,4855,,,,,,,,,,,,,,,,1964,9719,,684,4497,,,,,,4393,,,,,,,,,,,,,,8325,,7538,,,,,1394,,,,147,,,,,1726,,,,,,,,,,,,,,,,,,,,,,,,,,,1124,,6999,,,,,,,,,,,,,,8448,,2984,4119,,,,,,,,,,,,,,,,,,,,,,,,,,,,,5535,,
,,,,,,,,,,,,,,,,1077,8106,,,,,,,,,,,,,,,,,,,,,,,,,,,,,,6317,,,,,,,,,,,,,,,,,,,,,,,,6444,,,,,,,,,,,,,,,,,,,,,,,,,,,,5748,7906,,,,,,6286,,,,,3777,,4204,,,,,,,45,,,,,,7935,,,,,,6630,41,,8315,,,,,,,,,,,,,,732,,,,,,,,,,,,,,,,,,,,,,,,675,,,,,,,,,,,,,,,,,,,,,,,,,,,4705,,,,,,4368,,,,4996,,,,,,,,,,,,,8551,,,,,,,,,,,,,,,,,,,,,,,,,,5402,,,,,926,7066
3519,,,,,,9111,,,,,,,,,,,,,,,,,,,,,,,,,,,6576,,,,,,3197,,,,,,,,8114,,,,,,,,,,,,,,,,,,,,2598,,,,,,,,,,,,3914,1967,,,,,,,,,,,,,,,,,,,,,,,,,7592,,5594,,,,,,,,,,,,1359,,,,,,,6445,,,2627,,,,,,,,4363,4220,,,,4804,,,,,,,,,,,,8653,,,,,,973,,,,,,,,,,,,,,,,,9845,260,,6415,,,1621,2088,,,,,,,,,,,,,,,,,,,,,,,,,,,,,,,,,,,,,3215,,,,,,,,,,,,,,1756,,,,,,,,,,,,,,,,,,,,
,,,,,,,,,,,,2682,,,,,,,,,,,,9387,,,,,3183,,,,,,5161,,,,,,9401,,,,,,1622,,1611,,,,,,5284,,,,,,,,,,7339,,,,6367,,,6872,,,,,,,,,,,,,,,,,4415,,,6633,,,,,,,,,,,,,,,,,5422,,,,,,,3889,,,,,4954,,,,,,,,,,,,,,,,,,,,,,,,,2716,,4875,,,,,,,,,,,,,,,,,,,,,,,,,8871,8192,,,,,,,,,,,,,,,,,,,,,,,,,,,,,,6686,,,1141,,,,,,,,,,,7802,,,4515,,,,,,,,,,,6453,,8932,,,,,,,,,,,,5799,,,,,,,,,
,2346,1737,,9117,,2116,,,419,,,5254,,,,5375,,,,,,,,,,,,,,,,,,,,,,1064,,,,,,,,,,2562,,,,,5336,,,,,,,,,,,,,,,,,3631,,,,1155,,,,,,,,5753,,,,,,,,,4995,,,,,,,,,,,,,,,,,,,,5108,,,,,,,,,,7909,,,,,4753,,,,,,,,,,,,,,,,,,,,,,2193,,,,,,,,,,,,,,,,,,,4441,,,,,,,,,,,,,,,,,7975,,,5336,,,,,,,5429,,,,,,,,,,,,,,,,6410,,,,,9634,,,,,,,,,,,,,,,,4646,,,1438,,,,,,195,,,,,9386,,,,3120,,,,,,
,,,,,,1738,,8763,,,,,,,,,,,,,,548,,,,,,,,,,,,,,,,,,,,,,,,,772,1859,1874,,6189,,,,,,,8652,,,,,,,,,,,,,8164,,,,,2686,,,,901,,,,,,,,,,2625,,,5544,,,,,,,,68,,,,,,,,,,,,,,,,,,,,1298,,,,2304,,9988,,,,,,,,,,,,,,,,,,,,,,,,,,,,4425,,,,,,2408,,3499,,,,,,,,,,,,4628,,,,,,2011,,4958,,,,,,,,,,,7750,,,,,,,,6622,,,,,,,,3545,,,,,,1390,,,,,,,,2131,,,,,,,,,3175,,,,,,,,3824,3269,,,,,,,,2400,,,,,
,,,,,,,,,,5728,,,,,,,,,,,,,7408,,,,,,,,,,4504,,,,,1043,,,,,4206,,,,,6250,,,,,,,8936,6823,,,,,,,,,,,,1998,,756,,,,4302,,2355,,,,,442,,,,,,,,,,,,,,5590,,,4326,,,,823,,3648,,,,,,2936,,,,,,,,,2353,,,,,,9661,6162,,,,,,,,,,,,,,,,,,,,,,,,,,,,,4005,,,,,,,,,,2320,,,,4804,,,,1053,,,,,,,,4051,,,,,,,747,,,,,,,,,6292,,,,,,456,,,,,,,,,,2903,,,,,,,4178,,,,,,,,,,,3581,,,,,,,,,,,2210,,,,,,,,,,,4909,,
,,,,,,3734,,,,,,,,,,,,,,,,,,,,,3584,,,,,,1566,,,,9652,,,,,,,,4139,,,,,,,,330,,,,,,,,,,,,887,,,,,,,,,,,,,532,,,,,4395,,,,5043,,4988,,,,,,,,,,,,,8382,,5841,,7099,,,,,,,,,1479,,,,,,,,,,,5777,,,,,,,,,,,,,,,,,,,,6491,,,,5391,,,,,,,,8933,,,,8576,,5640,,,,,,,,,1102,,,,,9134,,,,,,,,,,,,,,202,,,,,,,4752,9594,,,,,,5303,,,7839,,8036,9589,,4409,,,,,,,,,,,,8285,,,,,,,,,,,,,,,,,,197,,,,,,,,8704,,,
,,,,,,,,,,,,,,,,2547,,,,,,5576,,,,,,,,3296,,,,,7662,,5377,,,,,,,1470,,5629,,,,,,,,,,,,,,,,,,,,,,,,,,,,,,,8225,,,,,,,,,,,,,,,,,2886,,,,,,,1119,,,,,,,,3211,2882,,,,,,,,,,,,,,,,3603,,,,,,,,9371,,,,,,,,,,7548,,,,,,,3945,9118,,,,,,,,,,,4710,,,,8102,,,,2138,,,,,,,,,,,,,,,,,,,,,,,,,,,,,,,,,,,,,,,,,,,,,,2877,,3184,,,,,,,4790,,,,5451,,,,,,,,,,,,,,8445,,,,,,,,,,,
,,9349,,3648,,,,,,,,,,,,,,,,,,5612,,,,,,,8804,,,3789,,409,,,,,,,,,,,,,,,6842,,,1299,,,,,,,,1497,,,,,,,6732,,,,,,,,,,,,,,,,,,,,1681,,,,,,,,,,,,,,,,,,,,,,,,,2295,,,,,,,,,,,,,,,,,,,,,,,5653,,,,,,,,,,,,,,,,4278,,,,,,,,,,,,,,,,,,,,,,,,,,,,,,,,,,,,,,,2633,,,,,,,5446,,,,,,,,,,,,2402,,,,,,,,,,,,,,,,,4451,,,,938,,,,,,,,,,2303,,,4572,,,,2156,,,,,,,,
3846,4446,,1096,,,,,1586,,,,,,,,,,,179,5716,,,,,,,6247,,,,,,,,6919,,,,,,,,,,,1812,,,8109,,,,,,,,,7933,4620,,706,,,,,,,,,,,,,4124,,,,,,,,6555,,,,,,,1094,,,,,,,,,,,,,,,,,,,,,,,,,,,,,,,,,,,,,,,,,,,,,,,,,,,5562,,,,,3416,,,,,,,,,,,,,,,5093,,,,,,3427,,1139,,,6636,,,,,,,,,,,,,,,,,,,9269,,,,,,,,,,,,,,,,,,,7376,814,,,,,,,,4789,,,,,,,,,,,,,6851,,,,,,,388,,,,,,,,,,,,,4838,,,,
,6909,,,,,2957,,,,,,4948,,8742,,,,,,,,,943,,,,,,8981,,,,9446,,,,,,,,,,,,2337,9375,,,,,,,,,,,,,,,,,,,,,,,,,,,,,,,,,,,,,,,,,,,,,,,,1020,,,,,,,,,,,,,,,,,,,,,8378,,,,6943,,,6701,,,8278,,,,,8601,2752,,,,,,,,,,,,,,,,,4421,,,1041,,,,,,,,,,,,,,,,,,,,,,,,,,,,,,,,,,,,,,,,,,,,,,,,,,,,,,,9830,,,,,,,,,,,,,,,,,,,,1443,,,,,672,,,,,,,9179,,,,,,,,,,,,,,,,,
8114,,,,,,,,,,,,,,,,3895,1311,,,,,,,7740,,,,,,,,,,,,,,4856,,,,,,,,,,,,515,,,,,,,,2423,,,,,,,,,,,,,,,,,,,,,,,,,,,,,,3633,,,,,,,,,,,,,9650,4514,,,,,3366,2855,,,,,,,,,2613,,,,,,,,,,,,,,,,,4513,,9254,,,,,,,,,,,,,9874,,,,6679,5550,,,,,,,,,,,,,,,,,9266,,,,,,,,,,,,,,,,,,,,,,,,,,,,,,8021,,,,,,,,,,4244,,,,8514,,,,,,,,,,,,1780,6855,,,,,8146,,,,2223,,,,,,,,2428,,,,9990,,,,,,
,3631,,8647,,,,,,,,,,,,,8762,,4260,,,,,,,4287,,,,,,,6891,,,,,,4496,,,,,,,,,,,,,,,,,,9574,,,,,,,,,,,,,,,,,,5288,,,,,,,9147,,,,,,,,,,6358,9533,,,,,,,,,,4849,,,,,,,,,,,,,,,,,,,,,,,,,,,,,,,7993,,,,,,,,,,,,,,,,,,,,,,,,7151,,,,,,,,,439,,,,,3243,,,,,,,,,,,,,,,6966,,,,1086,9329,,,,,,,,,,7858,,,,,,7879,,,,,,,,2613,,,,,,1483,,,,,,,,,,,,,,,,,5709,,195,,,,,,,,3683,,,,1332,,,
,,,,,,,,7978,,,,,,,,,,,,,,,,,,,,,,,,,8482,,,,,,,,,,,,3031,,,,,,,,,,,,,,,,,,,,,,,,,,,,7911,,,,,9167,,,,,,,4293,,,3156,,,9893,,,,,,,,,,,,,,,,,,,,,,,,,,,,,,,,,,,,,,,,,,,,,,,,,,,,,,,,,,,,,,,,,,,,,,,,,,,,4150,,,,,,,,,,,,,,,,,,,,3916,,5844,,,4819,,,4344,3352,4557,,,,,,,,,,,,,,,,,,,,,,2206,,,,,,,3201,,,,,,,,,,,,,7484,,,,,,,,,,,,,,,,
7949,,,,,,,,,,,,,,,,,,7404,,,,,,,8762,,,,,,4606,,,4843,1980,,,,,,,,,,,,,,,,,9550,,,,,9625,6289,,,,2060,,,,9231,,,,3094,,,,,,,,,,,,,,,,,,7951,,,6784,,,,7570,,4905,,,,,,,,,4110,,,,,,,,,,,,,,,1311,,,820,,,,,,1782,,,,,,,,,,,,,,,,,,,5452,,,,,,,,,,6642,3171,,,,,9383,,,,,,7117,,,,6867,,,,,,8766,,,,,,,,5064,,,,,,7327,,,,,,,,,,,,,,,,7982,,,,,,,,,,,,1359,,,,,,,,,,,,,,,,,,,,,,,,,,,,,,,,
,,,5870,,5802,,,,,,,,,,,,1587,,,,,,,,,,,,,,,,,5284,,,780,,,2219,4769,5501,2929,7293,,,2764,,,,,,4964,7968,,,,,,,,,,,,,,,,,,,,,,,,,,,2739,,,,,,,9713,,,,,,,6301,,,,,,,,,,,,,,,,,2773,,,,,,,,,,,,,,,2325,,,,,,,,,,7702,,,,,,,,,4269,,,,,,,,,,,,,,,,,,8093,,,,,,,,,,,,,,,,,,,,,,,,,,,,,,,,,,,,,,8049,,,,,,,,,,,,,,,,,1500,1098,,,,,,,,,,,,,,3222,2193,,,,,,,,,,5559,,,,,,,,,,9194
,,1377,,,,,,5231,,,8767,,7847,,,,,,,,,,,,,3977,,,8717,,,,,,,4585,,,,,,,,,,,,,,,,,,,,,,,,,,,,,,,,,,,,,,,152,,,,7909,,,,,,,6930,3525,,,,,,,,,,2101,,,,,8193,,,,,,,2590,,,,,,,,,,,,,,,,,4030,,,,,,288,,,,9507,,,,,,,,,,,,,,,4999,,,8848,,,,,1625,,,2184,,,,,,,,2594,,,,,,,,,,,,,,,,,,,,,,,,,,,,,,,,,,3342,,,,,,,,,,,,8391,,,,,,,,,,,,,,,,,,,,,,,,,,,,,,,,,,,,,,,
,,,,,,,,,,,,,,,,,,,,,,,,,,,7016,,,,,,,,6254,,,,,,,,,,9479,2026,,,6308,,,,,,,,3591,,,,6508,,,,,,,,,,1330,,,,,2938,,,,,,,,9995,,,,,,,,,,,,,9088,9464,,,,,,,,,,,,,,,,,,,9093,,,,,,,,,8012,,,,,,,16,,,,,,,,,,,,,,,,,3169,6210,,,,,,,,,,,,,,,,,,,,,,,,,,,,,,,4553,,,,,,5783,,,,6332,,,,,,,,,,9401,,,8697,,,,,,,,6274,,,,,,,,,,1973,,,,,,,,,,,,,6979,,,,,,,,,,,,,,,,6464,,,
,,,,,,,,,,,,,,6246,,,,1268,,,,723,,4113,,,,,,1970,,,,,1331,,,,,,,,,,,,,,,,,,,,,,,,,,,,,,,,,,,,,,,,,,,,,,,,,,,,,,,,,,,,,,,,,,,,6636,,,,4473,,,,,,,,,,,,,,,,,,8173,,,,,,,,,,,,,,,,,5725,,,,,,,,,,,,,,,2324,,,,,,,,,,,,,,,,,,,,,,,,1268,,,,,,3865,,,,,,,,,,,,,,,,,,,,,,,,,,,,,,,,,,,,,,,,,,,,,,,,,,,1555,,,,,9567,,,9393,,,,,,,,,
,,,,,,,,,,,,,,,,,,,,,,,,,,,,,,,,,,,,3463,,,,,,,,,,,8840,,,,,,,,,,,,,,,,,,,,3887,,,,,,500,,,,,,,,113,,,,,,,,,,,,,,,,,,,,,,,,8646,,,,,,,,,,,,,,,5760,,,,,8100,,,,,,,,,,,,,,,,,,,,,,,,,,,,9249,,,,,,,,,,,,,,,,,9607,,,,,,,,,,,,,,,,,,,,,1167,,,,,,,,,,,,,,,1638,,,,,,,,,,7643,,,,,,,,7991,,,,,,,,,,3314,,,,,,,,,,,,,,4051,,,,,,,3180
,221,,,,,,,1769,,,,,,,,,,,,,562,,,,,,,6626,,,,,,,,2761,,,11,,,,,,,,,,,,,,,,,,,,,,8460,2236,,,,,,,,,,,,,5597,5941,4113,,,,,,,,,,,,,,,,583,,,,,,,,,,,,,,,,,,,,,,,,,,,,,9015,,1371,,,,,,,,,8235,,,,,,,,,,,,,,,,,,,,,,,,,,,,,,,,,,,,,,,,,,,,,,,,,,,,,,,,,,,,,,,,,,,,,,,,1315,,2277,3427,,,,,3681,,3579,,,,,,,,,,,,,,,,,,,111,,9680,,,,,3216,,,,,,,,,7743,,3795,,,
5937,,,,,,,,,,,,,,,,2935,,,,,,,,,,,,,,,,,,,1646,,,,,,,,1272,,,,,,,,,,,,,,7602,,,,,,9727,,,,9731,9887,,,,,,6932,,,,828,,,,8441,8210,,,,,,,,,,,,,,,9482,,,4006,,,,,,,,,,,,,,,,,,,,,4576,,,,,,6006,,2028,,,,,,,,,,,,,3377,,,3144,,,,,,5295,,,,,,5196,8114,,,,,,,,,,,,,1551,,,,,,1254,3846,,,,,,,,,,,,,,,,,,,,,,,4992,,,,,,,9820,,,,,,,,,,,,,,,,,,,9409,3939,,,,,,,,,,,,,,,,,,,,,,,,,,
,,,4476,2557,,1981,,6623,,,6827,4814,,,,,,,,,286,,,,,,,,,,,,,,,,,,,,,,,,,,,5,,,,,5791,,,2012,,,2815,,,,,,,,,,,4507,,,,,,,,,,9475,,,,,,,,,,,,,,,,,,,,,,,,413,,,,,,,,,1677,,,,,,8168,,,,,,,,,,,,,,,,,,,,,,,,619,,,1848,,,,,,,,2601,2215,,,,,8786,,6813,,,,,,,,,,,,,,,,7240,,,,,,,,,9952,,,,,,,,,,547,,,,1366,,,,,,,,,,,,,4515,,,,,,,5717,,,,,,,,,,,,,,,,,,,,,,,,9806,,,,,,,8964,,,
,,,,,,,,,,,,,,,,,,,,,1383,,,,,,,8425,,,,5396,,,,,,3875,,,,3386,,,,,,,,,,,,,,,,,,1360,4598,,,,,,,,,,,,,,,,4682,,,,,,,,,,,,,8707,,,,6540,,,1575,,5364,4018,,,,,,,,,,,,,,3749,,,,,,,882,,,,1864,,,,,,,,,4097,,,,,,,,,,,,,,,,,,,,8892,,,,,,,,,,,,,,,,,,,,,,174,,,,,,,,,,,,,,,,,4746,4509,,,,,,,,,,,,,,,,,,,,6928,,,,,,,,,,,,,,8785,1469,,,,,,,,,,,,,,4199,,5755,6147,,,7403,,,,,,
,,,,9050,,,,,,,,2098,196,,,,,,,,,,,,,,,7819,,,,,,,,,,,,,,,,,,,,,,,,,,,,,,,,,,,1087,,,,,,,,2284,,,,,,,,5079,,,,,,,,,,,,,,,,,,,,,,,,,,,,,,,,,,,,,,,,,,,,,,,,,,,2169,191,,6896,,,,,,,,,,,,,,,,,,,,,,,6665,,,,,2333,4943,,,,,,,,,,,,,,,,6919,,,,,,,,,,,,5920,,,,,,,,,,,,5515,,4573,,,,,,,5089,,,,,,,,,5024,,,1364,,,,,,,,,,,,,,,,,,6348,,,,,5125,,,,,,,,1164,
,,4584,,,,,,,,,,2865,,2036,,,,5896,,,,,7296,,,,,,,,,,,,,,5260,,,,,,,,,,,,,,,,,,,4867,,,,,,,,,264,,,,,,,,,,,,,,,,,,,,,,,,,,,,,,,,5297,,2953,,,,,482,,3048,,,,,,,,,,,,,,,,,,,,,,,,,,,,,,,,,,,,5926,,6706,,,,,,,,,,,,,,,,,,6085,682,,,,,,,,,,,2254,,,,3177,,,,,,,,,,,,,,,,,,,,,,,,,,,,3371,,,,,,9072,,9846,,,,,,3813,,,,,,,,,,,,,,,,,,,4783,,,,,,,,,,,,,,,,
,,,,,,,7506,1435,,,323,2408,,,374,,,,,,,,,,,,,,,,,,,,,,,,,,,,,,,,,,,,,,,,,,,7244,,,,,,,,,,,,,,,,,,,,,,,,,,,8844,,,,,,,,,,,5422,,,,,,,4747,,7031,7602,,,,,,,,,,,,,,,,,,,,,,,5105,,,,,,,,,,,,,,,,,,,,,,,,,8969,,,,,,,,1630,,,,,,,,,,,,,,,,4277,,,,,,,,,,123,,,,,5755,,,,,,,,,4142,664,,,4036,6064,,,,,,,,,,,,,,,,8967,,,,,4444,,,,,,,,,,,,,3456,,5761,,,,5568,,,,,,,,
,8910,,,,,,,,,,,,,,,,,,,,,4923,,5691,,,,,7679,,,,1212,,,,,,,,,,,,,,,,,,,8139,,,,8045,,6878,,5083,,8808,,,,,,,,,,,,,,,,,,,,,,,,,,,,,,,,,,,,,,,,3463,,,,,,,,9399,,,,,,,,,,,,,,,,,,,6561,7239,,,,,,,,6947,7715,,,3651,,,,,,,,6488,,,9826,,,,6566,,,,,,,,,,,,,,,,814,,,,,6317,,,,,,,,,,,,,,,,,,,,,,,,7751,3233,,,,,,,,,,,,,,,,,,,,,,,,,,,,,,5386,,,,,,,,,,,,,,4514,,,,,,,,
,,,,3152,,,,,,,,,,,,6197,,,,,6679,,3997,,,,,,,,,,,9612,,,,,,,,,,1481,,,,,,,,,,,,,,,770,,,,,,5933,8720,,,,,,,,,,,4979,,,4175,,6451,,,,,,,9585,,,,,,,,,,,,,,,,7742,,,,,,,,,,5144,,,,,,1060,,,,,,,,,5358,,,,1679,,,,,,,7501,,,,,,6621,,,,,,,,,,,,,,,,,,,,,,,,,,,,,,,,,,,,,,,,7423,,,,,,,,,,,,,,,,,,,,,,,7835,,,,4527,,,,,,,,,,,,,,,,,,,,,,,9983,,,,,,,,,,,,,,,,,,
,575,2846,,,,,,,,,,,,,,,,,,,,,,,,4303,,,,,,,,,,2873,,,,,,,,,,,,,,,7774,,,609,,,,,,,,3333,,,,,,9357,,5181,,,,,,,,,,,1662,,,,,,,,,,,,,,,,,,,,,,,,,,,,,,,,,,,,,1319,,,,1219,,,,,,,,,,,,,,3891,,,,,,,,,,,,,,,,,,,,,,,,,2877,,,,4662,,,,,,8794,,,,,,3890,2450,9357,,,,3944,,,,,,,,,,,,,,,,,6046,,,,,8696,,,,,,,,8637,,,,,,,,1146,,,,,,,1408,,,,,,,,,,,,,1937,,,,,,,,,,3826,,,,
,,7908,,2068,,,,,,,,3517,,,,,,,,,,,8190,,,,,,,,3128,,,5325,,,,,,,,3491,,,,970,,8903,2222,,,,495,,,,,,4162,5609,,,,,,,,,2048,,,,,,,,,,,,,,,,,,,,2352,,,,,,,,,,7747,,,,,,2782,,7875,,,,,,,,,,,,,,,,,,8482,,,,,,,,,,,,,458,,,,,,511,,,,,,,,,,,,,,2040,9955,,,,,,,,,,,,,,,,,,,,,3710,,,,,,,5814,,,,,7168,,118,,,,,,914,,,1469,,,,,,,,,,,,,,,,,3092,,,,,,,,,7136,,,,,,,,,,,,,,,,,,,545,,,,,,,
,,,,,,,,,,,,,,,,,,,,,,,,,,3782,,,,,,,,,,,,,,,,,,,,,,,,,,,,,,,,,,,,,,,,,4908,,9948,,,,2117,,,,9417,,,,,,,,,,,,9939,,,,,,,,,,,,,,,,,,,,,,,,,4050,,,,,,,9801,,,,,,,,4458,,,,,2567,,,9822,,,,,,,4070,,,,,,,,,,,,,,,,,,,,,,,,,,,5588,,,3325,,,,2149,3234,,7317,9930,,,,1993,,,,,9867,,,,,,6403,,,,,1852,,,,7129,3278,,,,4641,,7117,,,,,,,,3512,,,,,,,,,,,,,,,,,,,3651,,,,,,,,,,,,,,8144,9846
,2890,,,,,6886,,,,,,,,3603,1138,,,,,,,,,,,,,,,,,,,,,,,,,,,1342,,,,,,,,7690,3109,,6362,,4314,,,,,,,,,,,,,,,,,,,,,,,,,,,1822,,,8499,,,,,,,,,,,,,,,,,,,,,,,,,,,7617,,8846,,,,,,,,,,,,,,2655,,2541,,,,,,,,,,,,9935,767,,,,,,,,,,,,,,,,,,,,,6511,,,,,,,,,,4570,,,,,968,,,,,,,,,,,,,,,,,,,,,,,,8842,,,,,,,,,,,,8219,,,,,,2508,,7918,,,,,,,,,,,,,,,,,,,,,,,,,,,,,,,,
,,,,,,,,,,,6742,,,,,,,,,,,,,,,,,,,,,,,1736,,,,,,,,,,,,,,1482,,,,,9980,,,,1198,,5770,2661,,2422,,,,,9155,,,,,,,,,,,,,8337,,5441,,,,,,,,,,,,,,,,,,,,,6669,,,,,1949,,,,,,,994,,35,,,,4598,,,2094,72,,,,,,,,,,,,4722,,,5749,,,,,,,,,,5214,,,,,,,,,,,,,,,2029,,,,,,,,,,,,,,,,1089,,,,,,,,,,,,,,,,,,,,,,,,,9935,,726,,,,,,,9505,,,,,,,,,5287,,,,2444,,,,,,,,,3875,,,,,,,4560,3709,,,,,9785,,,,,
,,,8165,,,,,,,766,,,,,,,,,,,,,,,3535,974,,,,,,,7400,,,,,,980,,,,,,,,,,,,,,,,,,,,,,,,824,7467,,,,,,,,,5795,,,4827,,,,,,,,,,,,,,,,,,,4864,3425,,,,9932,,,,,,,,,,,,,,,,,3430,,,,8328,,,,,,5276,,,4281,,,,,,,5694,,,,,,,,,,,4082,,,,,,4411,,,3559,,,,,,,,,,,,,,,,1644,,,,,,,,,,,1744,,,,,,6102,4807,,,,,,,,,8143,,,,,4438,,,,,1879,,,,,,,,,,4181,,,,9031,,,,,,,,,,,,,,9790,,,,,9015,,,,,,,,,,,,
,,,9188,,,,5057,,,,,,,9328,,,,,,,,,,,,,,3663,,,,,,,,,,,,,5287,,,8364,,,,,,,,,227,,,,3108,,3712,,,,,,,8258,,,,,,,,,,,,,,,,,,,,,,,4005,851,,,,,,,,,,,,,,,,8760,1509,,4721,,,,,,,,,,,,,,,,,,,,,,,,,7122,,,,,,,,,576,,,,,,,,,,,,,,,,,,,,,,,,,,,,,,,,,,,7801,,,,,,,,,,,,,,,,,,,,,,,,,,,,,,,,8888,,,,,,,,,,,,,4118,,,,,,,,4663,,,,,,,,,,,2916,,,,,,,,,,213,,,
,,,,,,,,,,,,,,,,2398,,,,,,795,,,,,,,,,,,,,,,,,,,,,,,,,,,,,,,,,,,,,,,,,,,,,,,,,,,,,,,,,,9967,6843,,,,8879,,,,,,,,,9004,,,,5095,,,,,,,,,,2133,,,,,,,,,,,,,,,,,,4972,,,,,6240,4597,,,,,,,,,,,,,,,6781,,,,,6562,,,,6921,,,,9342,,,,,,4171,,,,,,,,,,,7909,2069,,,,,,,,,,,,,6015,,,,,,6702,,,,6677,,,,,,,,,,,,,,2527,,,,,,,1760,,,,,,,,,,9359,,,,,,,,,,,,,,,,,,,,,,,
,,,,,,,,,,,1679,,,,,7657,,,,,,,,,,791,,,9078,,,,,,,,,,,,,,,,,,,,,,,6605,,,,,,8386,,,,,,,,,,,,,,1631,,,,,,,,,,,,,,,,,,,,,,,,,,,,,,,,,,4538,,,,,4614,,,,,7541,,8968,,,,,,,,,,7980,,,,,,,,,,,,,,,,5187,,,,,,,,,,7746,,,,,,,,,,,,,,,,,,,,,,,2493,,,,,,,,,,,2033,,,,,,,,,,,,,,,,2071,,,,,,,,,,,,,,,,,,,,,,,,,,,,,,,,,,,,,,,,,,,,,,,,,,,
,,,,,,,,,,,,,,,,,,,,,,,,,,,,1253,,,,1805,,,,1885,,,,,,,,,8196,,1001,,,,,,,,,,,,,,,,,,,,,5158,,,,,,7562,,,,,,,,1699,,,,,,,,,,,,,,,,,3667,,,,161,,,,,,,,2878,,9287,,,,,,,,,,,,8249,4669,,,,,5360,,,,,,,,,,,,9838,,,2924,711,,,,,,2908,,,,,,8319,,,,,,,,,,6609,,,7668,,,,,,,,,,,,,,,,,,,,,,,,,,,,,,,,,,,,,,3890,3066,,,,3489,7069,,,,,7238,,,,,,,,3852,,,3170,,,,,3367,,,,,,,,,,,,,,,,,,
,1513,,,9563,,,,,,,,,,,,,,,,6930,,,,,,2816,,,,,,2743,,,,3335,,,,,,,,,,1855,,,,,,,,,,,,,,,,,,,,,,,,7825,,,,,,,,,7953,,,,,,,,,,,,,,,7460,,,,,,,,,,,,8338,,,,,,,,2083,,,,3434,626,,,,,,,,,,,,258,,2032,,,,,,4040,,,,,,,,,,,,,,5783,,,4086,,,,,,,,,,,3248,,,,,,,,,,,,,,,,723,,,,,,,163,,,,,,,,,,,,1330,8023,,,,,,,,,,,,,8627,,,,,,,,6084,,,,,,,,,,,161,,,,,,,,,,4075,,,,,,,1474,,2416,
,,3566,,9332,,,,,,,,,,,,,,,,,,,,,,,,,,,,,,,,,,,,,,,3908,,,,,,,,,,,,,,,,,,,,,,4673,,,5215,,,,,,,,,,,,,,,,,,,,7683,,,,6823,,,,,,,,8688,8908,,,,,,,,,,,,,102,8943,,,,3857,,,,,,,,,,7935,,,,,,,,,,,,,,,,,,,,,,,88,,,,,,,,,,,,,,,,,,,,,,,,1124,,,3231,,,,,334,,,,,,,,,,,,,,,,,,,,,,,,,,,,,,,,,,,,,,,,,,,,7431,,,,,,,,,,,,,,,,,,,,,4971,,,,,,
,,,,,,,,,,,,,,,,,,,,,,,,,,,,,,,,,,,,,,,,,,,,,177,,7968,,3069,,,,,,5407,,,,,1406,,,,,,,,,,,,,,,,3297,,7552,,,,,,,,,,,,,,,,,,,,,,,,,,,,,,,4307,,,1013,8690,,,,,,,,,,,,,,,,,,,6382,,,,,,,,,,772,,,,,,4011,8385,,2592,,,,,,,,,,,,,,8403,,,,,,,,,,,3360,,,,,,,,,,,,,,,,,,,,,6864,,,,,,8176,,,,,,6932,,,,,,,,,,,,,,,,,,,,,,,7413,,,,,9298,,,,,,,1667,,,,5326,,,,,,,
,,,,,,6485,,,,,,,,,,,671,,,,,,,,,,,,,,,,2064,,,,,,,,,,,,,,,,,,,,,,,,,,,,,,,,174,,,6203,,,,3084,,6107,8023,,,,,,,,,4123,,,,6515,,,,,,,2172,,,,,,,,,,593,,,,,,650,,,,,,,,,,,,,,,3069,,,,,,,,,,,,,,,,,,,4952,9356,,85,,6028,,,,,,,,4053,,4683,,,,,9012,,,,,,,,,3230,,,,,,,,,1072,,,,,,,9735,3033,,,,2054,,,,,,,,,,,,,,,,,,,,,,,,,,,,,,,,,,,,687,,,,,,,,,,,,1747,,,,,,,5855,9161,,6184,,5603
,,,9425,,,,,1631,1123,,,,,,,,,,,,,,,,190,,,,8166,,,,,,,5895,7927,,,,2810,,,7511,,,,,,,,,,,,,,,,,8857,,,,,,,,,,,,,,,,,,,,,,,,,,,,,,,,,,,,,,,,,,,,,,,,,,,2698,,,,,,,,,,,,,,,2445,,,,,,,,,,,,,,,,,,,,,,,,,5574,,,,2867,,,,3903,,,,,4161,,,,,,,,,,,,,,,,,,,,,,,,,,,,6504,,,,1819,,1801,,,,,,6270,,,,852,,,,,,,,5976,,7133,,7519,,,,,9666,,,,,,,,,,,,,,,,,,,,,,,,,,,,,4095
,,,3994,,,,,,,,,,,,,,,,,,,,,,2054,,,,,,,7115,,,,,,,,,,486,,,,,,,,,,9331,,,,,,,,,,,4214,,,,,,,,,,5816,,,,,,,,,191,3355,4350,,,,,,,,,,,,,,,,,2529,,,,,,,,,,1122,,,,,,,3041,,,,,1542,,,,,,,,,,,,,8734,,,8349,535,,,,,,,,,,,,,,,,,5534,,,404,,,,,,,5813,,,,,,,,,,,,,,1114,,,,8905,,,,7691,,,,,,,,,,,,,4095,,,,,,,7305,,,,144,,6056,,,703,,,7328,,,,2158,,6749,,,,,,6008,,,,,,,,,,,,1580,,,,,,5862,,,,
,,,,,,,,,,,,,,,,,,,,,,,,,,,,,,,,,,,1574,,,,,,,,,,,,,,3209,,5055,,,,,,,,9368,,,,,,,,,,,,,,,5738,1050,,,3561,,,,,,,,,,,,,,,,,,,,,,,,,,,,,,,,,,,,,,,,,3409,,,,,,,3443,,,,,,,,,,6725,,,,,,,,,,,,,5157,5317,,,,,,,,,,,,,,9492,,,,,9215,,,,,,,,,,,,,6112,,,3299,,,,,,,,,,,,,,6125,,,,,,4754,,,,,,,,,,,,7511,,,,,,,,,,,,8070,,,,,,,,,,,,,,,,,,1576,,,2518,5140,,,,
,,,,,,,,,,,,,9650,,7640,,,,,,,,,,,,,,,,,2248,,,,,,,,,,,,,,,,,,,,,,,,,,,,,,,,,,,1472,,,,,,,,,,,,,,,,,,,1798,,,,,,,,,,,,,,,7785,,,,,,,,9355,,,,,,,,,9356,,,,,,,,,,,,6932,,,,6682,,,1384,,,,1178,,,,,,,,,,,,,,,,,,,,,6082,6102,,,,,,,,,,,,,,4978,,,,,,,,,,,,,,,,,4327,,,,,,,69,,,,,,,6267,,,8584,,,,,,5986,,,,,,,,,6309,,,,,,,,,6342,,,,,7692,,,,,,,,,,,,,,,2839
,,,,,,,,,,,797,,,,,,,,,,,,,,,,,,,,,,,,,1345,,,,,,9108,,,,,,,,173,,,,,,,,,,,9683,,,,,6215,,,,2887,,,,,,,,,,,,,,,,,,2758,,,,1068,,,,,,,1826,,,,,,,,,,,,988,,,,,,,,,,,,7975,,,,,6105,,,,,,,,,,,,,,,,,,7612,,,,,,8924,,,,,,,,,5583,6387,,,,,,,,,,,,,,,,,,,5992,8190,,,,,2975,,,,,,,,,,2416,,,,,,,,,,,,,,,,,,,,,,,,,,,,,,,,,,,,,,,,,,,,,,,2743,,,,501,,,,,9912,,
,9979,,,,,,5941,,,,,,,3750,,,,,,,,,,,,,,,,,,,,,,,,,,,,,,,,,,8303,,,,,,,,,,,,,,,,,,,,,,,,,,,,1118,,,,,,,,,,,,,,,,,8542,,,9286,,,,,,,,,,,6817,,,,,,,,,,,,,,,,,521,,,,,,,,,,,,,,,,,,,,,,,,,,,,,,,,,,,2267,,,,,,,,,,,,,,,,9821,,,,,,5237,,,6698,,,,,,,,2506,,,,,,,,,,,,,,,,,,,,,,,,,3184,,6766,,,,3456,,,,,,,,,,,,,5571,,,,,,,,,,,,,,,,,,,
,,,,,,,,,5801,,,,,,4964,,,3613,,,,,,,,,,,,,,,,,,,,,,,,,,,,,3053,7066,,,,1022,,,,,,,,,,,,,,,,,,,,,,,,,,,,,,,,,,97,5076,,,,,,,,,,,,,,,,,139,,,,,9673,,,,,,,,,,6784,,,,,,,,,,,,,,,,,,,,,,1158,,,,,,,,,,,,,5061,,,,,,,,,,,,,,,,,3299,,,,,,,,,,,,,,,,,,,,,,,,,,,,,,,,,6005,,,,,,,,,,,4227,,,,5463,,,,,,,,,,,,4396,,3604,,5818,816,,,,6303,,,,,,,,,,,,,,,
,,,,,,,,,,,,,,,,,,,,,,4555,,,,,,,,,,,,,724,,,,,,,,,,,,,,,,,,1193,,,,2787,,,,,7092,,,,,,,,,,,,,,,,,,7127,,,,,,,,,,,,,,,,,,,,,9258,,,,6897,,523,,,,,,9182,,,,,,,,,,1556,,,,,,,,7292,,,,,,,,,,,,,,,,,,,,,,,,,,5006,,,,,,,,,2479,,,,,2727,,3246,,,,,,,,,,,,,,,,,,3868,,,,,,,,,,,,,,,,,,,,,,5804,,,,,,,,,,5079,,,,,,,,,,,,,,,,,,,,,,,,8241,,,,,,,,
,,,,1519,,,,,,,4171,,,,,,,,,,,,,7350,,,,,,,,,,,,,,,,,,3099,,,,,,,,1170,,,,,,,,,,,,9803,,,,,,,,,,,,,,,,5815,,,,,,,4100,,,,,,,,,,2717,,,,,,,,,,,,,,9260,,,,6007,,2481,,,,9758,,,,3681,,,,,6890,,,,,,,,,,,,,,,,7707,,,,,,,,,,,,,864,,,,,,,,,,,,,,,1728,,,,,,,,,,,,,,,,,,,,,,,,,,,,,6755,,,,,6187,,,,,,,,,803,,,,,,7798,,,1715,1300,,,,,,7793,,,,,,,,,5777,,,,,,,3991,,,,,,,,
,,,,,,,,,,,,,,,3065,,,,,1447,,,,,,6618,,,,,,,,,,,,,,,108,,4763,,,,4610,,,,,,,,,4787,,,,,,,8614,,,,,,,,,7959,,,,,,,,,7803,,,,,,,,,,,,7739,,,,,,,,2943,,,,,,,6573,,,,,,,,,,,,,,,,,,,,,,,,,,6330,,,6426,2293,,,,1770,,,,,,,,,,,,,,,9297,,,,,,,,,,,,,,,,,,,,8891,,,9570,,,,,,,,,,,,,,,,,,,8621,,,4826,,3205,,,,,,,,,,9539,,,7328,,,,,,7362,,,,,,,,,,,,8969,,,,,,,,,,,,,,,,,,,,
,,,,6689,,,,,,,,,,,,,,9147,,,,,3274,,,,,,,,,,4580,,,,,,,,,,,,,,,,6513,,,,,,,,,8168,,,,1767,,3682,,,,,,,,,,,,,,,,,,,,,,,,,,,,8070,,,8316,,,,,,,7453,8394,1763,,,,,,,,,8336,,9751,,4981,,2493,,,,,,3011,,,41,2630,,7225,,,,,,,7463,,,,,,,,3186,2429,,,,,,,,,6551,,,,,,,,,,,,,,9588,,,,,,,,,8410,,,,,,,,,,,,,548,,,,,,,,,,,,,,,,,,5037,,,,,,,,,,6438,,,,,,,6137,276,,,,,,,,,,,,,6689,,4624,,,,,,1523,,,,,,
,,,,,5515,,,,,4790,,,,,,,,,,,9692,,,9807,,3565,,,,6678,,,,,7710,,,,,,,,,,,9335,,,,,,6844,,,,,,,,,,,1070,,,,3697,,,,,,,,,,,,,,5921,4134,,,,,,,,,9185,,,,,,,5300,,,,,,,,,7742,5418,,,,,,,,,,,,,,,,,,,,,9819,,7859,,,,,,,,,,,7425,,,5329,7203,,,,,,,,,,,,,,,,,,,,,,,,,,,,,1203,,,,,3849,,,,,,,5417,,,,,,2492,,,,,,,2702,,2599,,,,,,,,,,,,,,,,,,,,,,,,,,,2000,,,,,,,,,,,,,,,,,7247,1040,,,,,,,,
,,,,,,,,434,,,6191,,,,,,,5776,,,,,,,,,,,,,,247,,,5372,,,,,,,,,,,,3724,,,,,,,,,,,,,,,,,,,2178,,,,,,,,,,,,,,,,,,,,,,,,,,,,,,4905,,,,,,,,,,,,,,,,,,,2342,,,,,4266,,,,,,,,,,459,,,,,,,,,,,2874,,6405,872,,,,,,9005,6105,,,,,,,,,,,,,,,,,,4996,,,,,7815,,,,,,4186,,,,,6139,,,,,,,,,,,,,,,,,,,2334,,,,,,,1576,,,,,,,,,,,2744,,,,,,,3223,,,4293,6404,2433,,,,7347,,,,,,,,,,,,,5777,8854,,,6880
,,,,3893,6180,,,1058,,3756,,3586,,,,,,,,,,,,,,,,,,,,,,,,9898,,,,,,,,,,,,,,,,,,,,,,,,,,,,,,,,6822,,,,,,,,6866,,,8803,,,,,4234,,,,,,9143,,,,,,,,,4548,5941,,,,2754,,,,,,,,,,,,,,,,,,,,,,,,,,,1853,,266,,,,,,,,,,,,,4680,8650,,,,,,,,,,,,,,,1650,,,,,,6537,,,,,,,9122,5291,,7086,,,,,,,,,,7226,,,,,,,,,8907,,,,,,4514,,,,,,,,,,,,,,,,,,,,,,,,,9271,,,,,,,,,,,,,,,,2684,,,,,465,,,5002,,,
,,,,,,,,,,,,,,,,,,,,,,,,,,26,,,,,,,,,,,,,,,,,,,,,,,,,,,,,,,,,,,,,,,,,,,,,,,,,,,,3874,,,,,,,,,,,,,,,,,,,2046,,,,,2175,,,,,,,4420,,,,,,,,,,,,,,,,,,,,,,3602,,,,,9111,,,,,,,,,,,,3632,,,4487,,,,,,,,,,,,6363,,,,,,,,,,,,,,,,,,,,,,,2908,,,,3302,,,,,,,8624,,,,8474,8728,,,,,,,,,,6234,,,,,,,9952,,,,4778,,,,,,,,,,,,,,,,8092,,,2399,,,,5098,,,,,,,6021,,
,,,,,,,,,,,,,,,9746,,,,,,,,,,7244,,8689,,,,,,,,,,,,,,,,,,,,,,,,,6355,,,,,,,,,,8858,,,,,,,,,,7079,,,9897,2113,,,,,,,,4902,,,,,,,,,,,,,,,7083,,,,,,,,,,,,,,,,,,,,,8562,,,,,,,,,,,,,,,,,,,,,,,,,,,,,7943,9289,,,,,1463,,,,,,,,,,6675,,,,,,,1485,,,,,,,,,,4268,,,,,,,5182,,,,2546,,,,,6852,6760,,,,,,,,,,,5985,,,,,5710,,,,,,,,,,,,,,,,,,,,,,,,,,,,,,6064,,,,,,,4828,,,
,,,,8390,,,,,,,,,,,,,5980,,,,,,,,7281,,,,,,,,9659,,,,,,,,,,,,9281,,4199,,,,6333,,,,,,,,,,,,,,,,596,,,,,,,,,,,,,8738,,,3657,,,,,,,9597,,,,,4845,,,,,,,,,,,,781,9149,,,,,,8508,9957,,,,,,,,,,,,,,,,,,,,,,,,,,,,,,,,6897,,,,,,,,,,,,,,,,,7684,,,,,,,,,,,,,,,,,,5395,,,,,6785,,,,,,1861,,5382,,,3066,,,,,307,,,,,,,,,,,,,,,,,,,,,,,,,,2928,,,7692,,,,,,,,,,,,,,,,,,,,,,,
,,,,,,,,4066,,,,,,,,,,,,,,,,,1512,,,,,,,,,9553,,,,,,,,,1167,,,,,,,,,,6723,,,,,,,,,,,,,,,,,,,,,,,,,,1428,,5613,,8516,,,7484,,,,,,,,,,,,,,,8903,,,,,,,,,9994,,,,3854,,,,,,,,,,1490,,5245,,,,,,,,,,,,,,,,,3346,,,,,,,2469,,,,,,,,9819,1503,,,5157,,,,,,,,,,,,,,,,,,543,967,,,,,,,,,,,,,,,,,,,,4738,,,,,,,,,,,,,,,,,,,,,,1809,,,,,,,,,,,3268,,6929,,,,,,,,,,,,,,,,,2302,,
,,,,,,,,,,,,,,,,6843,,,,2021,,,,,6368,,,,,,,,,,,,,,,5587,,3531,,,,,,,9582,,,,,,2757,,,,,,6583,,,,,6386,,,,9513,,,,3795,,,4412,,,,,,1798,,,,,,,,,,7167,,7300,,,,,,,5524,,,,,,,,,,,,,,,486,2818,,,,,,,,,,,,7233,,,,,,5861,,,,,,,,2508,,4500,,9720,,9480,,,,,6981,9442,,,,7654,,,9142,,,,,,,,,4896,,,1480,,,,,,,,,,6748,,,,,,,,,,,,,,,1439,,,,847,,,,,,9528,,,,7459,,,,,,,,,,,,,,1542,6164,,,,,,,,,,,,2958,,,,,,,,,,,,,,8747
,,,7119,,,,,,,,,,,,,,,,,,,,,,,,,,,,,,,,,,1683,9565,,,7663,,,,,,,,,,,,,,,,,,8879,,,5487,,,,,,,,703,,,,,,,,,,,,,,,,,,,6329,,,,,,,,,,,,,,3779,,,,,,,,,,,,8117,,,,,,,,2665,,,,,,,367,,,,,,,,,,,9436,,,,,,,,,,,3970,,,,,,,,,,,,,,,2449,,,,,,,,,,,,,,,,,,,,,,,,,,,,,,,,,,,,,,,,,7473,,,,,,,,,,6723,,,,,,,,,,,,,,,437,,,,,,,,,,,,,,,,,,,,,,5530
4517,,,,,,,,,,,,,,,,,,,,,,,,4087,,,2265,,,,,,,,,,,,,,,,,,,,,,,,,,8844,,,,,,,,,,,,,,,,,,5904,,,4789,,,,,,,5138,,,,,8540,2836,,,,,,,,,,,,,6728,,,,,,,,,,,4283,,,,,,,,,,,5571,,,,,,,,,,,,,,,,,,,,,,,,,,,,,,,,,,,,,,,,,,,,,,,,,,,,,,,,,,,,,,,,,,,9707,,,,,,525,,,,,,,,4423,,,,,,,,,,,1486,3071,,,,1529,7317,,,,,484,,,,3629,,,5789,,,,,,,,,,,,,,,,633,,,,,,,
,,,,,,,,,,,,,,1920,,,,,,,,,,,,,,,,,,,,,,,,,,,,,,,,,,,,,,2525,,,5017,,,,,,,,2637,5775,,,,,,,,,,,8210,,8941,,,,,,,,,,,,,,,,,,,,,,,4309,,,1229,,,,,,,,,,3101,,3203,,,,,,8856,,,,,,,,,,,,,,,,,,,,,,,,,,,,,,,,,,,,,,338,,37,2593,,,,,,,,,,,,,,,9452,,,4328,,,,,,,,,,,,,,,,,,,,,,,,,,,,,2725,,,,,7207,,,,,,,,,,,,,,9426,,,,,977,,,,,,,,,,,6175,,,,,,,,,,,
,,,4656,,,,,1248,,,,,,,,1903,,,5304,9315,8563,,,,,,,,,4125,,,,,,9438,,,,,,7681,,,,,,2734,,,,,,,,,,,,,,,,,,2947,,,,,,,,,,,1088,9589,6274,,,,,9730,3220,,,,,,,,,,,,,,,,,,,,,4729,,,,,,,,,,,,2163,,,,,,,,,,,,,,,,,,,,7755,,,7917,,,,,,,,,,,,,,145,,,,,3706,,,,,,,,,,,,,,,,,,,,,,,,,,,,,,,,,,,,,,,,,,7742,5336,5348,,,,,,,,,,,,,,,,,,,,,,,,,,,,,,,,,,,,,,,,,9478,,,,4264,,,2536,,,1750
,,,4881,,,,9664,,,,,,,,,,,,,,,,,,,,,,,,,,8380,,,,,,,910,,,,,,,,,1136,598,,,,,,,8345,,,,,,,,,,,,,4332,,,,,,9564,,,6696,,,,,,,,,,,7105,9226,,,,,,,,,,,,,,,,,,,,,,,,2408,,767,,,,,,,5536,,,,,,,,5172,9258,,,,3781,,,,2626,,,,5146,,,,,,,,,,,,,,,,,,5482,,,,,,,3781,8242,,8293,,,,,,,,,,,3744,,,,,,,,6080,,,,,,,,,,,,295,,,4804,,,,,,,,,,,,,,,,,,,5585,,,,,,,,,,,,,,,,,3819,,,,,,,,8749,,,,
,,4285,,,,,,,,9017,,,,,,3663,,,,,,,,,,9850,,,,,,9737,3145,,,,,,,,,,,,,,6241,,2962,,,,,,,,8257,,,895,,,,,,,,,,,,,,414,,,,5301,,,,,,,,,,,,,,,,,,,,4413,,2324,,,,,,,,,,5222,6159,,,,,,,,,,,,,6467,6574,,,,,,,,,,,,,,,,,,,,,,9993,,,,,,,,,,,,,,,,,,,,,,,,,,,,,,,,,,,,,,,,,,,,,,,,,,,,,,,,,,,,,,,,,,,9586,,,,,4485,,,,,,,,,,,,,,,,,,,,,,,,,,,,,,,,,,,,
,,,4634,,,,,8932,,,,,,,,,,,,,,,,,,,,,,,,,,,,,,,7651,,,,,,,,,,,,,5010,,,,,,,,,,,,1877,,,,,,,,,1908,3914,,,,,,,,,,,,6948,,,,,,,,,,,,,,,,,,4920,,,,,,,,,,,,,,,,,,,,,8903,,,,,,,,,,2410,,,,,,,,,1653,6279,,,,,,,,,,,,,,,,,,,,,8369,,,,,,,,,3620,,,,,,,,,,,,,,,,,,,,,,3645,2867,,,,,1093,,,,,,,,5513,,,6161,,5843,6309,,,,,,6426,,,,,,,,3314,,,,17,,,,,,,,758,,,,,,,,,,,,
,,,,,,,,,,,,,,,,,,,,,,,,8888,,,,,,,,,,,,,,,,,,,,,5245,,2782,,,,,,,,,,,,,2958,,,,,,,,,,,,,,,1228,,,,,,,,,,,,,8400,,,,,6249,,475,,,,,,,,,,,,,,,,,,,,,,,3537,,,,,,,,,630,,,,2413,,,,,,,,,,,,9708,,,,,,,6046,,,,,,,,,,,,348,,,,,,,,,,,,,,,,,,,,6587,,,5972,,,,,,,,,,904,,,6655,,,,,,,,,,,,,,,,,,,,,,,,,,,5214,,,,,,,,,,,,,,,,3526,5250,,,,,,,,,,,,,1190
,,,,,,,,777,,,9610,,,9102,,,,,,,,,,,,,,,,,,,,,,5254,,,,,5624,,,,,,,,,,6123,,,,,,,,,,,,,,,,,,7003,,,,7301,,,,2965,,,,,,,,,,,,,,,,9046,,,,2683,,,,,,,,,,4630,66,,,,,,,,,,,2321,5946,,,,,,,,8695,,,,,,,1842,5136,,,376,,,,,6134,,,4914,,,,,,,,,,,,,,,,,,,,,4183,,,,,225,,,,,,,,,,,,,4445,8745,,,,,5182,,,,,,,,,,,,,,,,,,,,,,,,,,,,1316,,,,,,,,,,,,,,,,,,,,,,,,,,,,,,,,,,,
,4832,,,,,,,,,,,,,,1779,,,,,,,,,3871,,,,,,,,,,,,7357,,,,,,,,,,,,,,,,,,,,,,,,,,,4781,,,,,1568,,,,,6394,,,,,,,,,,,,,,,,,,,,,,,,,,9738,,,,,,,,,,3873,,,,,5186,3475,,,,,557,,,,,,,,,,,,,,,,,,,5739,,9898,,,,,,,,,,,,,,,,,,,5739,,,,,,,,,,,,,,,,,,,,,,3154,,,,,,,5575,,,,,,,,,,6711,,,2231,,,,,,2250,,,,,,4051,,,,,,,,,,,,,,,,,,,,,,,7595,,,,,,,,,,2471,,,7017,,,,,
,,,3079,,,,,,,,,,,,,,,,410,,,,,,,,205,2359,,,,1905,,,,,,,,,,,6801,,,,,,,,6768,,,,6966,,,,,,,,,,2029,,,,,,,,,,,,,,,,7102,,,,,,,,,5319,3365,,,,,,,,,,,,,,,,,,,,,,,,,,,,,,,,,,,,,,2764,,,4169,,,,,,,8140,,,233,,,,,,,8658,,,,,,,,,,,,,,,,,,,8312,,,,,,,,,,,,,,330,,,,,,,,,4384,,,,,,4385,,,,,,,,,8587,,,,,,,,,,,,,8311,,,,,,,3240,,,,,,,,1907,,6151,,5216,,,,,,,,,,,,,,,,,9982
,,,,,2503,,,,,,,,,,,,,4953,,,,,6078,9303,,,,,,,,,,,,,4772,,,,6273,,,,,,,,,,5700,,,,,,,,,,,,,,,,447,,,,,,,,,,,,,,,,,,,,,,,,,,2444,710,,,,,,,,,,,,,,4345,,,,,,,,,,,,,,,,,,,,,,,,,,,,,,,,,,,4594,,,,,,,,,,,,,,,,,,,,,,,,,,,8663,,,,,,,,,,,,,,,,,,6569,,,,,779,5470,,,,,,,,,,,,,,,,,,,,,,,,,,,3846,,,,,,,,,,,,,689,,,,7456,,,,,,,,,,,9574,,,,,,
,,,,,,,,3761,,,,,,4790,,,,,,,,,,,,,4505,,1930,3323,5884,,,,,,,,,,,,,,,2548,,,,,,,3343,,,,,,,,,,2857,,,,,,,8140,,,,366,,,,,,3472,,,,,,,,,,,,,,,,,,,,,,3171,,,,,,,,,,,,,,,,,,,,3526,,,,,,,,,,,,,,,,,,,,,,,,,,7485,,,,,,,,,,6252,5563,,,,,2732,,,9048,,,,,,,,,,3399,,,,,,,,,,,,756,,,,,,,5641,,,,,,,,,,,9365,,,,,,,,,,,,,,,,,,,,,,,,,,1136,,,,,,,2995,,5400,,,,,,,,1088,,,,,
2780,,,,,,,,,,,,1705,,,,,,,,,,,3271,,,,,,,,,,,,,,6213,,9682,,,,,343,,,,,,3279,,,,,,,,,,,,,,,,,,,,,4207,,,,,,,1246,,,,,,,,,6934,,,,,,,,,,,,,,,,,,,184,,,,,,,4610,,7328,,,,,,,,,,,,,4127,,,,4078,,,,,,,,,9360,,,8736,,,,,,,,,,,,,,,,,,,,8177,,,5626,,,,,,,,,,1159,,,,,,,,,,,,,,,,,,,,,,,,,,,,,,,,,,8339,,,,,,,,,,,,,2752,,,,,340,,2314,,,,,,,,3049,,,,,,,,5087,,,,,,,,9052
,,,,,,,,,,6577,,,,,,,5165,6960,,,387,,,,,,,,,,,,,,,,,,,,,,,,,,,,,,,,,,,,,,,7969,,2557,,,,,,5471,,,,,,,,,,,,,,,,,,,,,,,,,,,2615,893,,,,,,,,,,,,,2430,,,,,,,,,,,,,,,,,,,,,,,2441,,,,,,,,3062,,,,,,9827,,,,,,,,,,,,,,,,,,,,,,,,,,9905,,,,5543,,,,,,,,4317,,,,,,,,,,,6312,,,,,9722,,,,,,,,,,,,,,,,,,,,,,,,,680,,,,,,,,,,,,,,,,,,,,,,,,,9449,,,2170,,
6215,,,,,,,,,,,,,,,,,,,,,,,,,,,8285,,,,,,71,,,,,,,,,,,,,,,,,,,,,,,,,,,,,,,,,,,,,,,,,,,,,,,,,,7417,,661,,,,,,8790,,,,,,,,,,,,,2271,,,,,,,,,,,,,,,,,,,,,,6732,,,,,,,,,,,,,,,,,,,,,,,,,,2129,,,,,,7402,,,,,,5973,,,,,,,,,3378,8035,,,,,,,,,,,,,,,,,,,,,,,,,,,,4086,,,,,3301,,,,,,6908,,,,2095,934,,,,,,,,,,,,,,,,,9785,,2196,,,,,,,,,,,,,,,,5378,,
9474,,,7389,,,,,,,,,,,,,7311,,,,,,,,,,,,,,,,4272,,,9854,,,,,,,,9862,,,,,,,,,,,,,,,,,6993,,,,,,,,,,,,,,,,,,,9995,,,,7291,,,,,,,,5187,,,,,,,,,,,,,,,,,,,,,,,4865,,,,,,9650,,,,,4694,,,,1151,,,,,,,,,,,,,,,,,6474,,,,,6536,,,,,,,,,,,,,9213,,,,,,,,,,5445,,,,,,344,,,,,,,,,,,,4305,,,,,,,,9783,,,,,,,,,,,,,,,,,,,,,,,,,,1966,,,,,,8415,,,,,,,,,,,,,,,,,,,,,3862,,
,,,,,,,,2644,6683,,,,,,,,,,,,,,,5933,,,,,,,,,,,,,,,,,,,6737,,566,,,,9967,,,8375,,,,,,,,,,3566,,,,,,5857,,,,,,,873,,,,,,,,,,,,,,,3119,,,,,,,,,,,,7221,,349,,,,8838,,,,6535,,,,,,,,,,2007,,,,5907,,,,,,,,,,8230,,,3532,,,,,,,,,7731,,,,,,,,,,,,,,,,,,,,,,,,,,,,,,,,,2741,,,,,,5135,,,,,,,,,,,,,,,,,,,,,,,,,,,,,,,,,4777,,,,,,,,,,,,,,,,,1692,,,,,,4585,6978,,,,,,,7708,,,,
,2138,,,,5695,9040,,,,,5246,,,,,,2129,,,,,,,,,,,,,,3526,,,,,,,,,,,,,,,,,,,,,,,,,,,,,,3369,,,,8291,,,,,8459,5795,,4403,,,,,,,,,,,9752,3140,3586,,1919,,,,,6458,,,,,,,,,,,,,,,,,,,,,5197,,2726,,,,,,,,,,,,,,,,2461,,,,,,,,,,,3620,,,,,,,,,,,,,,,,,,,,,,,,,,6713,,,,,,,,,,,,,,,,,,,,,,,,,,73,,,,,,,,,,,,,,,,,,,,,,,,,,,,,,,,,,,,,,,,,2257,,,6064,,,,,,9420,,6179,,,,,,2813,,
,,,,,101,,,,,,,,,,,,,,,,,,,4276,,,,,,1953,,,,,,,,,,,1543,,,,,,,,,,,,,,,,,,,,,,,,,,1550,,,,,,8074,,4957,,5768,,,,,,,,,,,,,2998,,,,,962,,,,,,,,,,,,,699,,,,,,,,9510,,,132,,,,,,4219,,,,,,,,,,,,9965,,,,,,,,,,,,,,,,,,,,,,,,,,,,,,,2401,8411,,2021,,,,,,,,,,,,,,,,,,3593,,,,,,,,9318,,458,1120,,,,2956,,,,,,,,,,,,3432,,,,,,,,,,,,,,,,6623,5886,,,,,,,,,,,1826,,,7846,,,,,1088,,,
,,,,,,,,192,,,,,,,,,,,,,,,,,,,,,7750,3685,,1001,,,,,,782,,,,,,,,,,,,,,,,,,,2825,,7458,,,,,,,,,,,,,,,,,,,,2187,,,,,,,,,,997,,,3389,,,,,,,,,,,,,,,,,,,,,1229,,3693,,,5692,,6977,,,,,,,,,,,,,,,,2646,,,,,,3226,,,,,,,4686,,,,,,3697,,,,,,,,,,,,,6156,,,,,,,,,,1987,,,,,4849,,,,,,,,,,,,,,,,,,,,,,,,,,6287,,,1128,,,,,,,7358,,,,,,,,,,,,,,146,,,,,4936,,,,,,,,,,,,,,,,,
,,,,,,,,,,,,,,,,,1171,,,,,,,,,,,,6585,,,,,,,,,,,2896,,,,,,9214,,,,5847,,,,,,,,,,,,,3150,,,,9435,7180,,,,,,,,,,,2341,,,,,,,,,,,,,,,,,,,,,,,508,,,9144,,,,,,,,,,,,,,,,,,,,,,6320,,,,,3177,,2420,,3570,,,,,,,,,,,,,3726,9748,,,,,1366,,,,,,,,,,,,,,,,,,,,,,,,2184,,,,,,,,,,1872,,,,,3623,,,,,,,,,8026,,,,,,,,,,,,,,,,,,,,,,,,,2407,,,,7818,,,,,,,,,,,,287,3402,,,,,,,,,,
,,,,,1498,,,,,,,,,,,,,,,,,,,,,,,,,,,,,,,6673,,,,,,,,,3450,,,,,,,,,3336,,,,7717,,,,,,,,,,,,,,,9424,,,,,,,,,,,,419,,,,,,,,,,,,,,,,2230,,,,,,,,,,,,,,,,,,,,,,,1444,,,,,,,,,,,,,,,,,,,,,,,,,,,,,,,,,5914,7359,,,,,,,,4746,,,,,,,,,,,,,,,2212,,,,,,,,,,,,,,,,,,,,,,,,,,,,,9324,7645,,,,,550,,,6741,,,9881,,,,,,,,,,,,,894,,,,,,,,,,,,,,,,,,,,
,,,,,,5991,8619,,,,,,,,,,,,,,,,,,1231,,,,,,,,,,6075,1091,,,,,,,,,,4435,,,,,,,,,,,,,,,,,,,,,,,,,,1966,,,,,,,,,,,,,,2958,,,,,,9517,,,,,2206,,,,1995,,,,4504,,1318,,,4543,,,,,,,5415,,,,,,4490,,,,,426,,,4389,,,,,,,,,,,,,,,,,3095,,,,,,,,,,5982,,,,,,,,,,3415,,,,,,,,,,,,,,,,,,,,,,,,,,,,,,,,,,,,,,,,8751,,,,,,,6778,,,,,,,,,,,,,6862,,,,,,,,,,,,2307,,,,,,,,9338,,,,,,8409,
,,,,,,,,,,,472,6696,,,,,,,,,,,,,,,,,,,,,,,,,2787,,,,,,,,,,,2348,,,,,,,,,3648,4363,,,,,,,,,,,,,,4703,,,,,,,,,,,,,,4929,,,,,,,,,,,,,,,,,,7669,,,,,,,,7023,3851,2322,,,,,,,,,,,,,,,,,,,,,,,,,,,,,,,7110,,3883,,,,,,,,,8870,,,,,,6433,,3076,,,3003,3054,,,,,,6592,,,,,3352,8231,,,,,,,,,1698,,,,,,,,,,,,,,,,,,,,,,,,,,,,,,1232,3969,,,,4866,,,,,,,,,,2124,,,,,,,,,7622,,,,,,,,,,,,
,,,,,,,,5300,,,,5882,,,,7798,,,,,,,,,,,,,,2836,,,,,,9767,,,,,,,,,,,,,,,,,,,,,,,,,,2495,,,,,,9042,,,,,,,,,,,,,,,,,,4641,,,,7915,,,,1054,,,,,,,,,,,,,4858,,,,,,,6996,,,,,,,,,,,,,,,,4785,,,,,,,1852,,,,,,,,550,,,,,,,,8728,,,,,,,,1049,7826,,,,,7549,,,,,,,,,,,,,,,,,,,,4884,,,1499,,,,,,,,,2338,,,,8868,,,,,,,,,,,,,,,,,,,5706,,,,,,,,,,,,,2485,,,,99,7357,,,,,,,,,,,,1866,,,
,,,,152,,,,,7035,6562,,,,,,,,,,416,6704,,,,,,,8380,,,,,,,,,7165,,,,7289,,346,,,,,4398,,,,,,,,,,,,,,,6037,,,,,,,,,,,,,,,,,442,,5946,,,,,,,,,,,,4764,,,,,,,,,,,9426,,,,,,,,,,,,,,,,,,,,,,,,,,,,,,,,,,,,4859,9017,,6562,,,,,,,,2750,,,,,,,,,2742,2445,,,,,,,,,,,,,,,,,5374,,,8164,,,,8328,,,2516,,,1866,,,,,,,,,,,2334,,,2969,,6557,1863,,,1624,,9868,,,,,,,,,,,,,,,,,,,,,8485,,,,,,,,,,,,,,,6495,,,,,
,,,5524,,,,,,,,,,,,,,,,,,,,,,9336,,,,,,6109,,,,,,,,,7649,,5305,,,,,,,,,,,,,,,,,,,,,,,,,,,,,,,,,,,,,,,,,,684,,,,7781,,,,4846,,,,,,,,,,,,,,,,,,,553,,2026,,,,,,,,,,,,,,,5915,,,,,,8191,,,7880,,,,,,,,,4486,,,,,,,,,,,,,1150,,,,,,,,5336,,,,,,,,2759,6830,,,,,,,,,,,,572,,,,,,,,,,,,,,,,,,,,8296,,,,,,,,,2288,,,,,,,4680,,,,9671,,,8737,,,,,,,1043,,,,,,,,5637,,,,,,,,,8779
,,,,,,,,,,,,,,,,,,,,,6467,,,,,,,,7550,,2656,,9551,8306,,,,,,6070,,5834,,,,,,,,,9658,,,,,,,,,,,7955,,,,,,,,,,2555,,,,,,,,2196,,,,,,,,,,778,,,,9326,,,,,,,,,,,,1523,,,,,,,,,,5407,,,,1901,,,,,,,1647,,,,,,,,,,,4658,,,,,,,,,,,,,,,,,,,,,,,,,,,,,,,,,,,,,,,,,,,,8419,1621,,,,,,3547,,1725,,,,,,,,,,,,,,,,,,,3819,,,5841,,,,,,,,,,3589,,,,9393,,,,,,,,,,,,,,,,,,,,,,5954,,,,,,
,5356,,,9370,2072,,,,3569,6031,449,,,,,,,9167,,9560,,,,,4366,,,,,,,,,,,,5576,,,,,,,,,,,,,,,,,,,,,,,,,,,,4429,,2936,,,,,,,,,,,,,,,,,,,,,,,,,1748,,,,,,,,,,,,,,,,3589,,,,,1743,4206,,,,,6447,2690,,3114,,,2348,,,,,,628,,,,,,,,,,,2987,1964,,,,,,,,,,,,,,,,,,,,,,,,,,,,,5922,,3144,,,,,,,,,6172,,,,,,,,,,,4788,,,,,,6396,,,,,6632,,,,,,,,,,,,,,,,,,,,,,,,,,,,,4833,,,,,,,,,,4371,,,,,,,,,,,
,,,,,,,5696,,,,,,,,,,,,,,6727,,,,,,,,,1586,,,,,,,,,,,,,,,,,,,2697,,,,,,2180,,,,,,,,,,,,,,,,,,,,,,,,,,,,,,,,,,,,,,,,,,,,,,,,,,,,,,,,,,,,7885,,,,8550,49,,,,,,,,6733,,5602,,4906,,,2418,,655,,,,1159,1051,,,,,,,,,,,,,,,,,,,,,,,,6323,,,,,,,,,,,,,,,9426,,,,1678,,,,,697,,,,,,,,,795,4538,,,,8846,,,,,,8005,,,,,,,,,,,,7346,,,,,,,,,,,8022,,,,,,,,,,,,,3485,,,,,,,,,
,,,,,,,,,,,,6336,,,,,,,,4407,,,,,,,,,,,,,,,,,,,,,,9923,,,,,,,,,,1887,,,,,,,,,,,9046,,,,,,,,,,,7055,,,,,,,,,,,,,,,,,69,,648,,,,,,,,,,,,,,,,,,,,,,,9333,5065,,,7690,,,,3303,,,,,,,,,,,1980,,,,,,,,,,,,,,,,,,,,,8752,,,6087,,,,,,2535,,,,,,,,,,,,,,,,,,,,,,,,,,8862,,,,,,,,,,,,,,,,,,,,,,,,,,,,,,,,,,,,,,,,,,,,,,,,,,,,,,,,,5368,,,,,,1111,
,,,,,,,2812,,5804,,,,,,6705,,,1959,4326,,,,,7585,,,,,,,,,,,235,,,,,,,,,,,,,7482,,,,,,,,,,,,,,,,,,,,,,,,,,,,,,,,,,,,,,,,,,,,,,,,,,,,2207,7067,,,,,,,,,,,,,,,5637,,,,,,,,,,,5730,,,,,,,,,,,,,,8801,,,,,,,,,9333,,,,,,,,,,,,,,,,,,,,,,,,,,,,,,,,,,2189,,,,,8477,,,,,,,,,,,,,569,8656,,,328,,,,,,,,,,,1520,,,,,7342,,,,,3486,,,,,,,,,,,7048,,,847,,,,,,,,,,8476,,5553,,
,,,,,,,,9124,,,,,,,,,,,,,,,4200,,,,,,,,,,,,4456,,,,,,,,1243,,3494,,,5953,,,,5390,,,,,,,,,,,,2320,,,,,,,,,,,,,,,,,,,4604,,,,,,,,,1688,,,,,,,,,8136,,,,,,,,,,,,5593,,,,,,,,,,,,,,,4172,,,,,5336,,,,,3537,9588,,2325,,,,,,,,,,7595,,,,,,,,,,,,,,,,,,,,,,,,,,7500,,,,,,,,,4885,,,,9229,,,,,,,9598,,,,,,,,,,,,,,9257,,,1562,,,1196,,,,,,9117,,,,,,,,,,,,7321,6649,,,,,,,,,,,,,,,666,,,,
,,,1476,,,,,,,,,,,,,,,,,,,1513,,,,,,,,,,,,,,,,,,,,,,,,,,,,,,,,,,,,,,,,3705,,,,,,8035,,,,,,,,,,,,,,9093,,,,,,,,,,,,,,,,,,,,,,3213,,,,,,,,,6800,,,,,,,,,,6731,,5308,,,,,,,,,,,,,,,6333,,,,,2134,,,,,,,,3864,,,,,,,,,,,,,,,,,,,,,,,,,,,,,3850,,699,,,,5720,,,7627,4418,,,,,,,,,,,,,,,,,,1668,,,,,,,,,4883,,,,,,,,,,,,,5966,,,,,,,,,,,,,,,,,,,,,,,
,,,,,,,,,,,,,,,,,,9631,,190,,,,,,4249,,,,,801,,,,,,,,,,,,,,,,,,,,,,,,,,,,,,6669,,,,,,,,,,,,3041,,,,,8143,,9093,,9985,,,2248,,,,,,,,,,,,,,,,,,,,6900,,,,,,,,,,,,3553,,,,,,,,,,,,,,,,,,,,,,,,,,,,,,,,,5693,,,,,,,,,,,334,,,,,1253,,,,,9783,,,,,,8937,,,,,,,,,,,,,,,,,,,,,,,,1948,,,,,2221,,3474,,,,,,,,,7229,,,,,,,,,,,,4991,,,,,,829,,,,,,,,,,,,,,,6930,,,,,
,,139,,,,,,,,,,4729,,,,,,,,,,,,,,,,,,,,,,,,,,,,2610,,,,,,,,,,,,,,,,,,,,,,,,,,,,,,,,,,,,,,,,,,,,,7903,,,,,2673,,,,,,,,,,,,,,,,,,,,,,,,,4976,,,,,,,,1773,,4208,,,327,,,,,,,4991,,,,,4798,,1103,,,,,,,,,,,,,,1092,,,,,,,,,,,,,7467,,,,,,,,,,,,,,,,2577,,,,,2157,2278,,,,,,,,8448,,4182,8465,,,,,,,,,,,8367,,,,,,,,,,,,,6639,,,,,,,,,,,,,,,5744,,,2937,8817,,,,,,,,,,
,,,,,,,4346,,,,,,,,,,,,,,,,,,,,,,,,,669,,,,,,,,,6042,,,,6742,,,,,,,,,,,6346,,776,,,,,7296,,,,,,,,,7541,,,,,,,,,,,,,,,,,,,,,,,,,,,,,,,,,,,1584,,,,,,,,,,,,,,,,,,6878,,,,,1701,,,,,,,,,,,,,,,,,,,,,,,,8623,,,,5808,,1723,,,,,,,,,,,,,3238,,,,,,,,,,,,,,,,2694,,,,,,,,,,,,,,,,,,,,9263,,,,,,,,,,,,,,,,,,,,8258,,,,,1475,,,,,,,,,,,,,,,,,,,,,2368
,8071,,,,,,,,,,,,3075,,,,,,,,2630,,,,,,,,,,,,,,,,,,,,,,,,,,,9687,,,,,,,,,,,,,,,,,,,,,7282,,,,,,,,,,8819,,,,,,,5483,,,,,,427,,,,,,,,,,,,,,,,9690,,7696,,,,,,4524,,,,,,,,,,,,,,,,,,,7890,,,,,,,,,,6954,,,,,,,,,,,,,,,,,,,,,,,,,,,,9391,,,7197,,,,,8659,,,,,,,,,,,,,2582,,,,8880,,,,,,,,,,,,,,,,,,,,,,,1590,,,,,,,4400,,,,,,,,,,,,,,,,,,,,,,,,,,,
,,,5120,,,,,,,,,,,,,6173,,8537,,,,,,,,,,,,,2541,,,,,,,,,,,,,,,,,,,,,,,,,,,,,3401,,,,,3109,,,,,,,,,,,,,,,,,,4204,,,,,,,,,,,,,,,,,,,,1308,,,,,,,,,,,,,,,,,,,,,,4266,,,8685,,,,,,,9980,,9131,,2336,,,,,,,,,,,,,,,,,,,,,,,,,,,,,,,,,,,,,,,,,,,,,,,,,,,,,,,,,,,,,,,,,,,,,,,,,,,,,,,,854,,,,731,,6659,,,,,,,8729,,9252,,,,,,,,,,,,,,3738,4201,,7511,,,3617,
,,,,,,,,,,,,,,8470,,,3696,,,,,,,,,,104,,,,,,,,,,1302,,,,,,,,,,,,,,,160,,,,,,,,,,,,,9920,,,,3396,,,,,,,,,,,,,,,8018,,,,,,,,,,,,,,,,,,,3781,,,,2092,,,,,,,,,,,,,,,,7077,,,,,,,,,,,,,,,,,,,,,,,,,,,,,,,,1303,,,,,,,,,,,,,,,7720,,,,,,,,,,,,,,,,,,,,,,,,,,,,,,8146,,,,,,,,,,,,,,,9484,,,,,,2675,,9840,165,,,,,,,,,,,,,,,,,,,,,,,,,,,,,,,
,,,,,,,4195,,,,,,,,,,,,,,,,6042,,,6747,5752,,,,,,,,,,9203,,,,,,,,,,,,,,,,,,,,,,,,,,,3676,,,,,,,,,,,,,,,,,,,,9835,,6579,,,,6688,,,,,,,,,,,9558,,,,,,,,,,8079,,2742,,,,,,,845,,,,,,,,,,,9396,6992,,,,,,,,,4983,,,,,,,,,,,,,,,,,,,,,,,,,,,,,,,,,,,,,,,,3919,5443,,,,,,,,,,,,,,,,,,,,,,,,,,,,,,,,,,,,,,,2557,,,,,4846,,6911,,,,,,5497,,,,,,5253,,,,,,,,,,,,,,,
,,3251,,,,,,,,,,,3528,,,,,,,,,8284,75,,,,,,,,,,,,4139,,,2811,8362,,,,,2902,,,,,,,,,,,,,,,,,,,,,,,,,,,6421,,,,,,,,,6148,,,9568,,,6370,,,,,,,,,,8778,,,,,,,,,,,,,4254,,,,,,,,,,10,,,,,,,,,,,,,,,,8172,,,,,,,,,,,,,,,,,,,,,,,,,,,,,,2032,,,,,,,,,,,,,,,,,2241,,,,,,,,9229,,,2359,,,,7677,,,,,,,,,7642,,,,,,,,,,,,2895,,,,,,2665,,,,,,,,,,,,,,,,,,,,,,,,,,,,,7200,,
,,,,,,,,,,7130,,,4954,,,,,,,2684,,,,,,,,,,,,,,,3118,,,,,,,,,,,,,,,,8511,,,,,,,6020,,,,,,,,,,,,,,,1124,3613,,,,,,,,,,,,,,,,,,,3643,4597,,,,,,,,,,,,,,,,4663,872,,8498,,,,,,9158,,,,,3615,3115,,,,,,,,,,,352,,,,6222,,,8417,2637,5440,,1798,,2043,,3741,7464,,,,,,,,,,,,,,,,,,9361,,,5327,,,,,,,,,,,,,,1560,,5971,,,,6882,,,,,,,,,,,9251,,,,,,,,,,,,,,,,,,,,,,,,,,,,,,,,,,,,,,,,,,9165,,,7341,,2306,889,,,
7397,,,,,5214,,,,,,,,,,,,,,,,2550,,,,,,3309,8119,,,,,,,7455,,,,332,1068,,,,,,,,,,,,,,,,3284,,,,,,,5283,,,,,,,,,,,,,,,,667,,,,,,,1606,,,,,,,,,,,,,,,,1495,,,,,,,836,6827,,,,,,,,,,,,,,,5188,,,,,,,,,,,,,,,,8517,676,,,,554,,,,,,,,9263,,8694,,,,,,,,,,,,,,,,,,,,,,,,,,,,,,,,,,,2350,,,,,,,,,,,,,,,,,,,,6779,,,6621,1350,,,,,,,,,,,,,,,,,,,,,,,,9874,3445,,,,,,,6457,,,,,,3476,,
,,,1137,,9140,,,,4157,,,,,,,947,,,,,,,,,,,,,,,8232,,,,,,,8433,,,,,,,,,,,,,,,,,,,,,,,,,,,8338,,,,,,,342,,,,,,,,,,,,,,,,,,,6060,,,,,1972,,,6153,,,,,,,,,,,,,,,6896,,,,,,,,665,,,,,3457,,,,,,,,,,,,,,,,,,,,,,,,,,,6377,,2789,,,9145,,,,,,,2400,,,,,,,,,,,167,,,,,,,,,,,,,,8201,,,,,,,,,2924,,,,1069,,,,,,,,,,258,,,3538,8900,,,9113,1374,,,,8618,,,,,,,,,4210,875,,,,,,,,,,,,,,,,,,,2076
,,,,,,,,1217,,,,,,,,,,,5879,,,3541,,,500,,,,,1139,6555,3834,,,,,,,,,,,,,,,1528,,,,,,,,,,,9142,,,,,,,,,,,,,,,,,,,,,,,,,,,,,,,,,4501,,,,,,,,,,,,,,,,,,,,,,,,,,,,,,,,,,,,,,,,,,,,,,,,,,,,,,,,,,,,4364,,931,,,,,,,28,,,4678,4656,,,,,,,,,,,,6559,,,,,,,,8459,,,,,,,,8298,,,,,,,405,9566,,,,,,,,,,590,,,2199,,,,,,,9801,,4582,,8536,,,,,,,,,,,,,,,,,,1189,,,,,,,,,,,8007,,
,7817,,852,,,,,,,,,,,,2159,,,2810,7819,,,,3742,,485,9496,,,,,,,,,,,,,,,,,,,,,6575,,,,,,,,,,,1035,,1361,2204,,,,,,,,6379,,,,,,,,,,,,6677,,,4144,,,,,,,,,,,,8000,,,,474,3634,,,,6152,,,,3535,,,,,,,,,,,,,,,,,,,,,,,,,,,,,,,,5233,,,,,,,,,,,,,,8349,,,,,,,,,5777,,,,,,,,,,,,,8918,,,,,,,,,,,,,,,8684,,,,,,,,,,,8404,,,,,,,,,,,,,,,,,,,3786,,,6535,,,,,,,389,,,,5786,,,,,,,,,,,,,,,,,6229,,
,,,,,,,,,,,,,,,,,,,,,,,,,,,,,,,,,,,,,,,,,,,,,,,,,,,4935,,,,,,,,,,,8309,,,,,,,,,,,,,,,,,,,,,,,,,,,,,,,6544,,,,,,7721,,,3288,,,,,,,,,,,,,,,,,,,4263,3717,,,,,1063,,,,,,,2182,,,,9375,,,,,,,,,,,,,,,,,,,,9613,,,,,,9540,1206,,,,,,,,,,,,,,,5878,,,,,,,,1770,6644,,,,,,,,,,,,,,,,,,,,,,6171,,,,,,,,,5612,,,,,,,,,,,,,,,,,,79,,,,,,,,,,,,,,,,,
,,,,,,,,,1998,,,4616,,,,,,,,,,,,,,,,,,,,5690,,,,,,,,3274,,,,,,,,7815,,,,,,,,,,9528,,,7376,,,,,,,,,,,,,,,,,,,,,,,,,,,,,7699,,,,,,,,,9923,,,,,,5436,,,,,,,,1069,,,,,,,,,,,,,,,,2351,,,,,2332,,,,,,,,,,,,,,,,6678,,,,,,,,,,,2567,,,,5445,6848,4930,,,,1948,1116,,,,,,,,,,,,,,427,,,,,,,,,,,,5089,,,,,,,,,4449,,,,,,,,,,,,,,,,,,,,1118,,,,,,,,,,,,3877,8689,8478,,,,,,,,,,,,,3533,
,,,,,,,,,,,,,,,,,8312,,,,,,,,8898,,,,,,,,,,,,,,,,,,,,,,7996,,,7051,,,,,,,,,,8778,,,,,,,,,,,,,,,,,,,,,,,,,8556,,,,,,,,,,,7747,,7045,,,,,,,7013,,,,,,,,,,,,,,,9271,4430,,,3079,,,,,,,,,,,6826,,,,,,,6677,3565,,,5998,,,,,,,,,,,7148,,,,,7396,8759,,,,,,,,,,6760,,,,,,,,,,,,,,,,,,,,,,,,,,,,2444,,,,,,7878,,,,,,8835,165,,,8641,,9306,,,,,,4948,,,,,,,,2326,,,,,,,,,,,,,,,,,,5408,,6928,,
,4589,,,,,,,,,,,,,,,,,,,,,,,,,,,,,,,,,,,,5270,,,2385,,,,,711,7970,,,,3612,,,,7591,,,,,,,,,,,6219,4864,,,,3674,,,,,,,,,3647,,30,,,,,,,,,,,,,,,,,,,,,,,,,,,,,,,,,,,,,,,,4969,,,,,,,,,6023,9661,,,,,,,,,,,,,,,,,,,,,,,,,,,,,,,,,,,,,,,,,,,,,,,2259,,,,,,,,,,,,,,,,,,,,,,,,,,,,,,,,,,,,,,,,,,6728,,,,,,,,,,,,,,,,,,,,,,6237,,,,2954,,,,,7608,,,,
,,,,,,,,,,,,,,,,,,,,,,,,,,,,,,,,,,,,,473,,,,,,,,39,,,,,,,,,,,,,9554,,,,,,,,,,,,,,,7178,,,,,,,7841,,,,,,,,,291,,,,,,2220,,,,,,,,,,6959,,,,,,,,,,,,,,,,7932,,,,,,,,,,,51,,,,,,,,,,,,6918,6572,,864,,5264,,,,,,,,,,,,,5874,,,,,,,,,,,,,,,7098,,,,994,,,,,,,2130,,,,,,2297,,,,,,,,,,,,5467,,,,,,,,,,,,,,,,,,,,131,,,,,,,,,,6664,,,,,,7982,,,,,,,,9361,,,,,
,,,6624,,,,,,,,,,,,,,,,,,,,,3285,2048,,,,,,,,,927,,5428,,,,2604,,,,4344,,4259,,,,,,,,,,,,,,,,,,,7662,,,,,,,,,,8843,,,9033,,,,,,,,6945,,8395,,,,,,,1897,,,,,,,,,,,,,,,,,,,,,,,,,,,,,,,,,,,,,,,,,,,,,,,,,,,,,,,,,,,,,,,,,,,,1740,,,,,,,,,,,,,7265,,,7959,,,,,,,,,2697,,,,,,,,,,,,,8812,,,,,,,,,,,,,,,,1330,,,,,,,,,,,,,8437,,,,9232,,,,,,,,,,,,,,,,,,,,,
,,,,,,,1235,,,,,,,,,,,,,,,,,,,,,,,,,,,,,,,,,,,,,,,,,,,6717,,,,,,2799,,,,,,,,,,730,,,,,,3271,,,,,,,,,,,,3886,,1000,,,,,,,,,,,,,,,,4176,,,,,,,,,,,,,,,,,,,,,,3386,,,,,,,,,,,,,,1947,,,,,,,,,,,,,,,7148,825,,,,,,,,,,,,,,,,,,,,,,5959,,7195,,,,,,,,,,,,,,1090,,,,,,,,,,9425,,,,,,,,,,,,,,,,,,,,,,,,,,,9094,7380,,,,,,,,,67,,,,,,,,4059,,,,,,,,
,,,,,,,,,,,,,,,,,,,,,,3898,,,,9949,,,,,,,,,,,,944,,,,,8518,,,,,,,,,,,,,,,,,,,,,,,,,,306,,,,,,1305,,,,,,9931,,,,,,,,,,,,,4598,,,,8833,,,,,,,,,,4213,,,,,,,,,,,,,,,,,,,,8186,,,,,9038,,,,,,,,,6640,,,,,,,,,,,,,,,,,,,,,,9717,,,,,,,,7501,,,,,,,,,,,,,,,,,,,7680,,,,,,,,,,,,3125,5452,7090,,,,,,8060,,,,,,,,27,,,,,,,,,,,,,,,,,,,245,,,,,,,,,,,,,,8466,5841,851,
,,,,323,,,,,1913,,,6553,,,,,,,,,,,,,,,,,,,,5200,,,,,,,,,,8123,,,,9552,5904,,,,,,,,,,,,,,,,,,7272,,,9269,,,,,7764,,,,,,,,,7552,,,9492,,,,,,,,,,,,,,,,,9671,,,,,,,,,,2238,,7252,,,,,,,,,,8126,,,,,,,,,,,,,5530,,,,,,,,,,,,,,,,,,,,74,,,,,,,,,,,,,,,,,3737,,,1082,6086,,,,,,,5476,,,,,,,,,,,,,,,,,,,,,,,,,,,,,,,,,,,,,,,,,,,,,,,2337,,,,,,,,,,1413,,,,,,6860,,,,121,,,
,,,,,,,,,,4442,,,,7610,,,,9974,,,,,,9456,2669,,,,,,,,,2332,,,,,,,,,3722,,,,,,,4007,,,2122,,4193,,,,3349,,,,,,,,,,,,,7081,4073,8513,,,,,,,,,,,,,,,,,,,,,,,,,,,,,,,,,,,6797,,2133,,,,,,,,,1576,,,,,,,,,,,,,,,,,,,,,,,,,,,,,,,,4749,2294,,,,,,1043,,,,,,,2532,,,,,9636,,,,,,1361,,,,,,,,,,,,,,,,,,7072,,,,,,,,,,,,,,,,,,8901,,2078,3117,,,,,,,7986,,,,,,,,,,7256,,,,,,,5266,,,,,,,5726,,,,,,,,
,,,,,,,,,,,,,,,,,,,,,,,,,,,,,,,,,,,,,,,,,,,,,,,,,,,,,,,,,,,,,,,,,,,,,,,,,,,,,,,,,,7970,,,,,,,,,,,,,,,,,,,,,,,,7313,,,,,,,,,,,,,,,,,,,,6575,,,,,,,,,,,,,,,,,,,,,,,,,7676,,,,,,2091,,,,,,,1659,,,,,,,,,,,,,,,,,,,,9848,,,,,,,,1627,,,,,,,,,,,3333,,,,,,,,,,,9466,,,,,,,,,,,,,,,,,,,,5685,6131,,,,,,,,7023,,,,,,,,,,,,
,,,,,,,,,,,,,,,,6810,,7882,,,,,8375,,,,,,,1292,,,,,,,,4681,2191,,,,,,,5847,,,9588,,,,,,,,8654,2573,,,,,,,6502,2706,,,,9118,,,,,,,,,,,,,,,,,,,,5776,,7844,,,,5150,,,,474,,,,,,,,,9144,,,,,,,,,,,,,,,,4162,,,,,,5392,,,,,,,,,2500,,,,,,,,,,,,,,,,,,,,,,,,,,,,,,,,,,1527,,,,,,,,3232,,9082,,,,,,,1384,,,,,2135,,3271,,,,,,,,,,,,,,,,,,,,,6604,,,,,,,,,,,,,,1523,,,,,,,7191,,,,,,,,,,,,,,,
8520,,,,,,,,,,,,,8742,,,,,,,,,,,,,,,,,,,,,,,,,,,,,,7649,,,2389,,,,,2961,,,,,,,,,,,,,,,,,5742,,,,2921,,,,,,7644,,,,,,,,,,,,5918,,,,,,,,,,,,,,,,,,,,,,,,,,,,,2844,9146,,,,,,,,,,,,,,,,2371,,,,,,8094,,,,1615,,,,,,,,,,,,,,7329,,,,,,,,,,,,,720,,,9715,,,,,,6908,,,,,,,,,,3422,,,,8352,,,,,,,,,,,,,,,,6089,,3724,,,,,,,,,,,,,,,9650,,,2671,,,3543,,,,,1899,,,,3631,,,,,,,,,,,
,,,,,,,,,,,,,,4702,,,,,,,8341,,,,,,,,,,,,,,,,,7727,,,,,,,,,,,,,5584,,,,9951,,,,6180,,,,,,,,,,,,,,,,,,,,,,2415,,,,,,,,,,,,556,,,,,,,,,,,,,,,,,,,,,,6219,1787,,,,,,,,,,,215,,,,,,,,,,,,,,,,,,5212,,,,,,,,,,,,,,6025,,,,9738,,,,,,,,,9429,,,5071,,2842,,,7400,,50,,,,7147,,,9902,,,,,,,,,,,,,,,1055,,,,,,,,,,,,,,,,,,,,,,,,,,,,,,,,,,,,,,,7090,,,,,,,,,,3696,,
,,,,,,,,,,,2882,,,,,,,,,,,,,,,,,,,,,,,,2485,,9014,3181,,69,,,,,6312,,,,,,,1361,,,,,,,,,38,,,,5070,,9005,,,,,,5749,5138,,,,,,,,,5471,,,,,,,,,,,,,,,,,,,,,5166,,,,,,,,,,,,,,,,,3737,,2954,9414,,,8698,,,,,,,,,,,,,,9240,,,,,,5897,973,,,,,5269,,,,,,,,,,,,,,,,,,,,,,,,,,,,,6874,,,,,,,,,,3692,,,,,,,,,,,,3111,,,,,,,,,,,,,,,,5472,,,,6471,7640,,,,,,,9780,,,,,,,9884,1584,,,,,,,,,,,,,,,
,,,,,,,,,,,,,,,,,,,,,,,,,,,,,,,,,,,,,,,,,,,,,,8383,,,,,,,3571,,,,,,,,,3975,,,,,549,,,,,,,,,,,,,,,1861,,,,,,,,,1714,,,,,,,,,,,,,,,,,,,,,,,,,,,,,,,8720,,,,6928,,,,,,,,,,,,,9814,,,,,,,,,,,,,,,5796,,,,,,,,,5802,7225,,,5406,,,,,572,,,4855,,,,,,,4096,,,,,,,,,,,,,,,,,,,,,,,,,,,,,,9284,,,8922,,,,,,,,,,,,4980,,,,,,,,,,,,,,,,,,,,,,6192,4119,,,,,
,,,,,,,,,2722,4409,,,,,,,,,,,,,,,,,,,,,3831,,,8582,,,,,,8884,,,,,,,,,,,,,,,,,,,,,,,,,3998,,,,,,190,,,,,,,,,908,,,,,,,,,,,,,,,,,,,,,,,,,,,,,,,,,,,,,,,,,,,,,,,,,,,2120,4027,9104,,,,5284,,,9741,,,,6162,,,,,8176,,,,,,,,,,,,,,,,,,,,,,,,,,,4032,,,,,,,,,9370,,,,,,,,,,,6695,1455,,9347,,4416,,,,,,,,,,,,,,,,,,,,,,1426,,,,1920,,,,,,,,,,5583,,,7672,,,,9390,,,8970,,,,,,,,
,,,,,,,,,,,,,,,,,4277,,3019,,,,4871,,,,,,,,,,,,,,,,,,,,,,,,,,,,,,,,,,,,,,,,,,,,,,,,,,,,8856,,4391,,,7576,,,,,,,,,,,,,,,,,,,6831,,,,,3336,,,,,,,,,,,,,,,,,,,2129,,8732,,,,6534,,,,,,,,6150,,,,,,,5478,,,,,,,,,8040,,,265,,6795,,,9632,,,,,,,6492,,,,2540,,1961,,,,,,,,,,,,,,,,,,,1798,6129,,,,,,,,,,,,,,,,,2227,,5283,,,7903,1890,954,,,,,,,,,,,,,,,,,,,,,445,,2782,,,,,,,,,,5300,,,2734,
,,,,,,,2821,,,,,5983,,,,,,,380,3954,,,,,,,,,,,,,8511,,,,,9438,,,,,,,,,,,,,,,,,,,,,,,,,,6591,,8588,,,8963,,,,,,,,3702,173,,6693,,,,,,,,,,,,,,,,,,,,,,,,,5780,,,,,2749,,5726,,,4677,,,,,,9619,,4267,,,,,,,,5158,,,,,,4709,,,,,,,,,,,,,,6523,,,,,3389,,,,,,,,,,9502,2005,843,,,,,,,,,,,,,,,,6613,,,1804,,,8385,,,,,,,,,2800,,,,,,,,,,,,,,,,,,,,,,,,,,,,,,,,,,,,,,,,,,,,118,,6912,,,,,,,,,,
,,,,,,1024,,,,,3915,,499,,,,8457,,,,,,3723,,,,,,,,,7596,,,,,8897,,,,4032,2771,,,,,,,,,,,,,,,,,,,,,,4598,8804,2111,,,,,,6228,,,9693,,,,,,,,,,,,,,,,2171,4156,,2678,,,,,1390,,,,,,6694,,,,,4213,,,,,,,,,,,,,702,9015,,,,,,,,,,,,,,,,,,,2440,,,,,,,,,,,,,,,,,8081,,,,,,,,,1423,8579,,,,,,,,,,,,,,,,,,,,,,6498,,8032,,,,,,,7908,5700,,,2648,,7204,,,5231,,,,,,,,318,,,5805,,,,,,,,,,,,,,,,,,,,,,,,,,,8153,,,,,,,
,,,,,,,,,,6513,,,,,9553,,,,,,,,4134,,,,,,,,,,,,,,,,,,,,5591,,,,,,,,,,,,,,,,,,,342,,,,,,,,3062,,,5721,,,,1321,,,,,,,,,,,,,343,,,,,,,,,,,,,,,,,9723,,,,7139,,,,,,4355,,,,7064,,,,,,,,,,,,,,,,5702,,,,,,764,,,,,,9513,9743,,,,,,,160,,,,,,,,,,,,8316,,,,,,,,,,,7771,5434,,,,,,,,,,8585,,2343,,,,,2418,,,6522,5210,4747,,,,,,7369,1788,,,8228,,,,,,,,,,,,,,,,,,,,,,,4683,8526,5165,,,,,,,,,,,,8167,,,,,
,,,,,,,,,,,2394,5134,,,,,,,,,,,,,,,,,,,,4526,,,,,7439,3662,,,,881,,,,,,,6592,,,,,,,3071,,,3090,,,,,,,7944,,,,,,,,,,,,,6798,,,,,,,,,,,8961,,,,8012,,,,,,,,8975,,,,,,,,,,,,,,2133,,,,,,,,,,,,,,,,,,,,,9550,,,,,,,,,,5058,7506,,,,,,,,,,,,,,,,,,,,,,,,,3389,,,,,,,,,,,,,,,,,,2920,,,,,,,,,,,,,,,,,,,,,,,,,,,,,,,,,,,,,,,,,,,,,,5048,,,,,,,,,,,,,,,,,,4976
,,,,,,,,,,,,,,,4882,,,,,,,,,,,,1677,,,,4257,,,,,,,,,5370,,,,,,564,,,,,,,,,,,,,,,9230,,,,9839,,,,9181,,,,,,,,,,4581,,,,,,,,,,,,758,,,,6983,,,,,,,,,,,,,,,,,,,,,,,,,,,,,,,,,,,,,,,,,9144,,,,,,,,,,,,,,,,,,,,,,,3311,,,,,,,,,7555,,,1204,,,,,,,,8510,,,,,,,,,,,,,,,,,,,1617,,,,,,,,,,,,,,,,,,,,,,6921,,,1340,,,,,,,,28,,,,,,,,,,4161,,122,,,,2164,,,,,,,,
,,,,,,,,1495,,1369,4877,,,7886,,,,,,6820,,,,,,,,,,,,,,,,,,,,,,,9967,,,,,,,,,,,,,,3935,,,,,,,,4126,,,7659,,,,,,8490,,,,,,,,,,,,,,,,,,,,,3306,,,,,,,4434,,,,,,,,8117,,,,2316,4679,,,,,1894,,,,,,,,6034,,,,2908,,,,1663,,,,,,,,,447,,,,,,,,,,4831,,50,,,,,,,,,,,3050,,,,,,,,,,,,,,,,8811,,,9672,,,7881,,,,,,,,,,,,,,,,,,,,,,,,,7702,,,,,6064,,,,,,265,,,,,,,,,,4580,,,,,,,,3494,,,,,,,,,,,
,,,,,,,,9643,,,,3946,,,,,,,,,,,,,,,2394,594,,,,,,,,,,3973,,,,9082,,,,,,,,,,,,2700,,,,,,,,,3063,,,,,,,,,,,,,,,3197,,,9174,,,,,,,,,,,,2545,,,,,,,,,,470,4670,,,,,,,,,,,,,,,,7350,,,,,,1566,,,,,9455,,,,,4019,,,,,5958,,,,,,,6621,,,,,7027,,,,,5940,,,,,,,,,4414,6849,,,3545,,,,,,,,,,,,,,,,,,,,,,,,,,,,,5877,2377,4658,,,,,,,8914,,,5510,,,,,,,,,,,,,3487,,,,,7191,3229,,,,,1048,,,7786,,,,,,,,,,,,,,,,
,,,,,1823,,,,,,,6311,,,,,,,,,,,4997,,,,,,,,,,,,,,,,,2705,5184,,,,,,9295,,,,,,,4256,,5522,,,,1781,,,,,,,2597,,,,,,,,,,,,,,,,5649,,1921,,,,,,,,,5107,,4733,,,,,6694,,2103,,,,,,,,,,,,266,2513,,,,,,1104,,,,,,,,,,,,7846,,,,,,,,,,,,,,,,,,,,9291,,,,,,,,4590,,,,,,2323,,,,8458,,,,,,,,,,,,,3267,,,,,,,,,,,,8015,,,,,,4906,120,,,,,,,,,,,,,,,,,,,,,,,,,,2212,,,,9701,,3883,,,,,9581,,,7283,,,,,,,,,,5188,
,,,,,,,7904,,,,,,,,1552,,,9555,,,,6767,,,,,,,,,,,,,,,,,,,,,,,,,,,,,,,,,,,,,,,,,,,,,,,,,,,,,2680,,,,,,,3984,,5233,,,,,,,,,,,,,,,,,,,,,1704,,,,,,,,,,8421,,7395,,,,,,,,,,,,,,,9358,,,,,,,,,,,,,,,,,,837,,9779,,,2701,,,,,,,2647,,,,,,,,2932,,2980,,,365,,,,,,,9050,,,,,,,,,,,,,,,,,,,,,,4143,,,,,,,,,,,,1008,,,,9592,,,,,,8454,,,,,,,6128,,,7044,,,,,,,,,,,,,,,,,,,
,5987,3594,,,,,,4619,,,,,,,,,,,,,,,,,3702,,,,,,,1249,,,,,,,,,,,,,,,794,9226,,,,,,,,,,,,,,,,,,,,,,,,,,,,,,5775,,,,3628,,,,,,,,,,,,,,,,,,,,,,,,,,,,,4100,,,,,,,,6137,,,,,,,1848,,,,,,,,,8610,,,,,,,,,,,,6346,,,,,,,,,,,,,,5747,,,,,,,,,,,,4688,,,1206,,,,,,,,,,,,,,,,,,,,,3835,,,6637,,,,2734,,,,,7232,,299,,,,,,,,,,,,,,2536,,,,4950,,,,,,,,,,,,,,,,,,,,,,8681,,,,
,,,,,,,,,,,,,,,,,,,,,,,,1010,,3993,,9703,,,,,,,,,,,,6311,,,,,,,,,,6361,,,,,,,,,,7154,9445,,,,9816,,,,,,,,,,,7484,,,,,,,,,,,,,9049,,,,,5223,,,,,,,,,1586,,,3834,,,,,,,,,,,,,,,,,,,,653,,,,,,,,,,,,,,,,,,,,,7294,,,,,,,,7398,,,,,,,,,,,653,,,,,,1655,,,,,,,,,,,,,,,,,,,,,1322,,,,,,,4047,,,,,,,,,,,,,,,,,,,,9024,,,,,,,,,,,,,,,,,3739,,,8331,4679,,,,,,154,,,,,,,,
,,,,,,,,,4147,,,,,1091,,,,,,,,,,,8245,,,,,,,,,,,,,,,,,,,,,,,,,,,,,,,,,6619,,,,5193,,,,879,,,1020,3035,,,,,8597,,,,,,,,,,,,,,,3055,5575,,,6460,,,,,,596,,,2653,,,,,,,,,,,,,,,,,,,,,,,,,,,,,,,,,,,,,,,,,,1585,,,,,,,,,,,,9544,,,,,9059,,,,,,,,,,,,,,,,,,,,,,,,,,9399,,4226,1988,5648,,,,,,,,,,,,,,,,,,,4420,,,,,,,,,,,5584,,,,,,1168,,,,,,,,,,,,5411,,4085,,,,7196,,,,,,,,,
,,,,,,,,,,,,,1525,,,,,,,,,,,,,,,,,,,,,,,,,,,,,,,,,,,,,,,,,,,3093,,,,,,,,,,,,,,,,,,,,,,,,1283,,,,,,,,,,,,,4276,,,,,,,,,,,,,,,,,,,,,,,,,,,,,,6453,5809,,,,,,,,,,,,,,,,,,,,6094,,,,,,,,,,,,1845,,,,,,,,,,,1713,,,,,,,8867,,,,,,243,938,,,,,,,,,,,3615,,,,,4938,,,,,,,,,,,,,,,,9768,,,,,9964,,,,,,,,,,,,,,5349,2564,,4930,,,,,,,,,,,,454,,,7054,,4860,,,
2959,,,,,,,,,,2660,,,,,,,,,,,,9828,8860,,,,,,,,,,,,,,,,,,,,,,,4997,,,,,,,,,,,,,,,,,,8525,,,,,1688,,,,8002,,,6617,,,,,,,,,,,,,,613,,,,,8936,,,,,,,8957,,,,,,,,,,,,,,,,,,,,,,,,,,,,,,,,,,,,9319,,,,,,,,,5081,,,,,,,,,,,,,,,,,,,,,,1291,,5043,,,,,,,,,,,,,,,,,,,,,,,,,,,,,6539,,,,,,,,,,,,2560,,,,,,,,,,2236,,,,,,,,,,,,,,,,,,,,,,,,2472,,,,,,,,,8042
,,,,,,,,,,,,,,,,,,,,,,,,,,,,,,,,,,,,,,,,,,,,,,,,,,,,,,,,,,,,,,,,,,3587,8852,,,,6437,,,,,1084,,,2187,,,,,,,,,,,,,,,,,,,,,,,,,,,,,,,,,,,,,,,,,,,,,,,1926,5533,,,,,,,,,,,,,,,,,,2921,,,,,,,,,,,,2,,,,,,,,,,,,,2606,,,,,,,,,,,946,,,,,,,,,,7610,,,,,,,,5290,,,,,,,,79,,,,,,,,,,,1471,,,,,,,,,,,,,,,,,,,,2814,,,,1377,,,,,,,,9023,,,,,
,,,,,,9802,,,,,2569,,6132,2473,,,,,,,,,,,,,,,,,,,,,,,996,369,,,,,3570,,,,,,,,,,,,,,,,,,,,,,,,,,,,,,,,,,,,,,,,,,,,,,,4988,,,,3233,,,,,,,,,,,,,,,3191,,,,,,,,,,,,,,,,,,,,,,,,,,,,,,,,,,,,,,,,,,,9173,,,,,,,,4308,,,6665,,,,,,,,315,,,,8378,3797,,,,,,,,890,,,,,,,,,,7941,,,,,,,,7211,,,,,,,,,,,,,8960,,,,,,,,,,,,,,,,,,5130,,,,,,,,,,,,,,,,,,,,,6006,
,,,,,8463,,,,,8094,,,,,,,,,,,,,,,3990,,,,,,,,,,,,,,,,,,7973,,,5750,,,,,,,,,,,,,,,4750,,,,7710,,,,,,,,,,,7849,,,,,,5766,,,5285,,,,,,,4828,,5432,,,,,,,,,,,,,,,,,,,,,,,,,,,,,,5936,,,,,,,,,,,,,,,,2192,,,4986,,,,1229,,,,,,,,,,,,,,5259,,,,,,,3788,,,,,,,,,,,,,,,,,,,,,,,,,,,,,,,,,1123,,,,,,,,,601,,,1600,,735,,,,,,,,,,,1454,,,9947,,,,,,,,,,,,,,,,,,,,,,,,7375,,
,,,,,,,,,,7915,,,,,,,,,,,,,,,,,,,,,,6516,6862,,,6056,,,,3824,,,,,,3671,,,,,,,,,,,,,,,,,,,,,,,,,,,,7963,,,,,3316,,,,,,,,,,,,,,7296,6609,,,,,,,,,,,,,1318,,9041,,,,7304,,,,,,,,,,,,,,,,,204,,,,,,,,,,,,2763,,,,,9269,,,,,,,,,8360,,9734,,,,,,,,,7327,,,,,,,,,3252,,,,7173,9689,,,,,,,,,,,,,,,,,945,,2372,,,,9470,,,,,,,,,,,,2631,,,9889,,,942,,,,,,,,663,,,,,,,,,,,,,,,,,,,,,2000,,,,
,5741,,,,,,,,,7790,,,,,,,,,,,,,8881,,,,,,,,,,,,,,,,,,,,,,,,,,,,,,,9822,,,,,,,547,,,,,1744,,,,,,,5743,,,,,,,,,,,,,,,,,,,,,,,,,,,,,,,,,,,,,,,,,,,,,,,,,8336,,,,,,,,,,,,,,,,,,,,,,,,,,,,,,,,,,,,,,,,,,,,580,,,,,,2528,,,5668,,,,,,,,,,,,,,,,,1121,,,,,,,9091,2612,1715,,,7411,,,,3274,7713,2318,,,,,,114,,,2591,,,,,,,,,,,,,,,,,,,,,,,,,,9168,,,,2010,,9095,,,,
,,,,,,1910,,2074,4837,,,,,,3846,,,,,1315,,,,,,,,,,,,3421,,,3212,,,,,,,,,,,,,,,,,,8479,,,,,,4418,,,848,,,,,,,,,,,,,,,,,,,,,,,,,,1512,8263,,,,,,,,,5811,,,,,,,3004,1316,,,,,,,,,,,,,5360,,,,,6142,,,,,,,,,3501,,,,,,,,,,,3031,,,,,,,9915,,,,,,,,,,,,,,,,,,3996,,4681,,,,,,,,,,,,,,,,,,,2989,,,,,,,,5734,,,,,,,,,,,,,9346,,,,,9140,,5769,,,,,,,,,,,,,,,,,,,,,4989,,,,,,,6658,,3055,,,,,,,
,,,,,3786,1458,,,,,,,,,,,,,,,,,,,,,,,,,,,,,,,,,,,,,,,,,,,858,,,,,1316,,,,,386,,,,,8635,,,,,,,,,,,,,,,,,,,,,,,,,,,,,,,,,,,,,,,,,,,,,,,,,,6131,,,,,,,,,,,,,,,,,,,,,2151,,,,,,,,,,,,9260,,,,,,,,,,,,,,,,,,,,,,2563,,,,,,,,,,,,,,,,,,,,,,,,,,,,,,,,,,,,,,,,3679,,,,,,,8133,,,,,,,,,,,,,,,207,,,,,,,,,,,,,,,,,,3311,,,,8746,,
,,,,,,,,,7015,,,,,,,,,,,,,,,,,,,,,,,,,,,7593,,,,,,,,,,,,,,,,1243,,,,,919,,,,,2793,,,,2533,,,,,,,,,,,,,,,,,,,,,,6572,,,,,,8243,,,,,8243,,,,,,,,,,,,,,,,,9964,,,,,,,9527,,,,,2023,,,,,,,,,,,,,,,,,3954,,,,,,,,,,,,,,,,,,,,5236,,,,,,,,,,,,,,,,,8570,,,,,,,,,,,,,,,,,,,,,,,,,,,,,,,585,,,,,8160,,,,,,,,2096,,,,,2661,,,,3600,,,,6797,,,,,,,,,,8330,,,,6520,,
1984,,,,,,,,,,,,,,,,,,,3809,,,,,,,,,,,,,,,,,,,,,,,,,,,,,,,,,,,,,,6097,,,,,,,,,,,,7451,4127,7167,,,,,,,,,,,,,,,,,,4911,,,7156,,,,9426,,,,,,,,,,,,,,4909,,,7298,,,,,,,,,,,,8699,,,,,,,,,,,,,,,,,,,,6794,,,,,5610,,9142,,,,,,,,7805,922,,,2215,,,,,,,1548,,,,,,,,,,,,,5681,,6625,1248,,,,,2156,,,,,,,,9369,,,,,5274,,,2376,,,,,4963,4769,,,8988,,,,,,,,,,,,,,,,,,,,,,,9605,,,,,,4235,,,,,,,,,
,,,,,,,3069,,,,4350,,,,1891,,,,,,,,,,6176,,,,,,,,,,,,2456,,,,,,,,,,,,,,,,,,,,,4288,,,21,,,,,,,,,,,,,800,,,5651,,,,,,,8173,,,,,,,,,,,,,,,,,,,,,,,,,,,5683,,,,,,,,,,,,,6101,,,,,537,4235,,,378,,,,,8453,,,,,,,,,,,,,,,,,,,6468,,,,,,,,5105,,,,,,,,,,,,,,,,,,,,116,,,2920,,,,,,,,,,,3965,,,,,,,,,,,,,,,28,,,,,892,,,,9669,,,,,,,,,,,,4835,,,,,,,6861,,1470,7006,2855,5803,,,,,,,,926
,,,,,,,,,,,,,,,3293,,,,,,,9433,,,,,8662,,,,,,,,9545,,,,,,,,,,,,,1977,,,,5033,,,,,,,,,,,,,,1424,,,,,,,,,,,,,,,,,,,,,,,,,,,,,,,,,,,,5126,,,,,,,,,,,5278,,,,,,,,,,,,,,5347,,,,5238,,,,,,,,,,9418,,,,,4926,,,,,,,,,,4688,,,,,,8429,,,,4025,,,,,,,,3826,,,,,,,,,6630,,1323,,,,,,,,,,,,,,,,,,,,,9127,,,,,,,,,,,,,,,,,,6857,,,,,,,5105,,,,,,,,,,,,,,,,,,,,,,7807,,
,,,,,,,,,,,,,,,,,,,,,,7120,,,,,,,7827,,,,,,3634,,,,,,,,,,,,,,,,6798,,,,5618,,,,,8902,8369,,,,,,8316,,,2859,,,,,,,,,2278,,3131,,,,,,,,701,,,,212,,,,,,,,,,,,,,,,,,2417,,,,,,,,,,3640,,,,,,,,,7909,,,,,,8497,,,,,,,,,,,,,,1991,,,,,,,,,,,,4567,,,,9314,,,,,,,,,,,,1832,,,,,,,,,,,,,,,,,,,,,,,,8919,,,,,,,,,,1077,,,,8727,,,,,,,,,233,,,,,,,,,,,,,,1027,,,,,,7,,,,,,,,,,
,,780,,,,,,,,,,,,,,,4681,,,,,8205,,,,,,,,7797,,,,,,7973,,,,,,,,,,,,,,,,,,3023,,,,,,,,,,6738,,,,,,,,,,,,,,,,,,,,,,,,,,,,,,,,,,,,6912,,2951,,,,,,,,,,,,,,,,,,,,3520,,,,,,,,,,,,,,,,,,,,,,,,,,2502,,,,,,,,,,,,3132,,,,,,,,,,,,,,,,,,,,,,,,,,,,,,8106,,,,,,,,,,,,,,,,,,,,,,,,,,,,,860,,9509,,,,,,,,,,,,8281,9246,,,,,,,,,,,,,,,,,,,,,8620
,9653,,,,,,,,,,,,,,,,,,,,,,,,,,,,,,,,,3288,,,,,,,,,1436,,8416,,,,,,,,,,,,,,,,,,,,,,,,7398,,,,,8932,6844,,,,,,,,,,,18,,,,,,,,,,,,,,,,,,,,,,,,,,,,,3263,,5918,,,,,8188,,,,,,,,2665,9850,,,,,,,,,,,,781,,,,,,,,,,3774,,,,,,,,,,,,486,,,,,1247,,,,,9538,,,7968,,9886,,,,,,,,,,,,,,,,,,,,,7795,,,2870,,,,,,,,,,,997,,1823,,,,,,,,,,,,,,,,,,,8362,,1698,,,,,,,,,,,,,,7836,,,5528
,,,,,,,2527,,,233,,,,,,,1504,,,,,,,,,,,,,,,,,,,,,7602,,,,,,,,4788,,9962,,,,,,3988,,,,,,1703,,,,,,,,,,7723,,5980,,,,,,,,,,,,,,454,,681,,6930,,,,,,3479,,,,,,,,5095,,3355,,,,,,122,,,958,,,,4990,,,,,,,,,,,,,,,,,,,,,,5859,,,,,,,,,,212,,,6927,,,,5375,,,8507,3458,1417,,,,,,,,,,,5045,2419,,,6646,,,,,,,,,,,,,,,6444,9473,,,7915,,,,,,,,,,,,,,,,,,,4312,1726,9841,,,,,1781,,,2584,,,,,,9909,,,,,,,,,,5774,,,,,,,,,,,6003,,
,9224,,,,,,,,,,,,,,,,,,,949,,,,6197,,,,,,,,,8374,,,,,7626,,,,,7056,,,5946,,,,,,,,,,,,,3412,,,,,9274,,,,,3289,9725,,,,,,,,,2123,,850,,,,,,,,,,8849,,,,,,,,,,,,,8616,2374,5685,,,,1631,,,,,,,255,,,,,,,,,,,,,,,,,,,,,,581,,491,,,,,5120,,,,,,,,2027,,,,,715,,,,4157,,,,5434,6987,,,7954,6349,,3148,,,,,,,,,,,,,,,,7855,,,,,,,,,,,3534,8422,,9039,,,,,,,1875,,,,,,,,,,,,,,,552,,,,,5218,,,,,,,,,,,550,,6420,,,,5303,,2652,,,,,
,,,,6642,,,,,,5573,,,,,,,,,,8156,6251,,,,2052,,,,,3609,,,,,,,2108,,,,,,,,,,,,,,,,,4574,3100,,,,9621,,,,,,,,,8205,,,,,,,,,,,,,,,,,,,,7906,1819,,,,,652,,,,,,,,,,,,,,,,,,,,,,,,,,,,,9750,,,,,,,,9869,,,,,,,,,,,,,,,,,,,,,,,,,2866,,,,,,193,,,,4768,,,,,,,,,,,,,,,,,,,2571,,,,,,,,,,,,,,,,,,,,,,,,,,2227,,3989,,,,,,,,,,,,,,,,,,,,,9768,,,,,,,,,,,,,,,,,,,,,
,,,,,,,,,,,,,,,3066,,,,,,,,,,,6232,,,,,,,,,,,,,,,,,,,,6186,,,,,,,,,9346,,,,,,,,,9624,9935,,,,,,,,,,,3425,,,724,,,,,,,,,,,,,,,,,608,,,2457,8775,,,,,,,,,,,730,,,,,,,,,,,1550,,,783,3495,,,,,,,,,7219,,,,,,,,,,,,,,,,,,,,,,,,,,,,,,,,,,,,,,,,,,,,,,,,,,,5798,,,,,,,,,,,,8585,,932,,,,,,,,,,,,430,,,,,4884,,,,,,,,,,,,3979,,,,,,,,,,,,,,,,,9831,,,,5164,,6795,,,
7127,,,,,,413,,,1603,,,,,,,,,,,,,5215,,,,,,,,1356,1383,,,,,,,,,,,,,5876,,,,,9847,,,,8030,,,,,,,,,,,,,,,,,,,,,,,,,,,,8907,,,,,,,,,,,,,,,,,,,3445,,,,,,,,7256,1271,,40,,5951,,5022,,,,,4008,,,,,5071,,,,,,,,,,,,,,,,,,,,,,,,,,,3377,,,1884,,,,,,,,,,,6521,3999,,5639,,2238,,,,,,,,,,,,8076,,,,,,,2887,,,,6731,,,6141,,,,,,,,,,,,,,,,,,3061,,,,,,,,,,,,,,,7470,,,1924,,,,,,,,,7126,,,,,,,,,,,,,
,,,,,,,,,,,,,,,,,,,,,,,,,,,,,,,,,,,,,,,,,,,,,,,,,,947,,,,,,,,,5718,,,,,,,,,,,,,,5480,,,,,,,,,,,,,,,,,,,,,,,,,,,,,1845,,,,,,,,,,,,,,8387,,,,,1779,,,,,,,,,,,,7826,,,,,,,,,,,,,,,,,4060,,,,,,3532,,,,,,,,,,,,,,,,,,,,,,,,,,,,6193,,,7422,,,,,,,,,,,,,,,,,,,,,,,,,,,,5307,,,,,,,,,,,,1219,,,,,,,,,,,,2345,,,1665,,,,,,,,,,7186,,,
,,,,,,,,,,,,,,,,,,,,,,,,,,,,,,,,,,,,,9317,,,,,,9646,,,,,,,,,,,,,,,8789,2771,,,,,,,,,8257,,,,,,,,,,,,,,,,,,,,,,,,35,9219,,619,,406,,2958,,,2730,1062,,,,,,,,,,,,,,,,,,,3791,,,1500,7633,,,,1442,,8545,,4218,4562,,,,,,,,,,,,,,,,8253,,,,,,,,4668,,,,,,,,,,,,6180,,,,,,,,,5559,,,,,,,,1659,7336,,,,5337,,,,,,4769,,,,,9165,,,,,,,,,,,,1968,,,,,,,,,,,,,4122,,,,,,,,,,,,6999,,,,,,7255,,4715,,,,,,
,,,,,,,,,,,,,,,,,,,,,7129,,,,,,,,,9096,,,,,,,,,,7454,,,,,,,,,,,,,,,,,,,,,,,,,,,,,2571,,,,,,,,,,,,,,,,,,,,,,,,,,,,,,,,,7637,,6050,9064,,,,,,,,,,,,,6,,,,,,,,,,,,6182,,,5995,,,,,,,,,,,,,,,,7833,,,,,,,5125,,,,,,,,,,,,,,,,,,,,,,,,,,,,,,,,,,5922,,3701,,,,,,,,,,,,,,,,,,,7980,,,7883,,,,,,,,376,,3467,,,,,,,,,,,,,,,,4503,,,103,,,,,,,,4724,,,,
,,7203,,,,,,2683,,3580,,,,,,4767,,,,9937,8880,,,2068,,,,,,,,,,,,,,,,,,,,,,,,,,,,,,5133,,,,,,,,,,,,7814,,,,,,,,,,,,,,,,,,,,,,,,,,,2175,,,,,,4375,,,,,,,,6794,,,,2524,,,,,,9501,,,,,,,,,,,,,,,,,,,,,,,,,,,,,,,,,,,,,,,,387,,,,4264,,5863,,,,2815,,,,,,,,1546,,,,,,,,,,,,,,,,,,,,,,,,,5802,,,,,,,,,,,,,,1,,,,,,,,,9769,,,,4696,,,,,,,,,,,,,,,,,,6997,,,,,,,,,,
1233,,,9147,,469,,6843,,,,,,,,,,,,,,,,,,,,,6861,,,,,,7347,,,,,,,,,234,,7733,,,,,,6151,,,,,,,,,,,,,,,,,,,,,,1781,,,,,,,,,,,,,,,,,4385,,,,,,4416,,,,,,,,,,,,,,,3089,,,,3669,,19,,,,,,,,,,,,,,,,,,,,,,,,,,,,9997,,,,,,,,,,,,,,,,,,,,,4187,,7021,,,,,,,,,,,,,,,,,,,,,,,,,3183,,,,,,,,,4400,,,,,,,,,8198,,,,,,,,,,1544,,,,,,,,,,,,,,,,,,,,,,,,,,,,,,,,7404,,
,,,,,6045,,,,8585,,9932,,9944,,8159,,,,,,4063,,,,,,,,,,,,,,,,,,,,,,,,,,,,,,,,,,,,,,,,,,,,,,,9003,,8822,,6915,,,1737,,,,,,2025,,,,,,,,,,,,,8355,,,,,,,,,,,,,,2852,,,,,,,,3902,,,,,,,,,,,,,,,8824,,,8576,,,,,,,,,,,,8200,,,,,3063,,5161,,,,,,,,,,,,,,,,5704,,,,,,,,9473,,,,,,,,,,,,9056,,,,6742,,,,,,9100,,,6782,,,,,,,,9113,,,,,,,,,,,,,,,,,,,,1459,,,,,,,,,3204,,,,,,7205,,,5746,,,,,,,6809
,,,,,,,,,,,,,,,,,2244,,,,,,,,,,,,,,,,,,,,,,,,,,3590,,,,,,,,,,,,,,,,,,4377,,,,,,,,,,,,,,,,,,,,,,,,,,,,,,,,,,,,,,4250,,,,,,,,,,,,,,,,,,,,,,,,,,,,,,,,,,,,,,7274,,,,,,,,,,,,4450,,,,,,,,6178,,,,5163,,,9093,,6251,,,,,,5005,,,,,,,,,,1730,,,6639,,,,,,9777,,,,,,,577,,,,,,,,,,,,,,,,1752,,,,,,,,,,,9905,,,,,,,,,,,,,,6065,,,,,,,,,,3781,,,,,,
,,,,,,,2428,,,,,,,,,,,,,,,,,,,,,,,,839,,,,2573,,,,,,,,,,,6356,,,,,,8520,,,,,,,,,,,,,,,,,,,,,,,,,,,,,,,,,,,,,,,,,,,,,,,,356,,,,,5888,3354,,,,,,,,74,,,,,,,,,,,,1689,,,,,4735,,,,,,,,,,,,,,,,,7294,,8047,,,,,,,,,,,,,,,,,,,,,,,2490,,,,,,,,727,,,,,,,,,,,,,,,,,,5250,,,3168,,,,,,,,,,2949,6665,,,,,,,,,,,,,,,,,,,,,,,,,,,,,,2379,,,,,,,,3963,,,,
,,,6193,,,,,,,,,,5594,9497,,,,9755,9925,,,,,1464,,1580,2540,,2745,,,,,,,,,,,,,4767,,7255,,,,,,,,4054,,3910,,,,,,3596,,,,,,,1285,,,,,,,,,,,,,,,,,,,,,,,6705,,,,,,5113,,,,,,,,,,,2443,,,,,,,,,,,,,,,1601,,950,,,,,,6260,,,,,,,8411,,,,,,,,,,,1070,,,,,,,,,,,,,,,6685,,,,,,,,,,,,,,9202,,,,,,,,,,,,,,,7539,,,,,,,,,,,,,,,,,,,,,,,,,,,,9827,,,,131,,,,,,,,,,,,,4605,,,3022,,,,,22,,,,2887,,,,,,
,,,,,,,719,,,,,3954,,,8375,,,,,,,,,,,,4237,,,,,,,,,,,,,,,,,,,,,,,6585,,,,,,,,,,7917,,,2126,,,,,,,,,,,,,,,,,,,,,2106,3906,,,,,4467,,,,,,,,,,,,,,,,,,,4683,,,,,,,,,,6633,,,,,4749,,,,,,,,,,,,,,,,,,,,,1803,,,,1802,5771,,,,,,,,,,,,,,7117,,,,559,,,,,,,8115,,,,,,,,2795,,,,,,,,,,,,9426,,,,9679,,,,,9055,6729,,,9484,,,,,,,,,,,,,,,,,,4547,,,,,,,,,,,,,,,6194,5172,,,,,,,2426,,,,500,,
195,,,,,,,,,,,,,,,,,,,,,7609,,,5016,,,,,,,,,3234,,,,,,,,2321,,,,,,,,,4789,,,,,,,,,,,,,,,,8040,,,,,,,,,,,,,,,,,,,,,,,,,8955,,,,,,,,,,,,,,,4565,,,,,,,,,,,8161,,,,,5706,,,,6586,,,5372,,2948,,,,,,,,,,,8485,,,,,,,,,,,,,,,,,,,,,,,,,,,,,,,,,,,,,,,,,,,,,,,,,,,,,,,,3610,,,,1443,,,,,5162,,,8456,,,,,,4981,,,,,,,1548,1840,,,,,,,,,,,,,,,,,,,,195,,,,,,,,,,,
,,,,,,,,,,,,,,,,,,,6319,,,,,,,,,,,,,,,,,,,,3970,,,,,,,,,,,,,1941,933,,,,,2327,,,,,,,,6324,,,2176,,,3821,,,,,,,,,9340,,2947,,,863,,,,,,,,,,,,,6127,,670,,,,,,,,,,,,,,,,,,,,,,,,,,,,,,8618,,,,,,,,,,,,7085,,,,,,,,,,,,,,2812,,,,,,,,,,,,,,,,,,,,,,,,,,,,,,,,,,,7121,,,,4567,,,5514,,,,,6527,,,,,,,,362,7744,5293,,,,,7838,,,,,,,,,,,,8546,,,2003,,,4263,5183,,,,,,,,6040,,,,,,1800,,,
,,,,,,,,916,,3374,,,,,,,,,,,,,,,,,,,,,,,,,9673,,,,,,7758,4317,,,,,,,,,,,5387,,,,,,,8607,8560,,7914,,,3797,,,,,,,,,,,,,,,,,,,,,,,,8162,,,,,,,,,,2030,,,,,,4834,,,,,,,,,,,,,637,,,,,,,,,,,,,,,,,81,,,,,,,,,,,,,,,,,,,,,,,,,,,,,,,,,,,,,,,,5255,,,,,,,,,,,,,,4611,,,,,,,,,,384,,,,,,,,,,,,,1117,7308,,,,,,,,,,,1915,,,,9869,,,,609,,,,,,,,,,,,,,,,,7083,,,,,
,,,,,,,,,,,,,,8466,,,,,8305,,,,,,,,,,,,,,,,,,,,,,,,9176,,,,,,6464,,,,,,5093,,,,,,,,,,,,,,,6759,8755,,,,,,,,,,,,,,,,,5704,,,,,,,,,,,,,,,,,,,,,,,,,,,,,,,,,,,,,,,,,,7311,,,1359,,,,,,,,,,,,,,,,,,,,,,,,,,6642,,,,,,,,,,,,,,,,,,,,6740,8035,,,,,,,,,,,,,,,,7105,,,,6172,,,,1340,,,,,,,,,,,,,,,,,,,,,825,,,,,,,9910,,,,,,,,,,,,,,,,,,,,,,6451,
,,,,,,,,,,,,,9065,,,,,,,,,,,,,,,,,,,,,,4229,7242,6979,,,,,,,,1421,,,,,,,,,,7768,,,,,,,,,,,,,,,,,,,,,,,,,,,,3340,8134,3751,,,,,,,,,,,,,,,,,,,,,,,,,7380,,,,,,3381,,,8965,,,,,,,6874,,,,,,,,,9732,,,1633,1526,,,3633,,,,,,,,,,,,,,,,,,,,,,,,,,,,,,,,,,,,,,,,,,,428,,,,7006,,,,,,,,,,,,,,,,,,9848,,,,,,,,,6118,,,,,,,,,,,8260,,,,,,,,,,,,,,,,,,,,,,,,,,,,
,,,,,,,,,,,,,,,,9812,,,,,,,,,,,,,,,,2804,,,5359,,,,,5121,,,,,,,,,,,,,,,,,,,,,8949,,,,,,,,,,,,,4158,,,,6959,,,,,,,,,,,,,,,,,,,,,,8139,,,,,,,,,,5659,,,,,,,6822,,,,,,1072,,,6281,,,,,,,,,,,,,3003,,2,,,,,,,,,,,,,,8236,,,,,,,,,,,,,,,,,,,,,8362,,,,,,,,,8762,,,,7319,,,,,,,,8920,,,,,,,,,,,,,,,,,,,,,,,,,,,,,,6970,,,,,,,,,,,,,,,,,,5723,,,,,,,,,,9295
,,,,,,,,,,,,,,,3485,,,,6184,,,,,,,,,,119,,,,,,,,,,,,,,2046,,,,,1287,,,,,,,,,,6618,,2964,,,,,,,,,,,,,,,,,46,,,,,,,,,,,,,,,,,,,,,,,,372,,5147,,,,9183,,,,,,,6112,,,,7309,,,,,,,,,,3820,,,7537,,,,,,,,,,,,,9732,,,,,,,,,,,,,,,,,8381,,,,,,,,,5670,,606,,,6342,,,,,7765,,,,,1008,,9598,,,,,,,,,,,,,,,,,,,,,,,9101,,,,,,,,,,,,,,,,,,,,,,,,,,,8765,,,,,,,,,,,,,,,,,,
,,,,,,,,,,,,,,,,,,,,9667,,,,,,,,,,,,,,,,,,,2593,,,,,,,,,,,,,,,,,,6356,3583,,,,,,,5554,126,,,,,,,9298,358,,9926,,2561,,,,,,,3424,,,,,,,,,,108,,,,,,,,,,,,,6345,,,,,,,,,,,,,,,,7379,,,,,,,,,,,,,733,,,,,,,,,,,,,,,,,,9922,,,,,,,,,,,,,,,,,,,,,9290,,,,,,4388,,,3851,,,,,,9391,,3240,,,7082,,,,,,,,,2093,,720,,,,,,,,,,,,,,,,,,,,,,,,,,,,,,6762,,,,,,,,,,,,,,,,,,
,,,,,,,,,,,,,980,,,,,4111,,,,,,9753,8223,,,,,,5581,,,,,,,,,,,,8093,,,,,,,,,,,,,,,,,3080,,2966,,,,,,,,,,,,,,,,,,,,,,,,9580,,,,,,,,,,,,5114,,,,,,2890,,,,,,,,,,,,,9098,,,,,,,3290,,,,,,,,,,,,,,,,,,,,,96,,,,,5804,,2283,,,,,,,,,,,,,,,9460,,,,,,,,,,,4719,,6754,,,,,,,,,,4687,,,,,,,,,,,,,,,,,,,,5253,,,,,,,,,,,,,,,,,,,,,,,,,,,,,,,,3071,,,,,,,,,,,595,,
,,,,1687,,,5234,,,,,,,,,,,,,,,,,,,,,,,,,,,,,,,,479,,,,,,4618,,4897,,,,,,,,,,,,,,,5119,,,,,581,,,6859,,,,,,6567,,,,,8241,,4824,,,,,,,,,,,,,,,6429,,6886,715,,,,,,,,,,,,,,,,,,,,,,,,,,,,,,,,,,,,,,,,,,,,,,,,,,,,,,,,,,,,,,9166,,,,,,,,,,,,5379,,,,,5402,,,,,,,,,,,,,,,4394,,,,,,,,,,,,,,,,,,,,,,,,,3230,,,,,,,1754,,,,,,,,,,,,,,,,,,,,,,,,,,,,
,,,,,,,,,,,,,,,,,,,,,,,,,,,6511,,,,,,,,,,2943,,,,1626,,,,,,9327,1037,,307,,,,,,,,,,,,,,,,,,,,,,5602,,,,,,,571,,,,,,,,,,2667,,,,,,,,,,2317,,,,,,,,,,,,,,,,,,,,,,,,,,,,8188,,,,,,,,,,,,,1927,6110,,,,,,1065,,,,,,,,,,,,,,,,,,,1559,,,,,,,,,,95,,,,,,6599,,,,,,,,,,,,,,,5918,,,,,,,,,,,,,,,,,8680,,,,,,,,,,,,,,,,,,,,,,,,,,1976,,,,,,,,,,,,,,,
,,,,,,6438,,,,,,,,,8427,,,,,,,,,3062,,,5247,,,,,,,,,3139,,,,,,,2443,,,,484,,,,,,,,,,,8147,,,,6920,,,,,,,,,,,,,,,,,,,874,,9810,,,1884,,860,,,,,,,,,6630,,,,,,,,,,,,,,,8750,,,,,,,,,,,,,,,,,1461,,,9858,,,,,,,,,,,9640,,,6710,,,,,,,,,,,,,8813,,,,,,,,,,,,,,,,,,,,,,,5517,,,,,,,,,,,,2695,,,,,,,,,,,,,,,,,,,,,,,,,,6547,,5111,,,,,,,,,,,6517,,,,,,,,,,,,,,,,,,,,,,
,,2366,,9456,,9192,,,,,,,,3116,,,,,,,,,,,,,,8667,,,,,,,,,,,,,,,,,,,,,,,,,2862,,,6609,,,,,1131,,,,6316,,,,,,,,,,,,,,,,,,,,,,,,,,,,,,,,,,,,,,,,,435,,,,,,,,,,,,3303,,,,,,,,,,,5039,,,,,2235,,,,,,,4946,,,,,,,,,,,5795,,,,,,,8862,,,,,,,,,,,,,,,,,,,,,,,,,,,,,,,5642,6661,,,1892,,,,8822,,,,,,,,,,,,,,,,,1991,,,,,,,,,,,,,,,,3743,,,,,,,,,,,,,,,,,,,,,,,,
2638,,,,,,,4107,,,,,600,,,,,,,3312,,,,,,,4277,,,,,,,,,,,,1766,,,,,,,,,,,,,8671,,,,,,,,,,,,,7570,,,,,,,,,,9539,,,,,,,68,,,,,,,,,,,,,,,,,,,,,,,,,,,,208,,,4683,,,,,,,,,,,,,,,,,,,,,,,,,,,,,14,,,,,,,6446,,,,,4553,,,,,5067,,,,,,,,,,,,,,,,,,,,,,,555,,,,,,,,,,,4280,9459,,,,,,3578,,,2373,,,7880,,,,,,,,,,,,,,,823,8233,,,,,,,,,,,,,,,,,,,6600,,7831,,,,4599,9343,,,,,,,,
2623,568,,,,,,,,,,8614,,,,,,,,,,,,,,,,2959,,,,,9475,,5960,,6557,,,5993,,,9650,,,7995,,,,,8416,,,,,,,,8628,,,,5828,,,,,,7599,,,,,,,,,,,,,,,,,,,,,,,,,,,,,,,,,2891,,,,,,,,,,,,,,,,,,,,,,,,,,,,,,,,,302,,,1880,4257,,,,,6776,,,,,,,,,,,,,,,,,,,,,,,,,,,,,,,,,,,,,,,6398,,,,,,,,,,,,,,,,,,,,,,,,,,,,,9525,,,,,,,,,,,,,,,,,,,,,,,,,,,,,,,,,,,,,,,,,,,,
,,,4092,,,,,,,,1427,,,,,,,,,,,,,,,4533,,,,,,,3283,,,,,,,,,,,,,,,,,,,,,,,,,,,,,,,,,,,,,,,,1361,1824,,,,,,,,,,,9884,3481,,,,,,,,,7656,,,,,,,,,,,,,,,,,,,,,,,9574,,,6725,,,,,,,1191,5853,,,,9596,,,,,,,,,,,,,,,,8023,,,,,,,6602,,,,,,5947,,,,,,,6525,,,,,,,,,,,,,,,,,,,,,,,,,,,,,7510,,,,,,,3152,,1038,,,,,755,328,,,,,3850,,,,,,,,,,,,1291,7465,,,,,,,,,,5087,,,,,,,,,8274,,,,,
,,,,,,,,,,,,,,,,,,,,,,,,,,,,5716,,,,,,,9739,,,6802,,,,,,,,,,,,,,4720,,,8918,,,,,,,,,,9476,5593,,,,,,,8517,,,,,,,,,,,,,,,,,,,,8288,,1951,6302,7343,,,,,,,,,,,,,,238,,,,,,,,,,,,,,,,,,,,,,,,229,2107,,,,,9843,,,,,,,,,,,,,,,,,,,,,,,,,,,8401,,,,2126,2753,,,,,5515,,,,,,,,,,,,,,,,,,,,,,,,,,,,,,,,,,,,,2499,7257,,,5669,,,,,,,,,,,,,,1179,,,,,,,,,,,,,6058,,,,,,,,,
,,,,,,,,8671,,,,,,,,,,,,,,,,,,,,,8759,,,,,,,,,,,,,,,,,,,,,,,,9218,,,,,,,,,,,,,,,,,,,,,,,,,,,,,,,,,,,,,,,,,,7820,,,,,,,,,,,,,5678,5984,9052,,,4514,,,5294,,,3233,,,,9557,,,,,,,,,,,,,,,,,,1524,,,,,4260,,,,,,,,,,,,,854,,,,3478,,,5327,,,,,,,,4024,,,,,,,,,,,,,,,,4324,,,,,,,,,,,4394,,,,,,,,,,,3306,,,,,,,,,,,,,,,,,1631,9391,,,,,,9243,,180,,,,,,,,,,,,,,,,,
,,,,8068,,,,,,,,,,,,,,,,,,,7259,,,,766,,,3416,1611,,,,,,,,,,,,,,,,,,,,8773,8467,,,,,,,,,,,,,,,,,,78,,,,,,,,,,,3516,,515,,,,,,,,,,,,,,,,,,235,,,,,,,,,,6453,,,,,,,,,,,,,,,,,4348,7377,,,,,,,,,,,,,4187,,,,,,,,,,,,,,,4104,,,,,,,,,,,,,,,,,4719,,8171,,923,,,6333,,,,5206,,,9093,,,,2393,9944,,4262,,,,,,,,,,,,,,,,,,,,,,,,,,5598,,,,,3334,,,,,,,,,,,,,,,,,,,,,,,,,,432,,,
,,,,,832,,,,,,,,,,,,,,,,,,,,,,,,,,,,,7860,,,654,,,8470,,,,,,,,,,,,,,,,,,,,,,,,,,,,,,,3617,,,,,,,,,2023,,,,,,,,,,,,,,,,,,,,,3839,,,,,,,,,,,,,,,,,,,,,,,774,,,3566,,9507,,,,,,,,8135,,,,,,,,,,,,,,1808,,,,271,,2007,3658,,,,,,,,,,2269,,,,,,,,,,,,,,8690,,,,,,,,,,,,,7874,,,,,,,,,,,,,,,,,,,,,,,,,,,,,,,,,,3894,,,,,,,,,,,,,,,,,,7124,,,,,,,,
,,,3398,,,,,,,,,4077,,,,,,,,6287,,,,,,,,,,,,,,,,4067,,,,2981,,,,,,,,,,,,,,,,,,,,,,,,,,,,,,,,,,,,,,,,,8199,,,,,,,,,,,,,,,,5669,,6671,,,,848,,,,,,,,,,,,,,,,,,1917,,,,,,6492,,,,,,,,,,,,,,,,,,,,284,,,,,,,,,,,,,,,,1850,,,,,,,,,,,,,,,479,6707,,,,,,611,,,,5647,,,,2022,,,,,,,,,,,,,1599,,,,1335,,,,,,,,,,,,,,4422,,,,,,,,,,,,,,,,,,,,,,,5239,,,,,,,,
,,,,,,,,,5014,,,,3208,7016,,6970,,,,,,,1248,,,,,,,,,,,,,4859,,,,,,,,,1770,,,,,,,,,,,7749,,,,,,,,,,,,,12,,,,,,,,,,,,,,,,,,,,4173,,,,,,,,,,,,,,,,6092,,,,,,,,5320,390,6219,,,,,5426,,,,,,,,,,,,,,,,1588,,,,,,,,,,7130,,,2406,,,,,,1240,,,,,6986,,,,,,,,,,,9409,,,,,,,,1149,,,,,,,,4639,,6432,,8892,,,,1790,,,,,,,,,,,,,,2220,,,,,,,,,,,,,,,,,,,,,,,,,,,,,,,,,,,,,7787,,,,3150,,,,,
,,,,,,,,,,,,,,,8994,,,,,,,,,5128,,,,,,,,,,,4402,,,,,,,3769,,,,,,,,,,5512,,,,,,,,8106,,,,,,,,,,8773,,,,,,,,,,,,,,,,,,,,,,,,,9088,,,,,,,,,,,,,,,,,,,,,,,2798,,,,2002,,,,4011,,,,,,,,,,,,,,,,,,,,,,,,,,6871,,3204,,,,,,,,,,,,,2125,5600,,7165,,1864,,,,,366,,,,,,,,8347,,,,,,,6656,,,,,8443,,,,,,,,,,,,,,,,,,,,,,,,,,,,,,2343,7582,,,,,,,,,,,,,,,,,849,,,,,,,,,,
,,7991,,,,,,,,,,,,,,,,,775,,,,,9349,,,,,,,,,,,,,,,,,,,,1327,,,,,,,,,,,,,,,6996,,,2065,,,,7444,,,,,,,,9151,2325,,,,,5242,,,,,,3607,,,,,,,,,,,,2507,,,7611,,6936,,,3713,,,,,,,,,,,1607,,,,,,,,,,,,,1390,,,,,9077,,,,,,,,,,8762,,,,,3693,,,,,,,,,,,,3234,,,,,,,,,2351,,,,1614,,,,,,,,,,,,,,,195,,,,,,,,,3736,,,,,,,,,,,,,,,,,,,,,,,,,,,,,,,,,,1102,,,,,,,,,,,,,,,,,,,,,,
,3487,,,8653,,,,,,,,,,,,,,1700,,,,8194,,,,,,,,,,,1836,,,,8567,,,,,,,,,,,,,,,,3672,,8672,,,,3342,,,,5786,,,,,,,,,,8987,,,,,,,,,,,,,,,3526,,,,,,,,,,,4547,,,,,,,341,,,,,,,,,,,,,,,2496,,,,,,655,,,,,,,,,,,,,,,,,,,,,,,,,,,204,,,,,408,,506,,,,,,,,,,,,,,,,8052,,,,,,,,,,3576,,,,,,,,,,,,4922,,,,,,,,,,,7188,,4116,,9490,,,,,,,,7003,,,,,,,,,,,659,,,,,,,,,8628,,,,,,,,,,,,5811,7463
,,,,,,,,,,,,,,,,,,,,,,,,,,,,,,,,,,,,6789,,,,,,,,,2603,3583,,,,,,,,,,,,,,,,,,,,,,,9241,,,,,,,,,,,,,,,4529,,,,,,,9755,1654,,,,,,,,,,,,,2471,,,,,,,,,,,,6093,,,,5309,,,,,,,,,,,,,,655,,,,,,,3572,,,,,,,,,,,,9549,,,,,,,,,,,,,,,,7643,,,,,,,,,,,9356,,,,,,,,,,,,,,,,3006,,9470,,,,,,,,,,8372,9802,,,8788,,8099,,,,,8316,,,,,,1339,,,,,,,3696,9280,,,3459,,,,,,,,,,,,,,,,3536,,
,,,,,,,,,,,,,5524,,,,,,,,,,,5436,4264,,,,,,6896,,,,,,,,,,,7994,,,,,,,,,,,,,,,,,,,,,,,,,,,,,9157,,,,,,4193,,2979,,,5235,,2670,,,,,,,4378,,,,,,,699,,,,,,5780,,,,4492,,,,,,,,,,,,,,,,,,5592,,,,,,,,,,,,,,,,,,,9270,,,,,,,,9726,,3126,,,,,,8155,,,4444,,,,9450,,,4914,,,,,,,4957,,,,,,,,,7733,,8097,,,,,,,9364,,,7420,9851,,,,,,,,,7886,,,,,,,,,,,,,,7814,,,,,,,,,,,,,,,,,,,2978,,,,8988,,9609,,,514,,,,
,,,,4008,,,,9158,,7646,3462,,,,,,,,,,,,,2855,,,,,,,,8467,,,,,,,6683,,,,,,9920,,,,,,,,,,,8076,,,106,2061,,,,,,,,,,,,,,,,5707,,,,,,,,,,,,,,,,,,,,,,,,5363,,,,,,,,7168,,,,7625,,,,,,,,,,,,,,2729,,,,,,,,,,,,,4968,,6581,,,,,,,,,,8350,,,,,3798,,,,,,,,,,,,,,,,,,,,,,,,,,,,,,,,,,,,,,,,,,,,,,,,,,,,,,,4547,,,,,,,,,,,,,,,,,,,,,,,,2686,,,,,,,,,,,,,,,361,,,,,
,,,,,,,,,,6237,,,,,,,4467,,,,,,,,,,4804,,,,,,,,,,,,,,,,,,,,,,,,,,,,,,,,,,,,,,,,,,,,,,,,,,,,,,,,2381,,,,,,,,,,,,,,149,,,,,,,,,,,,,,,,,,,,,,,,,,,,,,,,,,,,,,,,,,,,,,,,,,,1421,,,,,,,,,,,,3402,,,,1959,7121,,,,,,,,,,,,,,,,,,,,,7601,,,,,,,,,,,,,,,,,,,,,,7914,,,,,,,,,,,,7226,,,,,,,6950,4908,,,,,,8925,,8347,,,,,6252,,,,,,,,,,,,,,
,,,,,,,1688,,,,,,,,,,,,,,,,,,,,,6024,,,,,,,3365,,,,,4220,,,,,,,,9731,,,,7736,,,,,,,,,,,,,,,,,7566,,,,6695,,,,,,,,,,,,,,4287,,,,,,,,,5665,,,,,,,,,,8460,,,,,,,,8258,,,,,336,,,,,,,,,,,,,,,,,2410,,,,,7097,,,,,3650,3010,5973,,,,,,,,7293,,,,,,,729,,,,3644,3658,1251,,,,,,,,,,,,3373,,,,,,4747,,9329,,,,,,,,,,,,4046,,9146,,,,,,,,,,,,,,,3761,,,,,4358,,,,,,,,,,,,,,,,,,,8682,,,,,,,6073,,,,,,
,,,8162,,,,,,,,,,,,,,,,,,,,,,,,,,9401,,,,,,,,1086,2919,,,,,,6745,7944,,,,,1718,,,,,2588,,,,,,,,,,,,,,,,,,,,8949,,,,,,,,,1654,,,,,,,,,4873,,,,,,,,,,,70,2783,,,5672,,,,,,,,,,,,,2044,,2039,,,8076,5286,,,,,4862,,,,,,,,,,,,,,,,,,6135,,,,,,,,,,2615,,,,,,,,,,,,,,,1490,,,,,,,,,,,,,,,,,,,,,,,29,,,,,,,834,4386,,,,,,7929,,,,,,5872,,,,,4514,,,6749,,,,39,,,,,,,,5668,,,9033,,,5450,6547,,,,,,,,,,
5186,,,,,,3822,,,4727,,,,,,,,,,14,,3984,,,,,,,,,,,,,,3726,,,4041,,,2657,5600,,,,,,,,,,,,,,3661,,,,,,,9470,780,,,,,,,,,4039,,,,,4506,,6698,,,2440,,,,,,,2342,,,,,,,,,,,,,,,,,,,,,,,,,,,,9973,,,,,,,,,,,,,,,,6498,,,,,,,,,,,,,,,,,,,,,,,8391,,,,,,,4807,,,,,,,,,,,,,,,,,,4662,,,,,,5996,,,,,,,,,,,,,,,,,,,9083,,,,,,,9591,,,,,,,,,,,,,,,,4885,,,,,,,,,,,,,,,,,,,,,,,,,
,5395,,,,,309,,215,,,,,,,,,,,,4665,,,,,,,,,,,,437,,,3424,,,,,1376,,,,,,,,,,,,,,,,,,,,,,,,,,,,,,,,,3856,,,,,,,,,5612,,,,,,,,,,,,,,,,,,,,,,,,,,,,,,,,,,,185,,,9330,,,,,,,,1715,,1957,,,,,,,,,,,,,,,,,,,,,,,,,,,,,,,,,,,,,,,,,,,,,,,,,,,,,,,,,,,,,,,,,,,,,,,,,,,,,,8614,,,,,,,,8505,,,,,,,7854,,,,,,,,,,,,,,,,,8152,,,,,,,,,,,,,,,
1576,,,,,,,,,,,,,,,,,,,,,,6146,,,,,,,,,9518,,,,,,8153,,,,,,,,,,,,,,,,,,,,,,,,,,,2832,,,,,,,,,,,,,,,,,6719,,,,,,,,,,,,,,,,,7068,,,,,,,,,,,,,,5562,,,,,,,,,4195,,,5597,,,6945,,,,,,,,,,3857,,,,7455,,,,,,,,,,,,,,,,,,,,,,,,,,,,,,,,,,7710,,,,,,,,2934,,,,,,,,,,,,3792,,,,,,,,,,,,,,7837,,,,,4606,,,,,,6164,,,,,,,,,,,,,,,,,,9041,,,,,,,,,,2840,,,,5130,,1201,
,,4790,,7536,,,,,,,,,,,,,,,,,,,,,,4751,,,,,,,,,9205,,,,,,,,,,,,,,,,,,,,1,,,,,,,,,,,,,,,,,,,,,,,,,,,,,,,,,6147,,,,,,,,,,,,,,,5946,,,,4592,,,,,,,,928,,,,,,,,,1722,,,,,,,,,,,,,,2904,,,,,8104,,,,2235,,,,,,,,,,,,,,,,,5769,2052,,,,,,,,,,,,,9158,,103,,,,8393,,,,,,,,,,,6966,,,,,,,,,,,,,,,,,,,,,4298,,,,585,,,,,,1104,,,,,,,,,,,,,,,,,121,,,,,,,,,,9864,,5648
,,,,,,,,6146,,,,,,,,5536,,,,,,,9667,,,,,,7375,,,,,,,,,,,,,,,,,,,,,,,,3388,,,,,,5048,,,,,,5935,,,,,,,,,,,,,,,,,,,,,,,,7723,,,,,,,,8897,,9917,,,,,,,,,,,,,7257,,,,,,,,,,,,,,,,,,,7570,,,,,,,,,,,,,3050,,,,,,,,,,,,,,,,4819,,,,,,,,,,,,,,,,,,,,,,,7204,,,8710,,,,,,,,,,,,9177,4721,4338,,,,7304,,,,,,,,,,,,,,,,,9826,7410,,,,,,,,,,,,,,,,,,,3967,,,3837,,,,,,,,,,,
,9241,,,,5031,,,5445,,,659,,,,,,7439,,,,,3365,,,,,,3870,,,,6226,,,,,,,,,,,,,,,,,,,,,,,,,,,320,,1586,,,,,,,,,,3251,,4086,,,,,,,,,,,,,,,,,,,,,,,,,6115,1059,,,,,,,,,,,,,,,,,2885,,,,,,,,,,,,,,,359,,,,,,,,,,,,,,,,,,,,,,,,,,,,,,,,,,,,,,,,,,,,,,,,,,,,,,3337,,2382,,,,,,,7490,,,,,,,,,,,,5262,,,,,,,,,,,,,,,,,,,1846,,,,,,,,,,,,,,,,,,,,,,,,,,,,,,
,,5833,,,,,,,,,,,,9116,277,,1637,,,,,,,,,,,,,,,,,,,,8372,,,,,,,,,,,,,,,4587,,,,,,,,,,,,,,,,,,,,,,6968,,,,,,,,,5069,,,,,,,3929,,,,,,,,6436,,,,,,,,,,,,,,,,,,,,,,5590,,,473,,,3559,,,2612,,,,,,,,,,,,,,,,,,,,,6267,,,,,,,,,,,,,6745,,,,,,,,,,,,,,,,,,,,,,,3861,,,,,,,7538,,,,,,1437,,1512,,,,73,908,,,,,,86,,,,,,,,,,,,,,,,,3347,,,3034,8619,,,1037,,,,,,,,,,,,,,,,1558,,,
,1652,8981,,,,,,,,4986,,1964,,,,,,,,,3525,,5091,,,,,,,,,,,,,7685,,,,,,1195,,,,,,,6105,,,,4183,,,2450,,,,,,,,1922,8740,5211,,,2813,,5640,,582,,,6554,,,,,,,,,,,,,,,,,,,,,,,,,,,,,,,,,,,,,,,,,,8596,,,,6782,,,,,,,,,,,8858,,,2404,,,,,,,,,,,,,,,2743,3071,,,,,,,,,,,,,,,,,,,1756,,,,,,,,,,,,,,,,,2913,,,,,,,,,,,,,,,,,,,,,,,,,3571,,,,,,,,,,,,,,,,,6267,,5748,,,,,,,,,,,8077,,6136,,,,,,,,,,3378
,,,,,,,,,,,,,1332,,,,,,,1651,,,,,,,,,1613,,,1482,,,,,,,,,,,,,,,,,,,,,,,,9914,,,,5548,,,,,,,,6931,,,,,,,,9223,,,,3841,,,,,,,,,,,,,,,,,,,,,,,,,,,,,,,8389,,,,4958,7157,,,,2380,,,,,,,,,6736,,,,,,,,6697,,,,,,,,,,,,,,,4152,,,,,,,,,,,,530,4123,,,,,,7896,,,6796,1170,,,,,3082,,,9019,,,,,,1981,,,,,,,,,,,,35,3248,,,,,,,,,,,,,,,,,,,,,,,,,,,,2600,,,,,,,,,,,,,,,,,,,,,,9286,,,
,,,,,,,,7182,,,,,,,,,,,6750,,,,5456,9939,4017,,,,,1959,,,,,,,,3776,,,,,,,,,83,8745,,,,,,,,,,,,,,,4418,,,,,,,,,,,,,,,2035,,,,,,,,,,,,,,,,,,,,,,,,,,,,,,,,,,5692,,,,,,,,,,,,,,,,,,,,,,,,,,835,,,,3152,,,,,,,,,,,,,,,,,,,,,,1594,,,,,,,,5594,,,,,5993,,4040,,,,,,,,,,,,,,,,,,,,,,,3134,,,,,,,,,,,,,,,,,,,,,,,,,6088,,,,8682,,,,,,,,,,,,,,,,,,,,,660,,,
,,,,,,5689,,,,,,,,,,,,,,,,,,,,,,,,,,,,,,,,,,,,,,,,,,,,,3903,,,,,6642,,,,,,,,,,,,,,2329,,,,,,,,,,,,,,,,,,,,,,,,,,1908,,,,,,4802,,,,2658,,,,,,,,,2401,,,9127,,,5917,,,,,,,,,,,,,,,,,,,,,,,,,,,,,,3976,,4726,,,,,,,5027,,,,,,,,,8941,,1378,,,,,,,,,,8990,,,2418,6008,5561,5842,,,,,,,,,,,,,,,,,,,,,,,,,,,,,,,,,,,,,,,,,,,,,,,,,,,,,,,,,,,,,,,,,,,,
,,,3723,,,,,,,169,,,,,,,,,,,,8635,1826,,7503,,,,,,,,,,,,,,,,,,21,,,,,,,,,,,,,,,,,,8794,,,,,,,,,,,,,4518,,6046,,,,6609,,,,,,,,,,,,9322,,3785,,,,,,,3732,,,3977,4694,,,,,,,,,,,,,,,,,4026,,,,,,,,,,,,,,,,,,,,,,7082,,,,,,,,5081,,,,,6894,,,,,,,,,,,,,,,,,,,,,,3083,,,,,,,,,918,,,,,,,,,,,,,,,,3532,,,,,,,,,,,,,,,,,,,,,,,,1204,,,,,,,,,,,,,,,,6211,,,,,,,,,,,
,,,,,,,,,,,,,,,,,,,,,3564,,,,976,,,,,,,3110,,,,,,,,9823,,,,,,,,,,,8871,,,,,,,1063,7869,,4041,,2674,,,2464,,814,,,,,,,,3556,,,2902,,,,,,,,,,,,,7927,,,,,,,,,,,,,,,,,566,2082,,,,,,,,,984,,,,,,,,,,,,,,,,9941,6451,,,,,,,2598,,,,4105,,,,,,,,,,,,,,,,,,,,,,,,,1641,,,,,,,,,,,,,,,,,,,,,,3718,,,,3350,,,,,,,,,,,,,,,,,,,,,,,,,,,,,,2506,,,,,5977,,4576,,,,,,,,,,,,,,4316,,,,,,
,,1165,,,,,,,,,,,395,262,,,,,,7095,,,7094,,,,,,,,965,,,,,,,,,,,,,,,,,,,,7563,,1110,,,9646,,,,,9115,,300,,,318,,,,4158,,1875,,2473,,,,6552,,,,,,,,,,,,,,,,,,,,,,,,,,,,,,,,,,,,,,5464,,2305,,,,,8204,,,,,,,,,,,2425,9065,,,,,,,,1041,,982,,,,6407,,,,447,,,,,,7103,,7856,,9797,,,6637,3914,,,,,,,,,,,,,,,,,,,645,,,,,,,,4227,,,,,,,6250,,,,,,,9541,,5101,,,5813,,,,,,,5498,,,,,,5386,,2024,,,,,,,,6968,,,,5940,,952,9386,6515,,8908,4099,,,,,,,,
6032,,,,,,,,,2150,9740,,,,,,,,,6287,,,,,,,,,,,886,,,,,,,,,,1170,,,,,,,,5647,1797,,9089,,,,,,,,,8514,,2983,,,,,,,,,,,,,,,,,,,,,6464,,,,,,,,8981,,,7713,,,,194,,,1255,,,,,,,,,,9982,,,,,,,,,,,,,,,,,,,,,,,,2157,,,,,,,,,,2610,,,,,,,,,,,,1409,,,,,,,,,,,,,,,,,,,,,6385,,,1592,,,,,,,,,92,,680,,,,,,,,,,1263,,,,,,,,,,,,,,,,,,,,,,,,,,,,,,5950,,,,,,,,,,,2929,,,,3831,,,,,,,3228,8637
,,,,,5349,,,,,,,,,,,,4331,,,,,,,4600,,,,6750,,,,,,,,,,,,,,,,,,,5988,,,,,,,,,,,,,,8939,4774,1816,,,,,,,9507,,,,,6670,,,,,,,,,,,,,,,,,,,,,,,,,3707,,,3238,,,1007,,,,,,,,,,,,,,,,,,,,,,,,,,5512,,,,,4158,,973,,8913,,,3627,,,,,,,,,,,,,,,,,,3269,,,,,,,,,,,,,,1131,,,,,,,6419,,,,,,,,,,,,,,,,,,,,,,9797,,3259,,,,,,,,,,,,6484,,,,,,,,4363,,,,,,5216,,,,,,3610,8424,,,,,,,,,,9832,,,,,
,,,,,,,,,,,,,,,9783,,,,,,,,,,,,,,,,,,,,3616,,,507,,,6610,,,,,,,8995,4410,,3037,,,,,,,,,7917,,9037,,,,,6632,1528,,,,,,,,,,,,,,6113,11,,,,,4329,,,,,,,,,,,,2426,,,,,,6907,,,,,5827,,,,,,,,,,,,,,,,,,,,240,,,2124,,,,,,,,,,,,,3531,,,,,,,,,,,,,,,,,,,,,,,,,,,,,,,,,,,,,,,,,,,,,,,,,314,,,,,,,,,,,,,,8686,,,,,,,,,,,,5268,,,,2754,,,,,,,,,,,,,,,,,,,,,,,,,,,,,
,,,,,9350,,,,,,,,,,,,,,,,,,,,,,3965,,362,,,,,,,,,,,3427,,,,,,,,,,,,,,,,,,,,,,5954,,9286,,,,,,,7607,,,,,,,,,,,,,,,,,,,,,,,,,,,,2835,9993,,,,,,8819,,,,,,,,,,,,9394,,,,,,,,,9215,,,,7310,623,8157,9227,,,,,,,,,,,,,,,,,9347,,,,,6514,4936,,,,,,,,,561,,9665,,,,,,,,4610,,,,,,,,,,,,,,,,,,,,,,,,,,,,,,,,,894,,,3388,,,7586,,3974,,,5350,,,5468,,,,,6953,,5678,,,,,,,,,,,,,2382,3958,,,,,,,,,,,
,,,,,,,,8327,,,,,,594,,,,,,,,,2869,,,,,,,,,,,,,,,,,,,,,,7596,,,8442,,,,,,,,,,,2813,,,,,,,,,,,,,,,,,,,,,,,2200,,,,,,,,,,,,,,8789,6762,,,,,,,,,,4798,,,4698,,,2493,,3813,,,,,,,1698,,,,,,,,,,,,,,,,,,,,,,,,3527,6384,,8167,,,,,,9375,,,,9743,,,,,,9454,,,,,,,,,,515,,,,,,,,,,,,,,,,,,,,,,,,,9028,,,9606,8685,,,,156,,,,,,,,,,,,,,,,,,,,,,,,,,,,,,,,,,9694,,,,,9523,,,,,,2603,,
,,,5536,,,,,,,,,1082,,9157,,,,,7595,,,,,,,,,,,,8709,,,,2063,6086,,,,,,,,,,,,947,,,,,,,,,,8647,2127,,876,,,,,,,,,,7220,3072,,,,,,,,,,5477,,,,,,,,,,,,,2723,,,,,8367,,,,,,,,,,,,,9238,,,,4601,,,,,,,,,,,,,,,,8717,,8311,,,,,,,,6570,860,,,,,,,,,,,,9761,,,,,,,,,,,,,,,,,9463,,,,,,4093,,,,,,,,,,,,,,,,291,,,,,4491,,2958,,4975,,,,,,,,8004,,,,,,,,,,9464,,9413,,,,,,,,,,,,,,,,,3400,,,317,,,,,,,,,,,
,,,,,,,,,,,,,,,,,,,,,,6936,3956,,1493,,,,,,,,7983,,,2316,,,,7170,,,,4990,,,,,,,,,,,,,,,,3273,,,,,,,8057,,,6258,,,2666,,,,,,,,,,3207,,,,,,,,,2779,,,,,,,,,,,,,,,1646,,,1139,,,,,,,,,,,,,,,,,,,,,,,,,,,,,,,,,,,,,,,,,,,,,,,,,,,,,,,,,204,,,,,,,,,,,,,8594,,,,,,,,,,,,,,,,3992,7961,,,,5300,,,8088,,,,,,,,,,3883,,,,,,,,,,,,,5272,,,,,409,,,,,,1301,,,,,,,,,,,,,,,,,
,,,,,,,,,,,,3030,,,,5486,,,,,4496,,,,,3306,,,,,,5501,411,,,,,,,,7664,,,,,,,,,,,,,,,,,,,,,,3469,,6545,,,,,,,,,,,,,,886,9358,,,,,,,,,8612,7447,,,,,,,,,,,,,,,,,,,,,,,,,,532,,,,,6986,,,,,,5462,,,,,,,,,,,,,,,,,,,,6332,,,2720,,,,,,,,,,,,,,3003,,,,,,2422,82,,,,,,,,,7097,,5069,7963,,,,,2509,,,,,,,3479,5172,,,,,,,5537,75,,,,,,,,,,,5820,,,,,,,,,2356,,,,1021,,,,6086,,,,6686,,,,,,,,,,,,8875,,,,,,,
,,,,,,,,,,,,9360,,,,2307,,,,,,6062,,,,,,,,,,,,,,,,,,,,6707,,7683,,3364,,,,,,,,,,,,,,,,9490,,,,,,,,,,,,,,,,,,,,,,,,,,,,5299,,,,,,,,,,,,,,,,,,9214,,,,,,,,,,,,,,,,,,,,,,,,,,,,,,,,1970,,,,,4545,8067,,,,,,,,,8701,,,,,,,,,,,,,,5559,,,,,,,3205,,,,,,,,,,,,,,,,,,,,,,,,,4202,,,,,,4231,,,,,,,,,,,,,,,,,717,,,,9908,,7986,,5172,,,,,,,,,2887,,,3542,,,7986,,5454,,,,,,
,,,,,,,,,,4285,,,8120,,,9878,,,,3052,,,,4749,,,,,,,,,1335,,,,,,,,,3731,,,,,,,,,,,,717,,,,,,,,,,,,,4171,,5820,,,,,,,,,,,,,,,,,,,,8703,,,,,,,,,,,,,,,,,,,,,,,,,,,,,6128,8226,,,719,,,,,943,,,8064,,,,,,,,9755,,,,,8564,,,,,,,,,,5960,,,,,,,,,,,,,,,,,,,,,,,,,,,,,,,,,,,,,,5439,,,,,9420,,,,,,,,,,,8958,,,,,984,,,,,,,,,,,,,,,,,,4290,,,,3804,,,,,,,,,,,,,,,,,,8575,,,
,,,,,,8096,,3344,,,,,,,,,,,,,,,,,,,,5400,,,561,,,,,,,,,,,,6790,,,,,,,,,5895,,,,,,,,,7475,,,,,,,,,,,,,,,,3779,,,2758,,,,,,,,,,,,,,,,,,,,,,,1491,,,,,,,,,,,,,,,,,,,,,,,,,,,,,,,,,,,,,,,,,,,,,,,,,,,,,9988,,,,,,,,,,,,,,,1336,,,,,8226,1768,4335,,,,,,,,,,,,,6834,,,,,,,,,,,,,,,,,,,,,2277,,,,,6838,,,,,,5758,3202,,,6588,,,,,,,,,,,,,,,,,,,6806,,,,3805,,1718,,,
,,,,8512,,,,,,,,,,,,,,,7246,,,,,,,,,,,2775,,,,,,,,,,,,,,6333,,,,,5350,,1319,,,,,,,6690,,,,,,9467,,,,,,,,,,,,,,,,,,,,,,,,,,,5667,,,,,,,,,,,,,,,,,,927,,,,4025,,,6341,,,,,,,,,,,,,,,,,,7031,,,,193,,,,,,,5366,,,,,,,,,,,,,,3904,,,,,,,,,,,,,,,,,,,,,7353,,,,,,,,,,,,,,,8190,,,,1781,,,,,,,,,,,,,,,,,,,,,,,,,,,,,,,,,,,,,,,3878,4286,,,,,,,,,,,,,,8505,,
,,,,,,,,,,3761,8568,,,,,,,,,,,,,,,,,,,,,,,,,,,,,,,,,,,732,,,,,,,,,,,,,,,,,,,,,,,,,,,,,,,,,,,,5407,,,,,5116,,,,,,,,,,,,,,,,,,,,,,,,,,9463,,,,,,,,,,,,,,,,,,,,,1292,,,,,,,,,,6744,,,,,,,5344,,,,,,,9002,,,,,,,,,,,,,,,,,,,,,,1931,,,,,,7582,,6103,,,,,,,6282,,,,,,2634,,,,,,,,,,,,2579,2172,,,,,,,9458,,,,,,5217,,,,7246,,,,,,,,,,,,,,,,,,6309,,,,,,7153
146,,,,,,,,5652,,,,,,,,,,,,,,4755,,,,,977,,,,,,,,,,,,,,,,9979,,,,,,,,,,,6526,,,,,,,,,4439,8783,,3195,,,,,,,,,,,,4867,,,,,,,7296,,,,,,,,,,,7150,,,,,,,,,1115,,,,,,,,4451,,,,,,,8583,,,,,,,,,,,,8753,,,,,,,,,,,,,,,,,,,,,,,4862,,,,,,,,,,,,,,,,,,,,,,6448,,,,,,,,,,,4797,,,,,,,,,,,109,,,,,,7985,,,,,,,,,,,,,,,,,,,,,,,2321,,,,2766,,,,,,,6189,2315,,,,,,,,,,,,,,,
,6066,,,,,,,,,,,,,,,,,,,,,,,,9604,,,,,,,,,,,,,,,,,,3949,,,,,,,,,,,,,,,4638,,,,,,,,,,,,,,,,,,,,,3608,,,,,,,,,,,,,,,,,,,,,3724,,,,,,,,6595,,,,,,,,,,,,,,,,,,,,,,,,,,,,,,,,,,,,,,,,,,,,,,,,,,,,9328,,,,,4082,,,,,,,,,,,,9845,,,,8851,,,,,,,,,,,,,,,,,,,,,,,,,,,,,,,,,,,,7471,,,,,,,,,,,,,,,,,,,,,,,,,,,,,,,,,,,,,,
2459,,,,,,,,,,,,,,466,,,,,,,,,,,,,,,,,,,,,3546,,,,,,,,,,,,,,6388,,,,,,,,,,,,,,,,,,,,9479,,,,,,,,,,,,,,,,,,,,,,7816,5305,1977,,4923,,,,,,,,7607,,,,,,,,,,,,5320,,,,,,,,,9714,4222,,,,,,,,8175,,,,,7240,,4904,,,,,,,,2320,,1989,,,,,,,2595,,,,,,,,,,,,,,2452,,,,,,,,,,,,,,,,,,,,,9250,9995,,,,,,,,,,,,7836,,,,,,,,,,,,,,,,,,,,3271,,,,,,,5354,,,,,,,,,761,,9548,,,,,6440,,751,,,,,2150
,,,,,,,,6691,,,,,,,,,,,,,,,,,,,,,,,,9188,,4420,,,,,,4413,886,6559,,,,,3296,,,,,,,,,,,,,,,,,,,,,,,,4915,2740,,,,,,,,9011,,,,,,,6585,,,,,,,,1018,,,,,3265,3146,,,,,,,,,,7007,,,,,,,,,4850,,,,,,,,,417,,,,,,,,,,,,,,9228,,,,,235,,,961,,,6089,,9667,,,2955,,,,,,,,9567,,,,,,,,,,,,,,,,,,,,,,,1564,,,,,,,,1929,1155,,1411,,,,,,3283,,,,,,,9773,,,,,,,,,,,,,,,,,,,4018,9227,,,,,,,,,2869,,,,,,,,,,,,
,,,,,,,,,,,7885,,,,,,,,,,,,,,,,,,,,,5826,,,,2184,,,6337,,962,,,,,,,,,,,,,,,,2145,,,,,,,,,,,,,,,,,,,,,,,,,,,,,,,,,,,,,,,,,,,,,,,,,3381,,8636,,,,,,,,,,,,,,,,,1071,,,,,,,,6210,,,,,,,,,,,,,,,,,,,,,,,9624,,4956,,,,,,,,,,,,2282,,,3505,,,,,,,,,,,4426,,,,,,,,4780,,,,,,,,,,,9940,,,,,,,3529,,9661,,,,,,5922,,,,207,,,,,,,,,,,,,,,,,,,,,,,,,,,,,,,5581,,
,,,,,,,,,,,,,,5863,,,,,,,,,,2267,,,1866,,,,5892,8138,,56,,,,,7317,,,,,,,,,,2401,,,,,,,,,,,,,,,,,,,5672,,,,,,,,,784,,,,,,532,,,8802,,,,,,,,,,,,4187,,,,,,,,,1898,,,,,,,,,,7640,,7567,,,,,,,,,,,,,,,7275,,,,,,,5315,,,,,,,,4938,,,,,,,,,,,,,,6785,,,1795,,,,,,,2659,,,,,,,,,,,2370,,,,,3019,,,,,,,,,,,,,,,,,6083,,,,,,,,,,,,,,,,,,,,,,,,,,5940,,,,,,,,,,,,,,,,,,,,,,,
,6872,,,,,,,,,5046,,,,,,,,,8528,,,,,,,,,,,5794,,,,,6300,,,,8071,,,,,,,,,,,,,,3768,7594,,,,,,,9510,,,8824,,,,,,,,,,,,,,,,,2583,,,,,,,,,546,,,,,,,,,,,,,,,,,,,,,,,,,,,9226,,,3637,,381,,,,,,,,9853,,,,,,,,,,,,,,,,,1183,,,,4497,,,,,,,,5426,,,2623,4687,,,7667,,,,,,,,,,,,,,,,,,,,,,,,,,,2077,,1436,104,,,,,,,,,,1982,,,,,8451,,,,,,,,,,,,,,,,,,,,,,,,,,,,,,,,,,,,,6112,,,,,,,
2280,,,,,,4156,,,,,5336,,,,,,,,,,,,,,,,,,,2548,,,,,,,,820,,,,,,5161,6010,,,,,,,608,,,,,5342,,,,,,,,,,3985,,,,,,4084,,,1133,,,,,,,7364,,,,,,,,,,,,,,,,,,,8064,,,,,,,5500,,,,,,,,,,,,,3211,,,,,,,,,,,,,,,7033,,,,,,,,,,,,,,,,,,8177,,5178,,,,,,,1868,6669,,,,,,,,171,,,,,,8259,,,,,8767,,,,,,3725,,,,,,,,,,,,,,1865,,,,,,,,,,,,,,,,,,,,6221,,,,,,,,,,,,,,,,,,,,,,,,3821,,,,,,,
,,,,,,,,1277,,,,,,,,2875,,,,,,,5634,,,,,,,,,,,,,,,,,,,,,,,,,,,,,,,,,,,,,,,7052,,,,,,,,,,,,,,,,1691,,,,,,,,,,,,,,,,,,3118,9925,,,,6333,,,8370,,,,,,,,6860,,,,,,,,,,,,,,,,,,,,,,,,8241,,,,,,7272,9907,,,99,,,,,,,,,,,,,,,,,,,,,,,6891,,,,,,,,3700,2431,,,,,,,,,,,929,,,,,,8058,,,,,8852,,,,,4190,,,,,,,,,,,6355,,,,,1802,,5931,,3518,,,,,,,,,,,,,,,7023,,,,,5395,,,,,,,,,,
3992,,,,,,,,,,,,,,,,,,6840,,7641,,,,,,,,,,,,,,,,,,,,,,,,,5303,,,,,,,2448,,,6050,,,,7820,,,,,,,,,,,55,,,5424,,,3798,,,,,,,,,,,1417,,,,,,,,,5628,,,,,,,,,,,,,,,,,,,,,,,,2359,,,,,,,,,,,,,,,,,7116,7839,,,,,,,,,,6951,,,,,,,,,,,,,,,,,,,,,,,,,,,,,7930,,,,2328,,,,,,,,,,2138,,,,,,,,,,,,6707,,3967,,,,,,,,,,,,,,,,,,,,,,,,,,,,,,,,,,,,,,,,,,,,,5054,,,,,
,7516,,,,,,,,,,,,,,6135,,,,,,,,5140,,,,,,,,,,,,,,,,,,,,,,,,,,,,,,,,,,,,,,,,,,,,,,,,8974,,,,,5978,,3489,,,,3168,,,,,,,238,1626,,,,,,,6871,,,,,,1504,,,,,,,,,,,,,,,,,,,,,,,,,,,,,,,,,,,,,,,,,,,,,,5480,,,,,,,,,,,,,,5941,,,,,,,,,,,5721,7578,,,,,,,,,,,,,,,,,,,,,,,,642,,,,,7899,,,,,,,,,,,,7875,,,1308,,,,,,,,,,,,,1733,,,,,,,,,,,,,,,8447,,,,,,,,
,,,,,,9177,,,5998,,,,,,,,,,,,,,,,,417,,,,,,2679,,,,,565,,,,,,,,5665,,,,,,,,,,,,8568,,,,,,,,,,,6425,,,,,1827,,,,,,,,,,,7588,,9555,,,4841,,,,,975,,,,,7803,,,,,,,2247,,,,,,,,8747,,,,,,,1666,,,,,9019,,,,2566,,,,,,,,,55,,,7451,,,,,,9823,,,,,,,,,,,,,,,,3854,,,,,,,,,,,,,,8718,,,,,,,,,,,,,,,,,,1997,,,,,,,,,,,,,,4823,4104,7761,,6625,,,,,,,,,3373,,,,,6438,,,,,,,,,,,,7433,,,,,,,,,,,,,,,
,,8662,1456,,,,,,,,5058,,,,,,,8970,,929,,,,7558,,,,,,,,,,,9463,6664,,,,8491,,7423,,,9463,,,,,,,,,,,3549,,,,,,,,7007,,,,,,,,,,,,,,,,,,,,,614,9579,,,,,,,6005,,,7610,,,,,,,,,,,,,,102,,,,,3037,,,,,,,,,,,,,,,,,,,,,,,1335,,,,,,,,,,,,,,,,,,,,,,,,,,,9958,,,9426,,,,8834,,,,,,1092,,,,,,,,,,,,,,,,,,,,4091,,,,,,,,,,,,,,,,,,,,,,,,,,,8774,8610,,,,,,,,,,,,,,,,,,,,,,3047,,,,,,,
,,,,,,,,,,,,,,4120,,,,1577,,,,,,,,,,,,,,3021,,,2501,,,,4737,,,,,3419,,,,,,,3812,,,,,,,,,,,,,3371,,,,,,,,6662,,,,,,,,,,,6707,,7788,,,,,,,6812,,,,,,,709,,,,,,,,,,,,,,,,,,,,,,,,,,,,,,,,,,,,,,,,,,,,,,221,,,,,8048,3194,,,,,,,,,,7547,,,,,,,,,,,,,,9559,,,,,4664,,,,,,,,7655,,4691,,,,,,,,,,,,,,,,,,,,,,,,,,,,,,,152,,,,,,,,,,,,,,,,,,,,,,,,,,,,,1592,5522,,,,
,,,,,,,,9013,,,,,,,,,,,,,,,,,,,,,,,,,4860,,,,9354,,,,,,,,,,,,,,,,,,,,3241,,,,,,,,,,,,,,,,8381,,,,,,,,,,6720,,,,,,,,,,,,,,,,,,,,,,9904,,,,,,,,,,,,,,,,,7428,,5831,,,,,,,,,2786,,,,,,,,8022,467,,8723,4312,,5290,,,4057,,,8790,,,,,,,9816,,,,,,,,,,,,,,,,,,,,,,,,,5161,,,,,,,,,,,,,,,,,,,,1576,,,,1278,,3513,,,,,7679,,,,,,,,,,,,,,,,,,,,,,,,,,,,,,,,,,,,,,6891,
,,,,,,,,,,,,9587,,,,,,,3491,,,,,788,,,,2583,,,521,,,4670,,,9289,,,,4228,,,,,395,8905,,,,,,,,,,,,8641,2853,,,,,,6626,,,8479,,,,,,,,,,,,,,,,,,,,,,832,,,2699,,,8943,,2640,,,,,,,,,1428,,,,,,,,,,,,,4818,,,,6766,,,,,8399,,,,,,,,,,,,,,,,,,,1446,,,,,,6366,,,,,,,,,,,,,,,,2481,,8211,,,,9954,,,,,,,,,3143,,,,,,,,,,,,,,,,,,,,,,,,,,,,,,,,,,,,,,,,,,,,,,,,4790,,,,,,,,,,,,,,,,,,6489,,,
3647,,,,,,,,,,,,,5958,,5040,,,,3955,,,,,,3247,,,,,,,,,,,,1422,5766,,,,,,9333,,,,,3598,,,3660,1305,,,,3316,,,8920,,,,,,,,,,,,,,,,,,,,2601,,,,,,,,,,,,,,,,,5967,,,,,,,,,9251,,,,,,,,,,1597,,,,,8883,,,,,,,,,,,1131,5366,,,,,,,,,,,,,,,,3187,,,,,,,,,7585,,,,4525,,9125,,,,,,,,,,,,,,,,,7133,,,,,,7271,,,,,,,,,7661,,,,,,,,,,,,186,,,,,,,,7591,,,,,,,,,,,,,7941,,,,,3187,,,,,,,,,,4838,,,4868,,,,,,,,
,,,,4537,,,,,,,,,,,,,,,,,,,,,,,,,1287,,,,,,,,,,,,,,,6697,,7951,,,,,,,,,,,,,,,,,,,,,8989,,,,,,,,,,,,,,,,,,8902,,7914,,,,,,,,,9877,,,,,,,,,3909,,,,,,,,9870,,,,,,,,,,,,,,,,,,,,,,,,,,,,,,,,,,,,,,,4151,,,,,,,,,,,,,,,,,,,,,5667,,,4489,,,,,,,,,,,,,,,,,9353,,,,6437,,3225,8131,,,,,,,,5232,3751,2802,,,,,,,,,,,,,,,,,,,,,,,1950,,,,,,,,,,,,,,,,,,,,,,
,,,,,,,,,,,,,6949,,,,,,,,,,9861,,2243,,,,,,,,,,,,,,,,,,,,,,,,,,,,,,,,,,6660,,,,,,,,,,,,,,,,,,1869,5791,,,,,,,,,,,,,,,,,,,9805,,,,,,,,1552,,,,,,,,,,,,,,,,,,,9305,,,,,,,,,,,,,,,,,,,,,,,,,,,,,,,,7947,,,,,,,,,,,,,,,,,,2775,4274,,,,,,,,,,,,,,,,,,,,,3405,,,,,,,,,,8807,,,,,,629,,,,,,,,,,,,,,,8167,,,,,,,,,,,,,,,,3001,,,,,,,,,,,,
,,,,,,,,,778,,,,,,,,,2220,,,,,,,,,,,,,,9802,,,,,,,,,6096,,,,,,,,,,,,,8291,,,,,,,,,2417,,,,,,,,,,,,,,,,,,,3279,,7800,,,,,,716,1855,,,,,,,,,,,,,,,,,,,,,,,7313,,,7662,,,,,,,,3415,,,,,,,,,,,8267,,,,,,,3250,,,,,,,6377,606,,,,,,,,,,,,,,,,,,,,,,,,,,,,,,,,,,,7334,6466,,4888,,,2641,,,,,,,,,,,,,,,,,,,,,,,,,,1235,,,5813,,,,,1143,,,,1456,,,,,,,,,,,,888,,,,,,,,,,,,,
,,,,,,,,,,,9329,,,8964,,,,,,,,,,,,,,,,,,,,,,,,,,,,,,,,,,,,,,,,3497,,,,,,,,,,,,,,,,,,,,,,,,,,,,,,,,,,,1106,,6176,,6546,,,,,,,,,,,,,,,3313,,,,,,,,8522,,,,,,,,,,,,,,,,,,7095,,,,,8605,,,,,,,,,,,,,,,,,,,5019,,,,,2068,,,5947,,,,,,,,562,,,,,7375,,,,,,,,,6220,,,,,,,,,,,,,,,,,,,,,,,,,,,,,,,,,,,8192,,3944,,,,,,,,,1522,,,,,,,,,,,,,,,,,,4749,,,
3542,,,,,,,,,,,,,4446,,,,,3202,,,,8733,,4947,,,,,,2020,,,,,,,,,337,,,,,,,,,,,,5183,,,,,,,,,,,,,,,,,,,,7316,,,9493,,,,,,,,,,,,,,,,,,,,,,,,,,,,,3554,9072,,,,,,,,,,,,,,,,,,,,,,,,,,,,,,,,,,,,,,,,,,,,,,,,,,,,,,,,,,,,,,,,,,,,,,,,,,,,,,,,,,,,,,,,,9604,,,,,,,,298,,,,,,,3715,,,,,,,,,,,,,,,,,,,6027,,,9198,,,,8093,,3056,,,,,,,,,,,,,,,,,3877,,
,,,,8536,,,5534,,,,,,,,,,,,,,,5060,,,,,,,,,,,,,,,,,,,,,,,,,,,,,,,,,,,,,,,,,,7162,,,,,,,,8515,,,,,,,,,,,,2143,,,,,,,,,,,2123,,,7561,,,,,,1829,,,,,2530,,,,2116,,,,,,,,,,,,7837,,,,,,,,,,,8540,,,3594,,,,,,,,,,,,,,,,,,,,,,,,,,,,,,,,,,,,,,,5394,,,,,,,,,,,,,,,,,,,,,9562,,,,,,,,,,,,,,,,,,,,,,,,,,,,,,,,,,,,,,,,,214,,,,,,,3123,,,,,,,,
,,,,,,,,,,,3247,,,,,,,,7518,,5978,,,,,,2675,7473,,,,,,,,,650,,,8636,1586,,,,,,,,,,,,,2686,3163,8518,523,,,,,,,,,,,,,,,,,,446,,5340,,,,,,,,,,,,,,,,,,,,,,,,5119,,,,,,,,,,,,,6840,,,,,,,,,,,9378,,,,,,,39,,,,,,,,,,,,,,,,,,,,,2755,,,,2063,,7154,,,,,,,,,,,,,,,,,8077,,,,,,,,,,,,,,,,,8101,,,,,,,,,,,,,,,,8898,,,,,,,,,,,,,,,,,,,,,,,,7266,,1416,,6037,,,7611,,,,,,,,,,,,,,,
,,,,,,,,,,,,,,,,2870,,,,,,,,,,1729,,,,,,,,,,,6888,,266,,,,,2429,,,,,,4333,,,,,,,,,,74,,,,,,,,9987,7843,,,,,,,7095,,,,,,,,,,,,,,,,,,,,,,,,,,,,,,,,,,,,,,4174,,631,,,,,,,,,,,5880,,,,,,,,,,,,,,,,7134,,,,,,,,,1309,,,,,,,,,,,,,,,,,,,,,,,,5794,,,,,,,,,,,,,,,,,,,,,,,,,,,,,,,8225,,,,5487,8923,,,,,,,,,,,,,,,,,,,,5544,,,,,,,,,,,8108,,,,,,,,,,6580,,
,,,,,,,,,,,,,,6555,,,,,,,,,,9242,5124,,,,,,,7613,,,,,8365,,,,,,,,,,,,,,,,,,2054,,4406,,5559,,,,,,,,,,,,,,,,1295,,,,,,,,,,,,,,,,,,,,,,,,,,,,,,,,9836,,,,,,,,,,,,,,,,,3887,,,2917,,,,,,,,,,,,,,,,,,,,,,,,,,,,,,,4662,,4714,,,5616,,,,,,,,,,,3728,4913,,,3880,,,,,,,,,,,,,,2919,,,,,,,,2023,,,,,9821,,,,,,,,,4784,,,,,,,,,,3709,1033,,,,4889,,,6142,,4323,,,,,,,2517,,,,2573,,,,,,,,,,
,,,,,,,,,,,,,2018,,8490,,,,,,,3939,,,,,,,,,,,,,,,,,,,,,,,4578,,,,,,,,7189,,1951,,,,,,,,,,,,,,,,5978,,,,,,,,,,,,,,,,,,8498,,,,,,,,1311,,,,,,,,,2517,,,,,,,,,,,,,,,,,,,,,,,,,,,7189,,,,,,707,,,,,,,,,,,,,,,,,,,,,,,,,,,,,1044,,,,,,,413,,,,,,,,,,,,,,,,3995,,,,,,,,,,,,,,,,9760,,,,,,,,,7491,,,,,,,,,,,,,,,,,,8344,,,,,,,,,,,,,,,,,,,,,
,,,,,,,,,,,,,,,,,,,,,,,,5085,,,,,,,,6879,,,,,,,,,,,,,,,,5359,,,7290,,,,,,,,,,,3135,,,,,,5829,,,,,,,,,,,,,,8891,,,,,1884,,,,,,,,,7703,,,,,,,,,,,,,,3349,,,,,,,,,,,,,,2904,,,,,,,,,,,,,1597,,,,,804,,,,1159,,,,2682,,,,,,,,,,,,,,,,,,,9372,,,7359,,,,,,,,,,,,,,,,,2685,,,,,,,,,,,,,,2091,,,,,,,,,,,,,,,,,,,,,,,,,,,,,,,,,,,1981,,,,5998,,,,,,,,,,,,1912,
,,,,,,,,,,8228,,,,,,,,,,3741,,,,,,,,,,,,,4060,,,,2081,,,,,,,,,,,,,,,,,,,,,,,1564,,,,,1360,9119,,,,,2360,,,,,,,,,,,,,,,,,,,,,,,,,,,,3160,,,,4415,,,3327,,,,,,5203,,,,,,,,,,,,5287,,,,,,,,,,,,,,,,,,,,7876,,,,,,,,,,,,9378,,,,,,,2689,8471,,,,7668,,,,,,,,,1858,,,8740,,,,,,,,,,,,,,,,,2822,,,,,,,,,,,,,,,,,,,,,1406,,,,,,,,,,,,,,,,,3169,,,,,,,,,,7937,,6803,,,,,,,,
,,,,,,2533,,,,5997,1151,,,,,,,,,,,5066,,,,,4768,,,,,,,,,,,,,,,,,,,,,,,,,,,,,,,,,,,,,,3358,,,,,,,6995,,,,,,,,265,,,,,,,,2096,,,,,3054,,,,,,5449,,,,,,,,,,,,,,,9941,,,,,,,,,,,,,,,,8448,,,,,,,,,,,,8589,,,,,,,,,,,,,,,,,,,,,,,,,5650,,9075,,,,4210,,,1222,,,,,,,,,,,,,,,,9568,,,,,,,,,1662,,,,,,,,9714,7569,,,,,,5284,,,,,,,,,,1504,,,,,,,,,,,,,,1965,,,,,,,,,,,,,,,
,,,,,,,,,,,,,,,,,,,,,,,,,,,4330,,,,,,,,,2970,,,,,,,,,,,,,,,,,2013,,,,,,,,,,,,5634,,,,,,,,,,,,,,,,,,,,,,,,293,5205,,,,,,,,,7576,,,3332,,,,,,,,3629,7549,,,,,,,484,,,3534,,,,,,,,,,,,,9722,,,,,,,,,,,461,,8545,,,,,2441,,,,,,,,,,,,,,,,719,4725,,9826,,,,,,,,8760,,,,,,,,3680,,3443,,,,,,,,,,,,,,,,,,,,,,2450,,,,,,,,,,,,,,,,,,,,,,,7703,,,,,,,,,,,,,3053,,,,,,,,
,,,,,,,,1316,,,,,,,,,,,,,,,,,,,7949,,,,,,,,,,6605,,,,,,,,,,,3573,,,,,,,,,,,,,,,,,,8342,2955,,,,,,,,,,,,,,,,,,,,3198,,,,,,,,,,1505,,,,,,,,,,,,,,,,,,,,,,,,,,1017,,,,,,,,,,,,,,,,,,,,,,,,,,,,,,,,,,,,4254,,,,,,,,,,,,,,2281,,,,,,,,,,,,,,,,,8490,,,,9506,,,,,,,,,,,,1879,,,,,,,,,,,,,,,,,,,4007,,3084,,,,,,,,,,,,,1628,,,,,,,,9173,,,,,5480,,
,,,1616,,,,,,,,,5874,,,,,,,,,,,,,,,,,,5469,,,,,,,,,,,,,,,,,,3488,,,,3056,,6942,,,,5363,,,,,,,,,,,,,,,624,,,9644,,,,,,,,,,,,,,,6855,,,,,,,,,,,,,,,,7129,,,,,,,,7035,,,,,5743,,,,,,,,,,5667,,,,,,,,,,,1280,8157,,,,,,,,,,,,6093,,,,,,,,,,,,,,,,,,,,,,,,,1253,,,,,,2369,,,,,7794,,,,,,,,5409,,,,,,,,,,,,,,5991,,,,865,,,,,,1972,,7990,,,,,,,,,,,,,,,1419,,,,,,,,,,,,8078,,,3200,
,,,,,,,,,,,8816,9040,,,,,,,,,,,6844,,,,,,,,,,,,,,1798,,,,,,,,,,4265,,,,,,,,,,,,,,,,,2475,,9552,,,54,,,,,,,,,,3270,,,,,,,,,,,,,,,,,,,9667,,,,,,,4198,,,,,,,,,3448,,,,,,,3487,,,,,,,,,,,,2438,,,,,,,,,,,,,,,,,,,,,,,,,,,,,,,,,,,,,,1133,,,,,7047,,,,,,,,,,,,,,,,,2873,,,,,,,,,,,,,,,,,,,,,,4118,,,1255,,,,8087,,,,,,,435,,,5592,,,,,,,,,8643,,,,,,,,,,,,,,
,,,,645,,,,,,,,,9685,,6556,,,,989,,,,,,,,,1768,,,,,,,,,,,,,,,,1732,8701,,,,,,,,,,,,,,,,,,,,7352,,,3883,,,,594,,6811,,8635,,,,,,,,,,,,,9507,,,,,7050,,,,,,,,,,,,,477,,852,,,,,,,,,,8594,,,,,,,,,,,,,,,,,,,,,,,3344,,,,,,,,,,4713,,,,,,,,,,,,,,,,,2632,,,,,,,,,,,,,,,,,,,,,,,,,9088,,,,,,,,,,,,9357,,,,228,,,,,,,,,,,,,,,,,4215,,,,,,4714,,,,,,,,,,,,,,,,,,,,,,
,,,,,,,,,,,,,,,,,,,,,,,,,,,,,,,,,,,,,,,,,,1595,,,1495,2179,,,,,,,,,,,,,9144,,9430,,3824,,,,,,,2424,,,,,,7083,,,,,,919,,,,,,,,,3916,,,4109,,8230,,,,,,,,,,,,,,,,,,,,,,,6981,,,,703,,,,1663,,,,,,,,2649,,,,,,,,,,,,1016,,,,,,,,,,,,,,,,,,,,,,,,,6447,,,6287,,,,,,,,,,,,,7097,,,1520,,,,,,,,,,,,5789,,,1600,,,,3601,,,,,,,,,,,,9663,,,,,,,,998,,,,,,,,,4888,1375,,,,2736,,,,9960,,,,,6287,,
,,,,,6182,,,,,,,,,,,,,,,,,,,,,,,,,,,,,,,,,,,,,,,,,,,,,5904,,,,1453,,,,,,,,6006,,,,,,,,6806,,,,,,,6568,,,,,,,,,,,,9723,450,,,,,,,,,,,,,,,,,,,,,,,,4118,,3983,,,,,9815,,,,,,,,,,,,,,,,,,,6721,,,,,,,,,1929,,,,,,,,,4727,,,,,,,,,,,,,,,1391,,,1026,7536,,,,,,,,,,,,,,,,,,,9148,,,,,,,,,,,,,,,,,,,,,,,,,,,,,,8308,,,,1905,,7712,,,6469,,,4168,,,,,,,,,,,,,,,,,
,,,,,,,,,,,,,,,,,,,,,,,,,,,,,3824,,,,,7939,,,,,,,,,,,,,,,,,,,,,,,,,,,,9429,,,,,4691,,,,,,,,,,,,1428,,,,,219,,,,,,,,,,,,,,,,,,,,,,,,,,,3857,,,,,,,5523,,,,,,,,,,,,,,,,,,,,,,,,,,,,,,,,5960,,,,,1013,,,,,,,,,,,,,,,,,,,,1152,,,,,,,,,,,,,,,,5607,,,5781,,,,4418,,8257,,,8385,55,,,,,,,,,,3135,,,,,,,,,,,,,,,,,,,,8422,,5335,,,,,,,,,,,3717,,,,,,,1718,
,,,,7390,,,,,3145,,,,,,,,618,,,,,,,,6206,,,,,,,,,9619,,,,,,,,,,,,,,,,,,6653,797,,2508,6957,,,,,,,,,,,,,,,,,,,,,,,,,,,,7441,,,,,,,,,,,,,,,,,,,,,,,,,,,,,,,,,,,6028,,,,,,,,,,,,,,,5612,,,,,,,,,,,,,,,,,93,,,,,,,,,,,,,,,,,,,,,,,,,,,8750,,,,,,8280,,,,,,,,,,,,,,1846,,,,,,1337,,,,,,3069,,,2988,,,,,1875,,,,,,,,,,,,7127,,644,,,,,,,,,,,,,,,,,,,,,,2822,
,8130,,,,,,,,,,,,,,,,,,,,,,,,,,,,,,6874,8099,,,,,,,,,,,,,,,,,,,,,,,,,,,,,,,,4397,,,,,,,,,,,,,,,,,6871,,,,,,,,,,,,,,,,,,,,4529,,,,1597,,,,,,,,,,,,,,,,,2527,,,,,1695,840,,,,,,,,118,,177,5916,,,,1341,,,,,,,,,,,,,5114,,,,,,,,5758,148,,,,,,,,,,,,,,,,,,,,,,,,,,,,,,,,,,,,,,,,,,,,,,,,3460,,,,,,,,,,,,,6382,,,,,3090,,,,,,,,,,,,,,,,,,,,,4284,,,
,,,,,6588,,,,,,,,,,,,,,,4960,,,,1994,,6045,,,,,,,,,,,,,371,,,,,,,,1386,,,,,,,,,,,,,,,,,791,1356,,,,,,,4771,,,,,,,,,,8205,,3660,,,,937,,,,,,,,,,,,,,,5891,,3501,,,,,5726,,,,,,,,,,9078,6218,,,7834,,,,,9109,,,,,,,,,,,,,,7023,,6958,,,,,,,7313,,,,,,,,,,,,,,,,,,,,7048,,,,9453,,,,,3378,,,,,,,,,,,,,,3888,,,,,,,,,,,,,,,,,,,,,,,,,,,,,,,,,,,,,,,,,,,,,,,,,,,8388,,,,,,,,,
,,,,,,,,,,,,1532,6752,,,4983,,,,,,,,,,,,,,,,,,,,,,,,,,,,,,,,,,,,,,,,,,,4327,,,,,9304,6493,6075,,,,,1988,,,,,7875,,,,,,,,,,,,9582,,,,,,,,4018,,,,5760,,,,7998,,,,,,,,,,,,,,,,,,,,,,,4271,,,,,,,,,8712,,1332,,5314,,,,2302,,444,,,,,4323,,,,,,,,,,,,,,,,,,,,,,6286,,,6651,,,,,,,,,,,,,,,,,,,,,,,,,,,,1009,5354,,,,,,9816,,5366,,,,,,4862,,,5235,,,,,,,,,,,,,,8326,,,,,,,,,,,,,,,,,,6631,
6525,,,,,76,,157,,,,,,4199,,,,,4192,,,,,,,,,,,,,,,,,,8705,,,,,7861,,,,,,,,,,,,,,,3617,,,,,,,,,,,,,,,7410,,,,1868,,,,,,,,,,,,,,,,,,,,,,,,,,,3712,,3174,,,,,,,,,,,,,,6342,,9452,,,,8793,,,,,,,,,,,,,,,,,,,8376,,,,,,,4405,,,,,,9296,,,,,,9376,,,,,1600,,,,,,,4528,,,,5946,,,,,,,,4007,,,,,,,9286,,,,9033,,,2237,,,,,,,,,,,,,,,,,,,,,,,8940,,6394,3819,,,,,,,,,6010,,,,,,,,,4115,,,,,,,,,,,7332
,,,,,,,,,,,,,,,,,,,,3826,,,,,,,,,,,,,,6016,,9699,,,,,,,,,,,,,,,,9072,,,,,,,,,,,,,,,,,,9396,,,,,,,,,,,,,,,,,,9905,6370,,,,,,,,,,,,,,,,,,396,1327,,,,,,,,,,,,,,8317,,,,,5527,,,,,,,,,,,,,,,,,,721,,,,,,,,,,,,,2439,,,,,,,,,,7190,,,,,,,,7655,,,91,,,,,,,,4483,,,,,,,,,,,,,9936,,,,,,,,,,,,,,,,,,,,,,,9615,,,,,8903,,,,5905,,,,,,,,,,,,,,,,,,6818,,,8234,,
,,,931,,,,,3053,,,,2182,,,,,,,,,,,,,,,,,,,,,,,,,,,6173,,,,,,,,739,,,,,,5656,,,,,,,,,9172,,1210,,,,,,,928,,,,,,,,,,,,,,,,,,,,,,,7329,,,,,,,7348,,,7743,,,,,,5261,,,,,,,,,,,,,9380,,,2769,,,,6596,,,,,,4960,,,,,,,,,,,,,,,,,8416,,,,,,,,,,,,,,,,,,,,,1724,6603,,,,,,,,,,,,,,,,,,,,,,,6249,,8476,1243,,,,,,,,,,,,,,,,,,,8155,,,,,,,,,,,,,,,5901,,,,,,,,,,,,,,,,,,,,
,,2037,,,8510,,5057,,,,,,,,,,,8960,,,,2122,,,,,,,,,,,,,,,,5625,,8011,,,,,,,,,,,,,,,290,,,,,,,,,,,,,5200,,,,,,,,,,,,,,8368,,,,,,,6444,,,,,,,,491,8671,,,3187,,,,,,,,,,,,,,,,,,,,,,,,,4351,,,3031,,,,,,,,,,,559,,7092,,,,,,2609,,,,,,,,,4157,,,,667,1607,,,,,,,,,,,,,,,,,,,,,,,,,,2234,,,,,,,,,,,,,,,,1511,,,,,,,,,,,,,8675,3798,8783,,,,,,,,,,,,,,,,,,,,,,,,,,,,,,,,,,,,
,,,,5867,,,,,,,,,,,6247,,,,,,,,,,,,,,,,,,,,,1768,,,,,,,,,,,,,,,,,,,,,,,,,,,,9213,,8746,,,,,,2190,,,,5302,,8085,,,,6540,,,,,,,,,,,,,,,5552,,,,,,,,,,,,1785,,,,7054,,2207,,,,,7670,,1873,,,,,,,,,,,,,,,,,207,,,,,,,,,,7203,,,,674,,,,,,,,,,,,,,,,,,,,,,,468,,,,,,,,,,,,,,,,,,,,,,,,,,,,,,7777,,,,,,,,,,,,,,,,,,,,1597,,,,,,,,,,4134,2990,8801,,,,,,,,,,,,,,2920,,,
,,,,,,,,,,,9808,,,,,,,,,,,,,,,,,,6084,8633,,,,,,,,,,,,,,,,,,,,,,,,,,,,,,,,,,,,,,,,,,,,,,,3375,,,,,,,,,,,,,,,,,,,,,,,,,,,,,,,,,,,8338,,,,,,,,,,,,,1497,,,,,,,,,,,,,,,,,6145,,,,,,,,,,,,,,8605,,,,,,,,,,,,,,,,,,,,,,,,,,,,1154,,,,,,,,,5196,,,,,,,,,,,,,,,,,,,,,,,4691,7012,,,8866,,,,,7174,,,,,,,,,,6228,,,,,,9972,628,,,,,,,,,,,,,6605
,,,,4687,,,,,,,,,,,,,,,,5445,,,,,,,,,2470,,6611,7669,,,,,,,,,,,,,,,,,,,,,,,,,1872,,,,,,,,,,,,,3190,,,,,,,,,,,,727,3248,,,,,,,7106,,,,,,6454,,,,6461,5421,,,,,,,,,6126,,,5423,,,,,,,,,8712,,4811,,,,3549,,,,7503,,,,,,,,,,3460,,,,,,,,,,,,,,,,,,,,,,,,,,,,,,,,,,,,,1865,,,,,3138,,,,,,,,,,,,,,,,,,,1580,,,,,,,174,,,,,,,,,8966,,,,,,,,,,,,,,,,,,,,1149,,,,,,,,,,,5001,,,,,
,,,,,,,,,,,5406,,,,,,3722,,,,,,,,,,695,,,,,,,6734,,,2660,,,,,,,,,,,,,,7944,,5292,,,,,,7154,,,,,,8706,,,,,,2548,120,,,7245,,,,,,,2787,,,,,,,,,,,,,,,,,,,,,,,,2754,,,,,,,,,,,,,,,,,,,,,,,,,,,,,,,,,3726,,,,,,,,,,,,,,,,,,,,,1949,,,,,,,,,,,,,,,,,,4767,,,,,,,,,4995,,,,,,,4736,,,,,,,2364,,,,,,,,,,,,,,,,,,,,,,1669,5694,,,,,,,,,,,,,,,,,,,,,,,,,,8040,326,,,,
5897,,,,,,,,,,,,,,,,,,,,,9296,,,,3494,,,,2879,,5405,,,,,,950,,,5433,,7023,6298,,,,,,,,,,,,,,,,,,,,,5697,,,,,,,,,,,,,,,,,8424,,,,,,,,,,,,,,,,,2289,,,,,,,5021,,,,,,,,,,,,,610,1692,,6288,,,,,,,,,,,,,,,,,,,,,9660,,,,,4228,,,,,,,,,,,,,,,,,,,,,,,,1729,,3983,,,,,,,,,,9538,,,,,,,,,,,,,,,,,,,,,,,,,,,,,,6005,,,,,,,,,,2802,,,,,,,,,1017,,,,,,,,,,,,7563,,,,4716,,,,,,,3168
,,,,,,,,,1721,6767,,,,,,,,,,,,,,,,,,,,,,7480,3942,,,,,,,,899,,9285,,,,,,,917,,,6986,,,,,,,,,,,,,5738,2612,,,,,,,,,,,,,,,,,6204,,,,,,,,,,,,8252,,,,,5415,,,,9346,,,,,,,,,,,,,,5878,,,,7522,,,,,,,,,,,,,678,,,,,,,,,,2840,,,,,,,,,,,,,2870,,,,,,,,,,,,,,,,,,,,,,,,,,,,,,,3444,,,,,,,6824,,,,,9146,,,,,,,,,,,,,,5925,,,,,,,,,,,,6986,,,,,,,,,,,,,,,,,,,,,6117,,,,,682,
,,,,,,,,,7588,,,,,,,,,9998,1199,,1463,,,,,,4806,4291,,,,,,,,,,,,,,,,,,3417,,,3643,,,,,3060,,8351,,2082,,,,7901,,,,,,,,,,,4515,,,,,,,,,,,,,,,,,,,,,,8009,,,,6599,,,,,,,,,,,,,,,,,,7522,,,,,,,,,,,,,,,,9274,,,,,,428,8961,,,,,,,,,,,,,,4113,,,,,,,,,,,,,9668,,,,,,,,6889,3816,,,,,,,,,,,,,,2394,,,,,,,4144,,,,,,,,,,,,,,,,,,,6000,,101,6931,,,,,,,,,,,,,8606,,,,,,7721,,,,,,,,,,,9463,,,,,2114,
,,,,,,,,,,,,,,,,,,,,,,,,,,,,,,,,,,404,,3796,5824,,,,,,,,,,,,,,,,,,,,,,,,,4907,,,,7113,,,,,,,3171,,,,,,,9587,2408,,,,,,,,,,,,,7223,,,,,1471,6686,,,,,,,,,,,,,,,,,,,,,,,6525,2119,,,,,,,,,,,,,3997,,,,,,,,,,,1569,5417,,,,,,3910,,,,,1922,,,,,,,,,4130,,,,,7600,3691,,5249,,,,,,,,,,,,,,,,1362,,,,,,,,,,264,,,3691,,,,,,448,,,,,,,,5490,,,,,,2654,,,,,,,,,,,,,,,,,,,,,,,,,,,,,
,,,,,,,,6795,,,,,,2430,,,,8431,,,,,,,3029,3317,2995,,,,,,,360,,,,,,,,,,,,,6586,,,,,,,,,,,,,,,,,,,,4111,1529,,,,,,714,,,,,,,,,,,,,,,,,,,9161,3255,,,,,,,,,,,,,,,,,,,,,,,,,,,,,,6402,,,,,2880,,,,,,,,,,3394,,,,,,,,,,,,,2362,,,,,7327,,6317,,,,,,,,,,,,,,,,,,6081,,,,,,,,,,,,,,4705,,,,,,,,,,,,,,4874,,,,,,,,,,,,,,,,,,,,,,,,,,6479,,,,,,,,,,,3126,4392,,,,,,,4511,,,,,
,,,,,,,,,,,,,,,,,9774,1271,,,,,,,,,6965,,,,,,5033,,,2541,,,,,,8097,,,,,,,,,,,,368,,,,,,,,,,677,,,,293,,,,,,,,,,,,,,,,6651,,,,5315,,,,,,,,,,,8123,6293,2438,,,,,,,,,,7568,,,,,,,,,,,,,,,,,,,,1577,,,,,,,,,,,,,,,,,,,,2993,,,,,,,,,,,,,,,,5883,,,,,,,,,4892,,,,,,,,,,,,,,,8362,,,,,,,,325,,,,,,,,,,,,,,,,,,,,,,,,,,,,,,,,,,,,,7111,,,,,,,,,,,,,6339,,,9852,4510,,4204
,,,,,,9663,,,,,,,,,,,,,,,,,,,,,,,,,,,,,,,,,,163,,,,,9115,,,,,,,,7882,,,,,,,,,,,,,,,,,,,,,,,,,,,,,,2210,,,,,,,,,,,7148,,,,,,2647,,,,9269,5137,6747,,,,,,,,2183,,2528,,,,,,,,,,,,,,,4190,,,,,,,,,,,,1623,,,,,,,,,,,9490,,,,,,,,,,,,,5680,,,,,,,8757,,,,,,,,6933,,,,,,,,,4608,,,,,,,,,,,8416,,,8769,,6016,,,,,,,,,,,,,,,,,,,,,,,,,,,,,7315,,,1271,2527,,,,1583,,2195,,,,,,,,,
,,,,,,,,,,,,,7622,,,,,7884,,,,,,,,,,,,752,,,5905,2601,,,,,,,,,,9735,,,,4280,,,,,,,7184,,,,,,,,,,,879,,,,,,,,,,,,,,5448,,,8032,,,,,,,,,,,,,8571,,8664,,,,,,,,1777,7381,,,,8516,,,,,,,,,,,,,,307,,,,,,,,,,,,,,,,,,,,,,,,9440,,,,,,,,,,,,,,4072,,,,,,,,,,,,,,,,,,,,,,,,,,,,,,,,1388,,,,,,,5168,445,,,,,,,,,,,,,,,,,,,,9297,,,,,,,5036,,,9653,,,,,,,,6617,,,9293,,,,,,145,7870,,6721,,
,,,,,,,,,,,,,,,,,,172,6245,,,,,,,,,,,,,,,,,,,6862,,5264,,,,,,,,,,,,3295,,,,1287,,,,,9869,,,,,,,,,,,,,3147,,271,,,,,,,,,2744,,,,6232,,,,,7322,,7042,,,,,,,,1326,,,,,,,,,9516,6281,,,,,,,,,,2262,6123,,,,,,,,9,,,,,,4145,,,,,,,,,,,,,2731,,5070,,,,2036,,,,,,,,,,,,,,,,,3532,,,,,,,,,,,2850,3587,,,,,5323,,,,,,,,8538,5289,,,,,,,,,,,,,,,,,9686,,9953,,,,,,,,,,,,,,,,,,,3384,,,,,,,4525,,,,,,,8146,,
,,,,,,,,,,,,,,,9889,,,,,,,,,,,,,,2701,,,,,,,,,,,,1485,,,,,,,,,,,,,,,,,,,,,,,,,,6630,,,,,,,,,,,,,,,,,,,,,,,,,,,,,,,,,,,,,,,,,,,,,3364,,,,,,,,,,,,,,,,5414,,,,,,,,,6051,,,,,,,,8562,,,,,,,,,,,,,,,,,,,,2477,,,,,,2636,,,6696,,208,,,,,885,,,,,,,,,,,,,,,,6095,,,,,,,,,,,,6305,,9385,6217,,,,,,,,,,,,,,,,,,8533,,,,,6817,,,,,7675,,,,,,,,,,,,,,,
,,,,,8113,,,,,,,,,,,,,,,,,,,,,,,,,,,,,,,,,,,5985,,,,,,,,,,,,,8245,,,,,811,,,,,,,,,,,,,,,,,,,,,,,,5060,,,7170,,,,,,,,,,,,,,,,,,,,,,,,,2597,,,,,,,,,,,4686,,,,,,,,,,,,,,,,,,,,,,,,8466,,,,,,,,,,,,,,,,,,,,,,,,,,,,,,,,,,,2952,,,1351,,,,,,,,,,,,,,,,,,,4681,,6045,6269,,,,,3688,,,,,,,,,,,,,,,,,,,,1254,,,,,,,,,,,,1038,,,,2269,,,,,,,,,
,,,8199,,,,,,,,,,,762,2600,,7123,637,,,,,,,,,,,,3105,,,,6666,,,,,,4373,,873,,,,,,,,,,,,,7102,,,,2715,690,,264,5337,,,8348,2604,,,1084,233,,,,,,,,,,,,,,,,,,233,,,,8354,,5368,,,,,,,,,,,,,,,,,,,,,,,,,,,4082,,,,,,,,,,,,,,,,5164,,,,,,,,,,2929,,,,3413,1921,,,4292,,,,,,,,,,,,,,5621,,,,,,,,,,,,,,,,,,,,,,,1693,,,,,,,,,3524,,,,,,,,,,,,,,,,,,,,,,,,,,,,,,,,,,,,,,,,,,,2695,,9489,,1665,2695,,,,,
,,,,,,,,,,,,,,,,,,8017,,,,,,,,,,,,,,,3655,,,,,,,,,,,,,,2654,,,9529,,,,,,,,,,,,4714,,,,,,,,,,,991,,110,,,,,,,,,,,,,,7914,,,,,,,,,,,,,,,,,,,,,,,,,,2713,,,,,,,,,,,,,,,,,,,,,,,,,,,,,,,,,,,,,,,,,,,,,,,,,7365,,,2636,1642,,,,,,,,,,,8092,,,,,,,,,,,2134,,,,3655,,,,,,,,,,,,,2068,8927,,,,,,,,,,2100,,,,,,,,,,,,,,,,,,,,,,,,,,,,,,,,,,,,,
1827,7534,,,,7476,,,,,,,,,,1223,,3261,,,,,,,,,,,8138,5882,,,,,,,,9628,,,,,,,7617,,,,,,,8131,,,,,,,4776,,,,,,1762,,,,,,,,,,1641,,,,,,,,,,,,,,,,,,,7666,1550,,,,5053,,,,,,,,2501,,,,,,,,,,,,,,,,,,6551,,,5452,8571,,,,,,,2838,,,,,,,,,,,,5471,,,,,,,,,,,,,,,,,,,,,,,,,,,,,,7341,,,,9860,,,,,,1934,,,,,,3941,,,,,,,,,,,,,,,,,,,1143,905,,4503,,,,,,,,,,,,,,,,771,,,3830,,,,,,,,,,,,,8804,,,,,5600,,,
9567,,,,,,,,,,,,,,,,,,,,8074,3432,,,,526,,,,,3146,,,,,,644,,,,,,,3101,,,4568,,,,,,,,,,,937,6344,,,,,,,,,330,,,,,,,,,58,,,,,,,,,,,1140,,,,,,,,,,,5006,,,,,,,,,,4078,,,,,,4015,,,,,,,,,,,,,,,,,,,,,,,,,,,,,,,,,,8746,,,,1465,,,,,,,,,,,,,,,,,,,,,,,,,,,683,,,,,,,,,5356,,,,,,,,,,,,,,,,,,,,,,,,,,,,,7982,,,,,,,,,,,,7692,,,,,,,,,,,,,,,,,,,,,,,,,,
,,,,,,,,,,,,,,2505,,,,,,,,,,,,8441,683,,,,,,,,,,,,,,,,,,,7806,5358,,,,,,349,,,,,,,,6491,,,,449,,,,,,,,,,,,,4770,,,,,3487,,,,,,,,,,,,,,,2503,,,,,,,,,,7812,,,9349,,,,,,,,,,,,,,,,,,7706,,,,,,,8845,,,,9317,,,,,,,155,,,,,,,,,,,,,3279,,,,2786,,,,,,,,,,8020,,,,,,,,,,,,,,,,,,,,5437,,,,,446,,,,,,,,,,,,,,,,,,,3507,,,,,,,,,,,,,,,,,,,,,,,,,,7635,,,,,,,,3781,,,
,,,,,,,2075,,,,,,,,,,,,,,,,,,2284,,8532,,,,4463,,,,9305,,,1882,7556,,,7141,3733,,,,,,,,,,,,,,,,,,4130,,,,,,1164,,,1913,,,,,,,,,,,,,,,,,,,,,,,,,,,,,,2306,,,6767,,,,,5355,,6652,,,,,,19,,,,7354,,2319,1796,,,,4750,,,8772,,,,,,,,4440,,,722,,,,,,3023,,,,,,,,,,,,,,,,,5271,,,,,,,1163,,,,3139,,4686,,,,6328,,,,,,,,,,,137,,,,,5618,,,,,,,,4558,5292,,,,,2646,,,,,,,8355,,,,,,,2236,,,,,,,,,,,,4759,,5725,,,,,,,,,,,,,,,1092,
,,3027,5599,,,,,,,,,,,,,,,,5029,,,4156,,,,,,,,,,,,,,,,,,,,3489,,,,,,8126,,,,,,,,,,,,,,,,,6587,,9491,,,,,,,,,,6645,2477,,,,,,,,,2481,,,,,,,,,6200,,,,,,6460,,,,,,,,,,,,,,,,,,,,,,,,8026,3405,,,,,9635,,,,,,,,,,,,,,5226,,,,,,,,,,,,,,,,7474,,,,,88,,5351,,,,,,,,,,,,,,,,,4044,,,,,,,,,,,,,,,,,,,,9405,,,,,,,,,,,,,,,,,,,,,,,,,,,,,781,,,,,,,,,1972,,,,,7279,,,8637,,,
,,,,,,,,2823,7605,,,,,,,,,,,,,,,,,,,,,,,,,,,,,,,,,,,,,,8727,,,,,,,,,,,,,,,,,,,,,,5702,,,,,,,5469,,,,,,,,,,,,,,,,,,4936,,,,,,,,,,6436,,,,,5619,,,,,,,,,,,,1099,,,,,,,,,,,,,,,,,,,,,,,3961,,,7814,,,,,,,,2894,,,,,,,,,,,,,7073,,,,,,,,,,,,,,,,,,,,,,,,8577,,,,,,,2610,,,2382,,,,,,,,,,,,,,,,,,,,,,,,,,,,,,,,,,,,,,,2138,,,,,,,,,,5059,,,,
,,,,,583,,,,,,,,,,,,,,,,,1970,,,,,,,,,522,,,,,,,,,,,,,,,,,,,,,4356,,,,,260,,,,3840,,,,,,,,,,,,,8891,,,,,,,,5099,,,,4627,5192,,,,5714,,,,,,,,,,,,,,,,,,,,,,,,,,,,,,,5857,,3056,,,,,9660,,,,4883,,1353,,1476,,,7174,,,,,,4277,,,,,,,,,,,,,,2663,,,,,3302,,,,,9460,,,,,,,,371,,,,7809,,,,,,,,,,,,3380,,,,,3061,6518,9552,2270,,,,,,,,2217,,,1084,,,,,,,,,,,,,,,,,,,,,,,,,,,,,3054,,,1476,7591,,,,,,,,,
,9155,,,,5369,7504,4055,,,,,,,,,,,718,,,,,,,,,4261,,,,,,,,,,,,,,,5468,,,,,,,,,,,,2989,,7477,,,,,,,,,,,,,,,,,,,,,3511,,,,,,,,,,,,,,,,,,,,,,,,,,,,,,,,,,,,,,,,,,,,,5568,,,,,,,,,,,,,,,,,,,6179,,,,,,,,1217,,,,,,,,,,,,,,,,,,,,,,,8003,,,,,,,,,,,,,,,,,,,2885,,,,691,,,,,,,9621,,9547,,,,2540,,,,,,,,,4048,,,,,,,,,,,,,5084,5566,,,,,,734,,,,,,,,7864,4106,,,,,,,,,
,,,,,,,,,,,4584,,,,,,,,,7239,,,,,,,3205,,,,,,,,,,,,,,,3445,,,,8108,,,,,,,,,,,,,,6714,,,,,6073,,,,,,,,3850,,,1395,,,,,,,,,,,,,,,,,,,,,,,,,3117,,,,,,,,,,,,,,,,,,,2814,,,,,,,,,,,,,,,,9042,,,,,,,,,,,,,,,,,7766,5285,,,,,,,,4891,,,,,,,,,6051,,,,,,,3350,,,,,,2056,,,,,,,,,,,,,,,,,,,1774,,,4536,,,,,,7815,,,,,,,2248,,,,,,,9714,,,,,,,,,,,,,,,,,,,,,,9134,,,,,6475,,
,,,,,,,6631,,,,,,,,,1979,,,,,,,,,,,,,,,,,,,,,,,,,,,,,,,,,,,,,,,6849,,,,,,,5835,,,,,,,,,,,,8862,,,,,,,,,,,,,,,,,,3890,,,,,,,,,,6428,,,136,,,,,,,,,,,,,,,,,1619,1230,,,,,,,,,,,,5953,,,,9066,5840,,,,,,,,,,6553,,,,,,,,432,,,,3865,,,,,,,,,,8918,,,,,,,,,,,,,,,,,,5069,,,7098,,,569,,,,,,,,,,,,,6208,,,,,,,,,,,,,4915,,,,,,,,,,,,,,,,,,,,,,,,,,,,,559,,1674,,
,,8246,,,,,,,,3446,,,,,,,,,,,,,,,,9987,,9120,,,,,,9970,3896,,,3448,,,,,6846,,,,6197,,,,,4562,,,,,,,,,,,,,,,,,,,,,,,,5402,,,9718,,,,,3816,,,,,,,,,1934,,,,,,,,,,,,,,,,,,,,,,,,,,,,,4399,4559,,,,,,,,,2491,,,,3887,5582,,,,,,,,,,3137,,,,,,,,,,,,,,,,,,,,,,,,,,,,,,4205,,,,,,,,,,,,,,,6247,,,6566,,,,,5880,,,,,,,,,,,,,,,,,,,,,,,,,,,1485,,,,,,,,,,,,,,,3244,,,,,,,,,,5777,,,
,,,,,,,,,,,2515,,,,,,,,,,,,,,,,5300,,,,,,,,,,,,,,,,,,,,,,,,,,,,,,,,476,,,,,,8050,,,,,3242,,,,,,,742,,,,,,,,,5065,,,,,,,,,,,,,,,2739,,,1570,,,,,,9546,,,1764,,2408,,,4993,,,,,,8105,,,,,,,,,,,,,,,,,,,,,,,,,,,,,,,,,,,,,,,,,,,324,,695,,5985,,,,,,4198,,,,,,1230,,,,,1401,,,,,,2971,3191,,,,,,,,,,,,,,,,5026,,,,,,,,5246,,,,4492,,,,,,,,,9307,,,,,,,,,5258,,,,,,,,,,,,,,
8668,,,8526,,,,7865,,,,,,,,,,,,,,,,,,,,,,,,,,9729,,,,,,,,,,5054,4901,,,,,,,,,,,,,,,,,,,,,,,,,,,,,,,,,5716,,,,,6421,,,,,,,,,,,,,,,,,6850,,,,,,,,,,,,,,,,,,,,,,,,,,,,8705,,,,,,,,4653,,,,,,,,,,,,,,,,,,,,,,,,,,584,,7057,,592,,,,,,,,,,,,,,,,,,,40,,8886,,,,,,,,,,,,7981,,,,,,,3357,,7594,,,,,,6804,,,,,,,,,,7214,6730,,736,,,,,,,,,,,,,,9736,,,,,,,,,,,,,,,
,,,,,8261,,,,,,,,,9435,,,,,,,,,,,,,,,,,,,,,,,4278,,,,,,,,,9120,,,,,,,1653,,,,,,,,,,,,,,,,,,,,,,,3091,,,,,3653,,,,1483,,,,,,,,,,,,,,,,,,,,,5804,,,,,,,,,2590,,,,4351,,,,,,,,,,,,,,,2037,,,,,,8195,,8237,,,,,,,,7024,,,,,,,5747,6442,,,,,,,,,,,,,,,2993,,,567,,,,,,,5284,,,,,,,1238,,,,,,,,,,,,,,,,,,,,,,,,,,,,,,,,,,,,,,,,,,,,,4568,4244,,,,,,,,5418,,5471,,,,,,,,,
,,,,,,,1976,,,,,,,,,,4432,,,,,,,,,,9456,6045,,,,,,,,,,,,,,,,,,,6941,,,,,,,,,,,,,,,,9562,,,3584,9506,,,,,,,,,,,,,,,,,,,,,,,,,,,,,,,1545,,,,,,,,,,,,,,,,,,6525,,,,,7918,,,,,,,,,,,,,,,,,,,,,,,,,,,,,,,,,5375,,,,4312,,,,,2147,,,,,,,,,5001,,,,,,,,,,4904,,,,,9660,,,,,,,,,,,,,,,,,,,,,7782,2724,,,,,,,,,,,,,,,,,,,,,,,,,,,,,,,,,,,,5359,,,,362,,,2807,,,
,,,,,,,,,,,,,,,,,,,,,,,,,,,,,,,,,,,,,,,,,,,,,,,,,,,,,,,1264,,,,7381,,,,,,,,,,,,,,,,,7553,,,,,,,,,,,,3260,,,,,,5281,,,,,,,,,,,,,,,,,,,,,3010,,,,,,,,,,8454,,9825,,,,,,,,,,,,,,,,1506,7558,,,,,,,,,,,,,,,,,,,,,,,,,,,,,,,,,2865,,,,,,2947,,,,,,,,,,,,7913,,,,,,,,,,6595,,,,,,,,,,,,,,,,,,,,,,,,,,,,,,,6760,,,,,,,,,,,,,,,,,,,1574
,,,,,,,,,,,,,,2367,,,,,,,,,,,,,,,,,,,,,,,,,,,,,,,,8817,,,3400,,,,6123,,,2586,,,,,,,,,,,,,,,,,483,,,,,,,,,,,,,,,,,,,,,,,3235,8597,,,,,,,,,,,,,9477,,,,,,,,,,,,,,,,,1117,,,,,575,,,5930,,,5232,,4932,,9390,,,,,,,,,,,,,,,,,,,5438,,,,,,,4805,,,,,,,,,,,3996,,,,6357,3538,7283,,,,,,,4961,6038,,150,,,,,,2423,,,,,,,,,,,,,,,,,,,,,,9985,,,5036,,,,7730,,,,,8467,,,,,,5197,,,,,,,,,,,,,8178,
,,,,,,,,,,,,,,,2087,,,,,,,,,,9751,,,,,8775,,,,,,,,6758,,,8768,,,,,,,,,,,6253,,,,1531,,,,,,,4091,,,,,,,,,,,,1682,,,4093,,,,,,,,,,4265,,,,,8223,,,,,960,,,,,,,,,,,,,,,,,,,,,,,,,,,,,,,,,,,,,,9462,,,,,,,1286,,,,,724,5217,,,,,,,,,,2829,,,,,,,,,510,,,,,,,,,,,2010,,9430,,,,,,,,,,,,,,,,,,,,5575,,,,,,,,,,,,,,,7243,,,,,,,,,9973,8431,,,,,,,,9635,,,,,9754,,,,,1784,,2103,,,,,2914,5570,,,
,,,,,,,3387,,,,,1850,,,,,8858,,,,,,,,,,,,,,,,,1228,,,,,,,,,,,,,,,,,,,,,,,,,,6147,,,,,,,,,,,8835,,,,,,3736,,7614,,6372,,,,166,,,,,,,2431,,,,,,6706,,,,,8276,,,,,,,530,,,,9720,,6011,,,5026,1485,,,,,,8721,7361,5468,,,,,,,,,7940,,,,,,,,,,,,,,,,,,,,,,,,,868,,,,,,,,,,4350,,,,,,,,,,,,,,,,,,,,,,3611,,,,,,,,,,,,,,,,,,,,,,,,,,703,,,,,,,,,,,,4527,,,,,,,,,,,,,29,,,,,7635,6722,,7835,,
,,,,,,,,,6054,,,,,,,,,,,,,4543,,,,,,9586,,,,,,,,,,,,,,,,,6274,,,,,,,559,,,,,,,,,,,,,,,,,5678,,,,,,,,,,8832,,,,,,,,,,,,,,,,,,,,,,,,,,,609,,,,,,,,,,,,,,,,,5890,,,,,,,,,,,8782,,,,,,,,,,,,6989,,,,,,,,,,,,,,,,,,,,,,,,,,,,,,,,,,,,,,,,,,,,,,,,,,3764,,,,,,,,,,,,,,,,,,,,,,,,,,,,,,,,,,,,,7851,,,,,,,,,,,,,,,6113,,,,,,,
,,,,,,,,,,,7340,6093,,,,,,,,,,,,,,,,,,,7637,,2465,1074,,,4195,,,1114,,,2740,,,2041,,,,,,,,,,,,,,4687,,,,5515,,,,,,,,,,,2284,,,,,,,,,,,,8066,,,,,,,,,2744,,1875,,,,,,,,493,2037,95,,,,,,,,,,,,,,493,2112,,,,5340,,,,,,,,,,,,,,,2196,,,,,,,,,,,,,,,,,,,,,,,,,,,,,,,,,,,,,,,,,,,,,,,,4650,,7209,,,,,,,,,,,,,,,,,,,,,,,,,,,,,,,,,,,,,,,,,,,,,,,,,,,,,,,,,,8326,,,,,
,,,,,,,,,1620,,,,,,,,,,,,,5187,,,,,,,,,,984,,,,,,,,,,,,,,,,5175,,,,738,,,,,,,,,,3353,,,,,,,,,6353,5458,7577,,,,,,,,,,5266,,,,,2587,7867,,,,,,3160,,,,,,,,,,7154,,,,,,5159,,,,,,,,,,,,,,,,,,,3878,3314,,,,,,,,,,,,5399,,,,,,,,1286,,,,2727,,,,,,,,,4994,7095,,,,,,,,,,,,,,,,8904,,,,,,,,,,,,,,,,,,,,,310,,,,5411,,,,2899,370,,9474,,,,,,,,,,,,,,,,,,,3814,,,,,,,,,,,,,,,,154,,,,,5630,,
,,,,6548,,,,,,,,,,2413,1732,,,,,,2801,,,,,,,,,,,,,7143,,,,,,,,,,,,,,,,,,,,,,,,,,,,,,,,,,,,,,,,,,,,,,,,,,8564,,,,,,,,,,,,,,,,,,,,9111,,,,,,3596,,,,,,,,,,,,,,,,461,,,,,,,,,,,,,,,,,,,,,,,,,5384,,,,,,,,,,,8328,5719,,,,8189,,,,,6333,,,,3469,,1590,,,,923,,,,,,,,,,5313,,,,,,,,,,,,,,,4244,,,,,,,,,,,,,,,,,,,,,,,,,,,,,,,,,,5287,733,,1794,,,,,,,,,,,
,,,,,,,,,,,,,,,,,,,,,,,,,,,,,,,,,,,,,,,,,,,6448,,,,,,,,,,,6586,,,,,,,,,,,,,,3354,9580,5457,,,,,,3968,8078,,,,,2606,,,,,,,,,,4688,,,,,,,,,,,,,,,,,,,,,,,,,,,,,,1809,,,,,,2733,,,,7321,,,,,,,,,,,3996,,,9759,,,,,,2360,,,,,,8098,,,,,,,,,,,,,,,,,,,,,,,,,,,8594,541,,,,,,,,,,,,,,,,,9021,,,1168,,,,,,,,,,,,9879,,,,,,,,,,,,,,,,,,,,,,,,,,,9166,,,,,,,,,,
,,,,,,,,,,,,,,,,,,,,,,,,,,,,,,,,,,,,,593,,,1608,,,,,,,,,,,,,,,,,,,,,,,2611,1364,,,,,,,,,,,,,,,,,7111,,,,9077,,,,,,,,,5030,,,,,,,,,,,,,,,,,,,,,,,,,,,,,9946,,,,,,,,,,,,3478,2311,,,7535,,,,4214,,,696,,,,,,4983,,,9478,,,,,,,,,,,,,,,,,2415,,,,9790,,,,,,,,,,,,,,,,,8525,,,,,,,,,,,,,,,,,,,,,6419,,,,9366,,,,,,,,,,,,,,,,,5020,5657,,,,,,,,,,,,,,,,,,,
,,,,,,,,,,,,8664,,,,,,,,,,,,,,,,,,,,7305,,,,,,,,,,,6182,,,,,,,,,,,,,,,,5340,,,,,,,,,,,,,,,,,,,7691,,,,,,,,,516,4754,,,,,,,,,,,,,,,,9635,,,,,,,,,,,,,,,,,9669,,,1722,,,,,,,,,,,,,,,,,,,,,,,,,,,,,,,,,,,,,990,,,,,,,,,,8825,,,,,,,,,,,,,,,,9980,,,,,,,,,,,,,,,,,,,,,,,,,,,,,,,,,,,5690,,,,,,,,6607,,,,,,4849,,,,,3958,,,,,2490,1658,,,,,,561,,
,,,,,,,114,,,,,,,,,,,,,7051,,,5818,,,,,,,,,,,,,,6126,,,,,3055,,,,,6743,,,,,5994,,,,,,,,,,3487,,,4864,,2848,,,,,,,,,,,,,,,,,,,,,1056,,,,,,,2810,,,,,,,,,,,,,,,9921,,,,,3964,,,,,,,,,,,,3254,,,,,,,,,,,3655,,7462,,,,,,,,5206,,,,,,,,,4203,,,,,,,,,,,,,,,,,,,,4052,,,,,,,,,1996,,,,3067,,,,,,,,,,,,,,,,,,,,,1780,,4589,,,,,6321,,,,,,,,,,,,,,5939,,,,,,,,,,,,,,,,,,,,,,,
,,,,,,,,,,,,7024,6805,,,,,,,,,4160,,,,,,,,,,,,,,,,,,,,,,,,,,,,,,,,,,,,,,,9109,,,,,,,,,,6848,8859,,,,,,,,5083,,,,3684,,,,,3993,,,,,,,,,,,,,,,,,,,,,,,,,,,,,,,,,,,,,,,,,,,,,,,,,,,5178,4385,,,,,,,,2693,,,3656,,,,,4161,,,,,,4932,,,,,,,,,,,1054,,,,,,,,,,,,,,,5612,9005,,,,,,9578,,,,,,,,,3686,,,,,,,,,,,,,,,,,,,,,,,,,,,,,,,,,,,7853,,,,,,,,,,,1663,,,,
,,,,,,,5045,,,,,,327,,7238,,,,,,,,6502,,,,4334,,,,3819,,,,,,,,,,,,,,,,,164,,,,,,2196,3486,,,,,,,,,,,,,928,,,,,,,,,,,,,,,,1238,,3533,,,,,,,,,,,,,,8465,6685,,,,,4704,,,,,,,,,,,,,,,,5866,,,,5892,,,,,,,,,,,,,,,,,,,,,,,,,,6271,,,,,,,,3036,,9645,,,,,,,,,,,,8965,,3924,,320,,,,,,,2493,,,,,,,,2741,,,,,,,,,,,,,,,,,,,,,,,,,,,,,,,6137,,,,,,,4984,,,,5359,,4009,,,,2385,7199,,,,,,,,,,,2682,2720,
,,,,8623,,,,,,,,,,,,,,,,,,6124,,,,,,,,,,,,,,,8475,,,,,,,,,,,,,,,,,2337,,,,,,,,,9471,,,,,,,,,,,,,5054,,,,,,,,,,,,8189,,,,,,,,,,,,,,,,,,3407,,,,,,,,,,,,,,,8535,,,,,,,,,3747,,,,,,,4174,3459,,,,9952,,,,,,,,,,,,,,,,,,,,,,,,4945,,92,,,,,,,,,,,,,,,,,,,,,,,,,,,,,,,,,8647,,,,6099,,,,,,,,,7038,,,,,,8945,,,,,,,,,,,,,,,,2938,,,,,,989,,,,,,,,,4833,,,,
,,,,,,,,7027,,,,,,,8917,,4448,,,,,,,,,,,,,,,,,,,,,,,,,,,,,976,,,,,,,,,,,,,,,,,2774,,,2462,,,,,5260,,,,,,,,,,4018,,,6920,,,,5150,,,,,,8444,9126,,,,,,,,,,,,,,,,,,,,,,,,,,,,,,,,,,,,,4398,,7664,,,,,,,,,,,,,,,,6036,,,962,,5290,,,,,,,,,,9898,,,4205,,,,,6784,,,7921,,,,,,,,9006,,,,,,,,,,,,,,,,,,,,,,,,,,,,,,,,,,,,,,,,,,,,,,,,,8225,,,,662,,,,,,,,,,,,,,,,,,
,6989,,,,,,,,,,,5570,,,8510,,,9507,,,3695,,,,78,,,,,1203,,,7838,,,,,3710,,,,4723,,,,,,,,,,,,,,,,,,,,,,,,,,,,,,,,,,,,,7860,,,,,,,,,,,,,,,,,,8121,,,,,,,,,,673,,,,,,,,,,,,,,,,,,6239,,,,,,,,,,,,,,,,,,,,,,,,,,,,,,,,,,,,,,,,,,,,2934,,,2183,,,,,,,,,,,,,,,,,,,,,,,,,,,,,,,,,,,,,,,,,8371,,1348,,,,,,,,,7616,,,,,,,,,,,,,,,,,,,,,,,,,,3830,,,,,
,,,4460,,,,,,,,,,,,,,,2050,,,,,,,,,,2931,,,,,,,5891,9192,,,,,,,,,,,,,,,,,,,,,,,,,,,,4537,,,,,,,,,,,,,,,,,,,,,,,,,,,,,,,,,,,,,,,9236,,,,,,8627,,,,,4,,,,,,,5330,,,,,,,,,,4692,9497,3783,,,,,,,883,,,,,,,,,,,,,,,,,,,,,,,,6617,,,,,,,,,,8800,,,,,,,,,,,,,,,,,,,,,1197,,,,,,,,,1885,,,,,,,,,,,,,,,730,,,,,,,,531,,,,,,8078,,,,,,1969,,,2601,,,,,,,,,,,6609,,
,,,,,,,,,,,,,,,,,,,,,,,,,,,,,1720,,,,,,,,,,,,,,,,,,,,892,,,,,,,,,,,,,,,,,,,,536,,,,,,,,,,4078,,,,,5550,,,,,,,,,,,,,,,,,,,,,6440,,,,6691,,5766,,,,,,,,,,,,,,,,,,,,9481,,,,,1126,,3428,,,,9353,,,,,,,,,3420,,,,,,,,,,,,,9000,,7389,4738,,7663,,,,,9512,,,,,3724,,,,,,,,,,,,,,9905,,,,,,,,,,,4120,4833,,,,,,,,,,,,,,,,,,,,,,,,,,,,,,,,,7080,,,,8371,,,,,,,,,,,,2685,
,,,,,4380,2429,,,,,,,,,,,,,,,,,,,,,,,,,,,,,,,,,4771,,,,,,,,9925,,,,7032,,,,,,,,,,,,,,,,,,,311,2234,,,,,,,,,,,,,,,,5419,,,,,,,,,,,,,,,,,,,,,,,,,,,,,,,,,,,3476,,,,,,,,,,,,2232,,,,,,,8714,4447,,,,,,,,,1135,99,801,,,,,,,,,,,,,,,,,,,,,,7288,,,,,,,,,,,,,,,,,331,,,,,,,,,,,,,,,,,,,,779,,,,,,,5236,,,,,,,,,,,,,,,,,,,,,,,,,,,,,,,4323,,,,,
,,,,,,,5938,9126,,,,,,8288,,,3193,,,,,,,,,,,,,,,,,,,,,,,,,,,7135,,9171,,1575,,,5303,,,,,,,,840,,,,,,,,,,,,,,,,4086,,,,,,,,2891,,,1319,,,,,,,,7076,,,,,,,,,,,,,,,2496,,,3670,,,,,2560,,,6482,,,,2410,,,,,,,1,,6315,,,,,,,,,,,1157,,,,,,,,,,,,,4617,,,,7802,,,,,8310,,,,,,765,,,1244,,2146,,,,,,,,,,,,,,,,,,,,,,,,,,,,,,,,,,8957,,,,,,,,,,8159,2829,,,,,,,,,8528,,,,,,,,,,,,,,,,,,,,,4790,2813,,
,,,,,4878,,,,,2372,,,,,4820,,,,,,,,,,,,4283,,,,8880,6840,,,,,,,,,,,,,,,,,,,,,,,,,,,,,,,,,,,,,6438,,,5521,2386,,,,,,,,,8837,,,,,,,,,,,,,,,,,,,,,,,948,,,4518,,,,5245,,,,,,,4485,,2541,,,9070,,,,,,,,,,,,,9648,,,,,,,,,,3180,,,,,,,1186,,,,,,,,,,6451,,,,1858,,,,,,,,,,,,,,,,,,241,6323,,,,,,,,,,,,,,,,,,,,1555,,,,,,,,,,5976,,,,,,,,,,,,5839,4647,,,,,,,,2473,,,,,,,,,,,,,,,,,
,,,,,8544,,,,,,5529,,,,,1630,,,,,,,,,,,,,,,,,,,,2135,,,,,,,,,,,,,,,,,,,,,,4833,5007,,,,,,,,,,,,,,,,,,,,,,8841,,,,,,,,,,,,,,,,,,,,,,,,,,6201,,8687,,7596,,,,,3872,,,,,5704,,2368,,,,,,622,,,,,,,,,,9309,,,,,,,,,,,,,,,,,,,,,,,,,,,,,9520,,,,,,,,,,,,,,,,,,,,,,,,,,6316,9794,,,,,,,,,8744,,,,4850,,,,,,,,,,8278,,,,,,,,,,,,,,,,,,,,,,,,,,,,3565,,,,,,6712,,,
,,,,,,,,,,4147,3322,,,,,,,6401,,,,,,,9448,,,,,,,,,,,,,,,,,,,,1154,,,,,,5403,,,,,,,,,,,,,,,,,,,,,,,,,6490,4388,,,9963,,,,,,,,,,,,,,,,,,9439,,,8318,,,,,,,,1782,,,,,,,,,,8875,,,,,,,1388,,,,8648,,,,,,,,,,,,,,,8478,,,8848,,,,,,,,,,,,,,,,,3120,,,5048,,,,,,,,,,,,,,,,,,,,,1656,,,,,,,,,,,,,,,,,,,,,,,,,,,,,,,,,,,,,,,,,,,,,,,,6320,,,,,,,,,,,,,,,,,,
,,,,,,,,,,6006,,,,,,,6137,988,,,,,,,,,,,,,,,,,,,,,4238,960,879,,,2126,8974,,,,,,,,,,,,,,,,,,49,,,,,,,,,,,,,,,,,,2732,,,,,,,,,,,8204,,,,,,,,,,,,,,,,,,,,,,,,,,,,,5899,,,,,,,,,,,,,,,,,,,,,,,,3731,,,,,,,,,1868,,,,,,,,,,,,,,,,,,,,,,,2821,,,,,,,,,,,,,,,,,,,,,339,,,,,,,,,,,,,5351,,,306,,,,,,,,,,,,,,,,,,,,,,,,,,9564,,,,,,,4878,,,,,,,,
,,,,,,4394,2242,,2563,,,,,9719,,,,,,,,,,,,,,,,8186,,,,,,,,,,,,,,,,,,,,,,,,3102,3379,,,7801,,,,,,,,,,,,,,9253,,,,,,8669,,,,,,,,,,,,,,,,,,,,,,,7562,,,,,,,,,,,,,,,,,,,,,,,,,,,,,,,3947,9312,,,,3099,,,,,,,,,,,,,,4305,,,,,,,7588,,,,,,,,,,,,,9225,,,,,,,,3161,,,,,4035,,,,,,,,,,,4066,,,,8506,,,,,,,,,,,,3176,,,,,,,,,,,,,,,,,,,,385,,,,,7134,,,,,,,,,,,,,,,,,,,
,,,,,,,,,,6086,,,,,,,,,9275,,,,,5979,,,,,,,,,,,,,,,,,,,,8938,,,,,,,,6428,,,,,,7525,,,,,,,,,,,,,,,9953,,,,3715,,,,,9571,,,,,,,,,,,,,,,,,,,,,,,,,,,,,,,,7546,,,,3198,,,,,,,,,,,,,3775,1502,,,8065,,,,,,,,,,,,,,,,,,,,,8877,,,,,,,,,,,,,,,,,,,,,,,,,,,,,,,,,,,,,3124,,,,,,,,,,,8853,,,,,,,,,,,,,,,,,,,,,,,,,,,,,2515,3787,,,,,,,,,,,,,,,,,,,,,
,3115,,,,,3940,,,,,,,,,,,,,,,,,,,3009,,,7396,,,,,,,,,,,,6494,,,,,,,,6680,,,,,,,,,,,,752,,,,,,,,,,,,,,376,,,,,,,,,,,,,3961,,,9402,,,,,,,,5364,,,,,,,,,,,6505,,,414,,,,,,2098,,,,,,,,,,,,4566,9759,,,6478,,1541,,,,,,,,,,,,,,,,,,,,,,,,,,3259,,,,,711,,,,7319,,,,3358,9407,,,7916,,,,,,,3589,,,,,,,,,,,,,,379,,,,,,,,,,,,,,,,,,,,,,,,,1865,,,,,,,,,,,,,,,,,,,,,,,,,,,,,,
,1792,1326,,,,,,,,2187,,,,,,,1939,,,,,,,,5866,,,,,,,,,,,,,,,8654,6988,,,,,,,,,,,,,,,,,,,,,,,,,,,5389,,,,,,5808,,,,,,,,,,,,,,,,,,,,,,,,,6402,,,,,,,,1806,,,,,,,,,,,,,,,,8861,,,,,,,,3036,8476,,8882,,,,,,,,,,,,,,,,,,,3589,,,,4446,,,,,,,,,,,,,,,,,,,,,,,,,,,,,,,,,,,,,,,,,,,,,,,,,,,,225,,,,,,,,,,,,,,,,,,8141,,,,,,,,,,,,,,,,2953,,6627,,,,3680,,,,,,
,,,8143,,,3310,,,,,,,,,,,,,,,,5041,,,,,,,,,,,,,,,,,,,,,,2228,,,,,,,,,,,,,,,,,,,,,5896,,,,5611,4753,9645,,,,,,,,,,,,,,,,,,,,,6408,,2582,8591,,,6773,,,,,,,,,,,,8190,,,,,,,,,,,,6122,,,,5406,,,,,,,,4279,,2288,,,,,,,,,,,,,,,,,,,,,,,,,,,,,,,,,,,,,,,,,,,,,,,,8623,,4560,,,2232,,,,,,,,,,537,,,,,,,,,,,,,,,,,7121,,1146,,,,,,,,,,,,,3921,,,,,,,,7676,,,,,,3942,,,,,,,,,,
,,1088,1279,,,,,,,,,,,,,,,,,,7538,,,,,,,,8047,,,,,,9242,,,,,,,,,2209,7458,,,,,,2421,,,,8681,,,,,,,,,,,,,,,,,,4631,240,,,,,,7288,,,5065,,7508,,,2881,,,,,1723,,,,5637,,,,,,7278,,,,,,,,,1369,,,,,,,,,,,9834,,,6934,,,,,,,,,,,,,761,,,,,,1059,,,,,,,,,3596,,,9094,,,299,5346,,,,,,,,,,,,,,,,,,,,,,,,,1512,,,,345,,,,,,,,7657,,2415,,,,,,6167,,,,7548,,,,,,,,,,,,5109,,,,,,,,,3205,,,,,,,,,,,,,,7192,7459,,,,,,385,,882,
4319,,799,,,,,,,,,,,,,,4047,,,,,,,,2454,,,,,,,,,,,2659,,,,,,,,,2368,,,,,,,,,127,,,,,7010,,,,,,,,,,7809,,,,,,,,,,,,,,,,,,,,,,,,,,,,,,,,,,,,,,,7179,,,,,,,9998,,,,,,,2996,,,,,,,,,,,,,,,,,,,,,,,,,,,,,,,,,,3523,,,,,,,,,,,,9546,1737,,,,,,,,,,,,,,,3704,,,,,,,,,833,,,,,,,,,,,,,,,9600,,,,,,,,74,8085,,,,,,,,,,,5454,,,,,,,,,,,,,,,,,,,,,,,,,,,4405,
,,,,,,,,,,2413,,,5551,945,,,,,,,,,,,,,,,,,,,,,,,,,,,,,,,,,,,,,5895,2640,,,,,,,,,,3333,,,,,,,,,3051,,,,637,,,,,,,,,,,,,,7456,,,,,,,6698,,,,,,,,,1195,,,,,,,,,,,,6100,,7038,,,,,,,,,,,,,,,,,,,,,,,,,,,,,,,,,,,,,,,,,,,,,,,,,,,,,,,,,,,,,1259,,,,,,,,,,,,,,,,2363,,,,,,,,2032,,,,,,,6180,,,8613,,,,,,,,,,,,,,,8041,,,,,,,,,,,,,,,,,,,,,,,,,,
,,,,,,,,,,,,,,,,,,4269,,,,,,,,,,,,,,,,,,,,,,,,,,,7983,,,,,,,,,,,7482,,,,,2270,,,,,,4776,,,,,,,,7327,,,,,,,,,,,,,,,,,,,,,,,,,,,,,,,1340,,,,,,,,4805,,,,,,,,,,,,3206,,897,,,,,,,,,,,,,,,,,,,,,,,,,,,,,,9282,,,,,,,,,,,,,,,,,,,,,,,,,,,9678,,,,,,,1728,,,,2388,8249,,,,,,,,,,,,,,,,,,,,,,,,,,,,,,,749,,4291,,,,,,,,,,,,,,,,,,,,,,1746,,,
,,,,7630,,,,,,,,,,,,,5675,,,852,,,,,,,,5371,,,8451,,,6608,,,,,,,,,,5457,,,,,,,,,,,,,,16,,,,2527,5047,,,,,,,,,,,,,,,,,,,,,,,,6020,,,,,,,,1542,,,,,,,,,7536,,,,,2160,,,,,,,,,,,,,,,,,,,,,,,1304,,,,2385,,,,,,,,,,,,,,8403,,,6421,,,,,4978,,,,,,,,,,,,,,,,,,,,,,,,,,,,,,,,,,,,,6547,,2755,5117,,,,,,,,,,,,,,,,8019,,,,,,,,,,4964,,,,,,,,,,,,,,,,,,,,,,6028,,,,,,,,,
,,,,,,4646,,,,,,,,,,,,,,,,,,,,,,,,,,,,6091,2135,,,,,,,,,,,,,1560,,,,,,6914,,,,,,,,,,,,,,7375,,7135,,,,,,,,,,,,,,,9965,,,9232,,,851,,,,,9915,,,,,,8901,,,9190,,,,,,,,,,,,,,,,,,,,,,,,,,,,,,7500,,,,5151,,,,,,,,,,,,,,,,,,3749,,,,8186,,,,,4376,,,,,,,,,,,,,,,,,,,,2228,,,,,,,,,,,2723,,,4845,,,,9440,,4889,,,,,,9636,,,,,,,8198,1864,,,,2679,,,,,,,,,,,,,2953,,9156,,,,,,,,,,,5209,,,,8533,
,989,2082,,3902,,,,,,,,,,1700,,,,,,,,,,,,,,800,,,,,,,,,8415,,,,,,,,,,,,,,7558,,,,,,,,,5131,,,5249,,,,2959,,,,5263,,,,,,115,,,,,,,,,,,,7770,,,,,,,,,,,,,,4763,,,,,,,,,,,,,,,,,,,,,,,,,,,,,,,,,,,,,,,,,,,,,,,,,,,,,,,,,6843,,,,,,,,,,,,,,,,,,,,,,,,,,,,2546,,,,,,,,,,,,,,,,4886,,,,,3751,,,,,,,,,9409,219,,,,,,,,,,,,,,,,,,,,,,631,,,,,5672,,,7187,2399,,,,,
2306,,,,,,74,,,,,,,,,5159,,,,,,,,,,6359,,,,,,,,,,,,,,,,,,,5281,,,,,,,,,1813,,,,,5638,,,,,,3433,,,,,,,7453,,9962,9387,,2989,,,7941,2780,,,,,,,,,,,,,,,,,,,1891,,5885,,,,,,,4990,,286,,,2259,,,,,,,,1894,,,2425,,,,,,,,,,,,7455,,,,,9504,,,,,,,,,,,,,,,,,,,,,,,,,,,3031,,1721,,,,,,,,,,6042,,,,,2137,5475,,,,,,,,,,,,,,,,,,,,,,,,,,,,4759,,255,,,,,,,,,,,,,,,,,5443,,,,,,,,,,,,,2715,,,,,,,,5126,
,5202,,,,,,,,,,,,,,2771,,,1288,,,,,,,946,,,,3632,,,,,,,,,,,,,,,,,,,6375,,,,,,1242,,,,,,,,,4589,,9166,,,,,,5703,,,,,,,,,,,7341,,,,,,,,,8954,,,,,,,254,,,,,,,,,,,,,,,,,,,,,,,,,7207,,,,,,,,,,,,,,,,,,,,,,,,,,,,,,,,,,19,,,,,,,,,8889,,,,,,,,,,,,,,,,,,388,,,,,,,1458,,8653,,,,,,,,,8962,,,,,,,,,,,,,,,,,,,,3270,,,,,,,7485,,,,,,,,,,,,,,,,,,,,,,8013,,,,
9820,,,,,,,,,,,,,,,,5946,,,,7071,,,,,,,,,,,,,,,,,,,,,,,,,,,,,,,,6098,,,3041,,,,,,,,,,,,,,,,,,,,,,5155,,3332,,,,,,,,,7237,,,,,9270,,,,,,3387,2861,,,,5577,,,,,,8071,,,,,,,,,,,,,,,,,,,8796,,,2219,,,,,,,,,,,,,6234,,,,,,,,,,6070,,,,,,,,,,,,8351,,,,,,,,,,,,,,1997,,,,2611,,,,6246,,,,,,,,,,,,,,,,,,1975,270,,,,,,,9092,,9641,,,,,,,,,,,,,7576,,,4196,7052,,,2516,,,,1581,,,,3072,,,,,,,,,,
,,,7235,,,,1321,,,,,,,115,,,,,9520,,,,,,,,9397,,,,,,,,,,,,,,,,,,,5293,,,,,,,,,,,,6898,4613,,,8040,,2557,,,,,,,8515,,,,2098,,,,,,8096,,,,,,,,,,,,,,,,,,,,,,,,,,,,,,,,,,4807,,,,,,,,,,,,,,,,,,,,,,,,,,,,,,,,,,,,,1612,,,,,,,,,,,,,,,,,,,,,,,,,,,,,,,,,,,,,,,,,,,,,,,,,,4765,,,,,,,,,,,,,,,,,,,,,,,,,,,,,,,,,,1929,,,,,,,,,,,,,,,,,,,
704,,,853,,8004,,,,,,,,,,710,5387,,,,,,,,,,,,,,,,,,,664,,,,,,,,,,,,,,,,,,1265,3739,,,,,,,,,,,,2384,,,,,,,,,,,,,,,,,,,5814,,,,,,,,,,,,,,3541,,,,,,6219,,,,,,,,,,,,,,,,,,1193,,,,9362,,,,,,,,3009,,,,8738,6050,,4040,,,1624,,,,,,,,,,,,,,,,,,,,,,7046,,,,,,,,,,7056,,,,,7269,,,,,,,,,,,,,,,4874,3293,,,761,,,,,,,,,,,,,,,,,,,,,,,,,30,,,,,,,,,,,,,,,,,,,,,,,,,,,,,
,,,,,,,,,,,,,,,864,,,,,,,,,,,,,,,,,7573,13,,,,,3084,,,,,,,,3604,,,,,,,,8313,,,,,,,,,,,,,,,1362,,3159,,7673,,,,9814,,,,,,,,,,,,9748,,,,,,,,,,,,,,,,,,,,,,,,,,,,,,,,,,,8541,,,,,,,,,,,,,6992,,,,,,,,,,,,,,,3660,,,,,,,,,,,,,,,,,,,,,,,,,,,,2769,,,,,,,,,,,,,,,,,,,,,,,,,,,,,,,,,,,,,,6444,,,,,,,,9359,,,,,,,,,,,,2931,5057,,,,,,,,,7571,,,,,,,
,,,,,,,,,,,,6864,,,,,,,,,,,,,,,,,,,2685,6326,,,,,,,,8621,1877,,,,2762,,,6940,,,7323,,,,1969,,,,,,5469,,,,,,,3808,,,,,,,,,,,,,,4207,,,,,2830,,,,5266,,,,,,,,,,,3758,,,,,,,,,,,,,2910,,,,,,,,,,,,,,,,,,,,,,,,,5779,954,,,,924,,,,,,6277,,,,,,7541,,,,,,,,,549,,,,,,,,,2047,,,,,,,,,,,2133,,,9352,,,,,,,,,,2107,,,5809,,,,,,,,,,,,13,,,,,,,,8411,,,,,,,,,2642,,,,,,,,,,,,,,,,,,,,,,,,
,,,,,,,,,1344,,,,,,,,,,,,,,,,,,,,,,,,3030,,,,,,,,,,,,,,,,,,,,,7511,,,,,,,,3939,,,,,,,,,,,,,,,,,,,651,,,,,,,,,,,,,,,,,,,,,,,1538,,,,,,,,,,,2999,,,,,,,,,,,,,,,,,,,,,,,,9196,,,,,,,,,,,,,,,,,,,2959,,,,1305,,,,,,,,,,,,,,,,,,,,7441,,7760,,3843,,9739,,,,,,,,,,,,,9993,,,,,,,,,,,,,6905,,,,,,4386,,,,1846,,,,,,,,,,,,,,9617,,,6795,3864,,,,,,,6846,,,,,,
,,3425,,4726,,,,,,,,,,3770,,,,,,,6324,8548,8906,,,,,,3779,,,,,,,,,,,,,,,,6679,8940,,,,,,,2316,,,,,,,,,,,,,,4571,,1824,,,,,,,,,,,,,533,,,,,,,,,,,56,,,6347,,,,,,,,,,,,,8332,,,,,,,,,,,,5596,,,,,,,2842,,9671,,,,,,,,,,,,,,,,,501,,,,,,,,,,,,5672,,,,,,,,,,,,,,6528,,,,,,,,,5785,,,,,,,,,,,,,,,,,,,,,,,,,,,,,,,,,7994,,,,5451,,,,,,524,3878,,,,,,,,,,,,,,,,,,,6965,,,,,,,,,,
,,,,,8174,,,,,,,9995,,,,,,,,,,,653,,,,,,4927,,,,,,,8961,,,,,,,,,,,,2042,,,,,,,,,8053,9280,,,,,,,,,,,,,,,,,,,,,,,,,,,,,,,,,,,,,,,,,,,,,,,8217,,,5597,,,,,,2604,,,,,,,,,,,,,,,,,,,,,,,,,131,,1375,,,,8963,,,,,,,,,,,,,,,,,,,,,,,,,,,,3910,,5716,,,,,,4116,,,789,,,,,,,,,,,,,,,,,,,,,,,4989,,,,,6018,,3593,,,,,,,,,,,,,,,,,,,,,,627,,,,,,,,,,,,,,,,,,,
,,,,,,,,9019,,5424,,,,,,,,,,,,,,,,,4132,,,5645,,,,,,2706,,,,,,,,,,,,,,,,,,,,,,,4014,,,,,,,1945,,,,,,,,,,,,,,,,,,7896,,,,,,,1767,,,,,6129,,,,,,2562,,,,,,,,,5231,,,,,,,,,,,,,1163,,,,6681,,,,,,,,,,,,,,5604,,,,,,,,,,,,,8492,,,2179,,,,,,1714,,,,,,,,,,,,,,,,,,,,,,,,,,7657,8828,,,846,,,,,,,,,,3704,,,,8056,,,,,,9766,,,,,,,,,,,,,,,,,,,,,,,,,6402,,,,,,,,,,,,,932,,,
,,,2761,,,,,,,,5639,,,,,,,,,,,,,,,,,,,,,,,,,,,,,,,,2688,,,,,,,1084,,,,,,,,4367,,71,,,,,,4219,,,,,,5955,,,,3468,,,,3909,,,,,,,,,,,,,,,,,,,,,,,,,,,5516,,,,,,,,,,,,,,1152,,,,,,,,,,,,,,,,,4791,,7732,,,,,,,,7966,,,,,9919,,,,3619,,,,,,,,,,,,,,,671,,,,,,,,2745,,2456,,,,,6922,,,1823,,,,,,3955,,9917,,,,,,,,,,5792,,4931,,,,,,,,,,,,,,,,,,,,,,,,,,6009,,,,247,,,,,,,7801,3121,,,850,,,,
,,,,3068,,,,,,,,,,,,,,,,,,,,,,,2596,,,1897,,,,,,,,,,,,1830,,,,,,,,,,,,,,,,,,,,,,,7463,,,,,,9816,,,7415,,,,8477,,,,,,,,,,7162,9824,,,1829,,,,,,,,,,,7339,,,,,,,1987,,,,,,,,4387,,169,,,,,171,,,,254,,,,,,,,,,,,,,,,,,,,,,,,,,,,,,,,401,4358,,,,,,,,,,,,,,,69,,,,,,,,,,,9152,,2212,,,,8784,,,,,,,,,2666,,,8500,,,,,,,,,8840,,,8133,,,,,,,,,,,,,,,,,,,,,,,,,,,,,,,2508,8222,,,,,
,,3263,,,,4464,,,,,,,,,,,,,,,,,3635,,,,2248,7409,,1081,,,,,,,,,,,,,,,,,,,,581,,5000,,,,,,,,,,,,,,,,,,,,,,,,,,,5945,,,,,,,,,,,,,,7338,,708,,,,,,,,,,,,,,,7685,,4063,,,,,,,,,,9492,5462,,,,,,,,,,,,,,,,,,,,5228,,,,,,,,,,,,,1983,,,5976,,,,,,,,,,,,,,,,,,,,8569,,,,6565,,,,,,,2793,,,6312,,,,,,,,,,342,1352,,,,,,,,,,,,,,,,,,,,,,,,,,,,,,,,,,,,9163,,5501,,,,,,,,,,,,,1914
,,,,,,,,,,,,,,,,,,,,,,1935,,,5087,,,,,,8930,,,,,,,,,,,,,,,7054,,,,,,2029,,,,,,,,,,,1953,,,,,,,,,,,,,,,,,,,,,,,,,,,,,,,,,,,,,,,,,,,,,7573,,,,,,1601,9734,,,,,,,,,,,,,,,,,2867,,,,,,,,,,,,,,,,,,,,,,,,,,,,,,,,,5724,,,,993,1749,6132,,,,,,,,,,9543,,,,,,,,,,,,,,,,,,,,,,,3999,,,,1092,,,,,,,,,,,300,,,,4151,,,3245,,,,648,,,,,,,,,2108,,,,,,,,,,,5903,641,,,,
,,,,,,,,,,,,,,2676,,,1835,,,,,,3205,,,,,,,,,,,7024,,,,,,,,,,,,,,,,,,,,,,,,,,,,,,,,,,382,,,,,,,,,,,,,,,,,,,,,,,,,,,,,,,,,,,,,,,433,,,,,,,,,,,,,,,,,6407,4417,,,,,,,,,,,,,,,,,,,,,48,,,,,,,,,,,,,,,,,,,,,,,,,,,,,,,,7642,,,,118,,,4761,,814,,,,,,,,,,,,,,,,,,,,,,,,,,,,2402,,,,,,,,,,5168,,,,,,,,,,,,,,,1472,,,,,,,,1835,7200,,,,,,
,,,8255,,,,,,8202,,,,,,5622,,,,5797,,,,804,,,,,,,,,,,,,,,,,,,,763,,,1171,,,,,,,,,,,,1701,,,,,,,,,,,,,,,,,,,,,4363,351,,,,,,,,,,,4747,,1376,,,,,7947,,,,,,,,,,,,,,,,,,,,,,,,,,,,7467,,,,,,,,,,,,,,,,,,,,,,,,,,,2090,,,,,,,,,,,,,,,,8626,,,,,,7164,,,,,,8012,,,,,,,,,,,,,,,,,,,2232,,,,,,,,,,,,,,,,7697,,,,,,,,,,,,,,,,,,,,,,,,,,,,,,,,,,,,,,3556,
,,,,,,,,,,,,,,,,,,,,,,,,,,,,,,,,,,,,,,,,,3626,,1383,,9633,,,,,4945,3538,,6055,2410,,,,,,,9213,,,7053,,,,,,,,,,,,,,,,,,,,,,,,,,,,,9,,169,,,,,,4853,4809,,,,,,,,,,6007,,,,,497,8567,,,,,,2601,,2180,,,,,,,,,,1345,,,,,,,,9912,,,,,,,,,,,,,6704,,,,,,,,,,,,,,,,,,,,,675,,,2376,,6501,,,,,2650,,,,,,,,,,,1248,,2820,,,,,,,,,,,,,,,,,,,,,,,,,,,,,,,,,,,,,,3095,,,,8681,,,,,,,,,,,,
,,,,,7925,,,,,,,,,,,,,,,,,,,,,,,,,,7322,,8824,,,,,,,,,,,,,9270,,,,,,,,,,,,,,,,,,,,,,,,,,,,,,4094,,,,,,,,,4208,,,,,,,,,,,,,,,,,,,,,,,,,,,,5939,,,,,,,,,,,,,9389,,,4888,,,,,,,,,,,,,,2474,,3350,,3212,,,,,,,,,,,,7495,7434,,,,,3447,,,,,,6592,,,2076,,,,,,967,,,,,,,,,,,,,,,,,,,,,4797,,,,956,,,,,,,,,,,,,,,,,,,,,,,,,,5071,,,,,,6564,,,,,,,,,,,,6190,,,9579,,,
,,,,,,,,,,,,,,,,,,,,,,,,,6187,,6700,,3654,,,,,,,,,,,,,,,,,,,,,4994,,,,,,,,,,,1861,,,,,,,,,,,,,9848,,,4419,,,3103,,,,,,,,,,,,,9111,,,,,,,,,,,562,,,,,,,,,,,,,,,,,,,,,,,,,,,5148,,5061,,9980,,,,,,,,,,,,,,734,,,,,,,,,,,,,,,,,,,,,,,,,,,,,,,,,,,,,,,,,,,,,7367,,,,,,,,,,4626,,,,557,,,,,,,,,,,,8774,,,6073,,,,,,,5546,,,8628,,,,,,,,,6627,7559,,,,,,,,,,,,
,,,,,8340,,,1983,,,,,,,,,,,,,,,,,,,,,,,,,,,,,,7585,,,,,,,,,,5595,,,,,,,,,,,,2342,9734,,,,,,191,,,,,,,,,,,,,,,,,,,,,,,,952,6466,,,3660,1631,,,,,,,,,,,,,,,,,,,,,,,,,,,,,,,,9547,,9829,,,,4164,2002,,,5433,,,,,,,,,,,,,,,,,,,,,,,,,,,,,,,,,,,,,,,,,9829,,,,,,6457,,,,2839,,,8022,1664,,,,,,,,6976,,,8402,,,,6403,,,,,,,,,,,,,,,,,,,,,,,,,,,,,,6688,,,,,,,,,,,,,,,,,
,,,,,,,1934,,,,,,,,,,7962,,3260,,,,,,,,,,,4973,,,,,,,,,,,,,,,,,,,,,,,,,,,,,,8767,7262,,3562,,,,,,,,,,,,,,,,,,,,,,6293,,,,,,,,,,,,,8010,,232,,,,,,2676,,,,,,,,,,,,8438,,2265,,,,3932,,,,,,,9480,,,,,,,,,,,,,,,,,,,,,7578,,,,,,,,,,,,,,,,,,,,7329,,1034,,,,,,,,5215,,,,,,,,,,,,,,,,,2540,,,,,,,,,6631,,,,2453,,,,,8178,,,,,,,5175,,,,,,,,,,,7522,,,,,,,,,,,,,,,,,,,,
,,,,,,5728,9065,,,,,,,,,,588,,,,,5027,,,,,7928,,,7347,,,,,5037,,,,,,,,,,,,,,,,,,,,,,,,,,,,,,,,,,,9910,,,,,,,,6871,,,,,,,,,,,,,1555,,,,,,,,,,,,463,,,,,,,,,2823,5364,,12,,,,,,,8001,,,,,,,,,,,,,,,,,,,,,,,,,,,,,,,,,,9164,6345,,,2098,7043,,,,,,,,,,,,,,,,,,,,,,,,3238,,,,,,,,,,,5298,,,,,,,2134,,,,,,,,,,,,8001,,,,,,,,,,,,,,,,,9423,,,,,,,,,,,,,,,,,,,,,,,
,,,,,,,,,,,,,,7588,,,,,,,,,,,,,,,,,,,,,,4407,,,,,,,,,,,3121,,,,,,,,,9317,,6440,,,,,,,,,,,,,,,,,,,,,,,,1343,7662,,,,,,,,,,,9979,,,,5651,,,,,,,,,,,,,,,,,,,,7628,1122,,,,,,,,,,7492,,,,8585,885,,,,,,,,,,2340,,,,,,5561,,,,,,,,,,,,,9237,,3069,,,,,,,4631,4309,,,,,,,785,,,,,6184,,,,,,,,,7678,,,,,,2489,,,,,9272,,,,,,,,,,,,,,,1877,,,6874,,,1361,,,,,,,,,,,6123,,,,,,,,,,,,,,,,,,
,,,,7591,,,,,,,,,,5710,,,,,,,,,,1749,,,,,,,1509,,,,,,,,,,,,,,,,9532,,,,,,2911,,9648,,,,,,,,,,,,,,,,,,,7900,9141,,,,,,,,,,,,,,,,,224,,5491,,,,,,,,,,,,,,,,8202,,,,,,,,,8327,,5486,,,,,,,,8024,,,,,,817,,,,,,,9221,,,,,,,,,4024,,,,,,,,,,,,,,,,,,,,,,,,,,,,4921,,,,,,,,,,,,,,,,,6712,,,,,,5997,,,,,,,,4937,,,8178,,,,,,,,,,,,,,,,,,,,6694,,,,7598,5117,,,,5376,,,,,,,,,,,,,
,,,,,,,,,,,,,,,,,2895,,,,2582,,,,,,,,,,,,,,835,,,,,,,,,,6167,,,,,,,,,,,,,,,,,,,,,,3217,,,,,,,,,,,,,,,,2687,,,,,,,,8986,,,,2634,6838,,,,,,,,,,,,9527,,,,,,,,,,,,,,,,,2171,,,,,,,,5822,,,5255,,,,,,,,,,,6015,,,,,,,,,,,,,,,,,,,,,,,,,8082,,2533,,,,,,2393,,,,,,,,,,,,,,,,,,,,,,,,8875,,,,,,,,657,,,4302,,7442,,,4601,,,,,371,,,,,2430,,,,,,,6689,,,,,,,,,,5543,,,,,,,,
,,9918,,,,,,,,,,,,,,,1677,,187,,8349,,,,,,,,,,,,,,4364,3826,,,,,,,,1816,,,,,,1463,,,,,,,,,,,,,2751,,,,3666,,,,,,,,,,,,,7515,,,,,,,,,,,,,,,,,,2734,,,,,,,,,4519,,,,,30,,,,,,,,,,,,,,,6180,,,,,,1511,,,,,,,,,,,,,9972,,5200,,,,,,,,,,,,,,,,,,,,,,,,,,,,,,,,,,3784,,,,,,,,,,,,,,,,,,494,,,,,,,,,,,,,,,,,,,,9886,,,,,,,1457,,,,6464,,,,,,,,,,6074,,,,,,,,2105,,,,,,
,,,,,,,,,,,,,,,,,,,,,,,,,,,,,,5351,,,,,,,,,,,,,,,,,,,,,,,1433,,,,,,,,,,,,,,,,,,8738,,,,,,8386,,,,,2072,1692,,,,,,,3448,,,,,,,6173,,,,,1297,,,,1771,,,,,1249,4791,,,,,,4387,,,,,,,,,,,,,4246,,,,,,1670,,,,,,,,,,,,,,,,,,,,,,,,,,,,1654,,,,4189,,,,,,,,,,,,,,,,,,,,,,,,,8538,,,,,,,,,,,,1342,,,,,4917,,1598,,,,3068,8443,,,,,,,,,,,,,,,,4527,,,,,,,,,,,,,,,,,,,,,
1632,,,,,,,,,,5600,,,,,,,,,,,,,,,,,,,,,7605,,,9718,,,8890,,,,,,,,,,,,,,,,,,,,,,,,,7399,,,,,,,,,,,,,5762,,,,,,,,,,,,1830,,,,,,,6694,,,,6533,,,,,,8934,7661,,7514,,,,,,,,1675,,,,,,,,1224,,,,,,,,,,,9842,,,,,,,,,,9813,,,,,,,,,,,,,,,,,,,,,,,,,,,,,,,1635,2640,,,,,,,,,,,,,,,,2209,,,,,,,,,,,8111,,,,,,,,,,,,,,,,,,,,,,,,,,,,,,,,,,,,,,,,,,,,,,7707,355,,,,934,
,,,,2317,,,,,,,,,4318,,,,,,,,,,,,,8795,,,,,,,,,,,,,,,,,,,7955,,,,,,,,,,,,,,,394,,,,,7703,,,,,,,,,,,,4306,,,,,7368,,,,,,,,,,,,,,,,,,,,,,,,,,,,,,,,,,,,,,,,,,,6828,,,,,,,,,,,4688,9252,,,,,,,,,,,,,5145,,,,,,,,,8573,,,,,,,,9584,,,,,,,,,5128,,,,,,2595,,,,,,,,,,,,,,,,,,,,,,,,,,,,,,,7805,,,,,,8631,,,,,2968,,,,,,,,,,8344,,,,,,,,,,2782,,,,,,,,,,,
,,,,,,,,,,,,,,8356,,,,,,9362,,,,,,,,,4662,,,,,,,,,,,,7358,,,,,,,,,,,,,,,,,,,,,,5523,,,,,,1211,,,,,,,,,,,,,,,,,,,,,,8615,,,,,,,,,,,,,,,,,,2866,,,,,,,,,4189,,,,,,,,,,,,,,,,,,,,,,,,,,,829,,,,,,,5717,,8510,2070,3390,731,,,,,,,,,,,,,9599,,,,,,,,,,9077,,,1249,813,,,,4522,,,,,,,2124,5483,,,,,,,,1419,,,,,,,,,,,1011,,,,,4958,,,,,,,,,,,,,,,,1473,9145,9181,,,,,,,,,,,,,,4374,,,
,,,4873,,,,,,2303,,,6992,,,,,6013,,,6968,,,,,,,,,,,,,,,,,,,,,,,,,,,,,,,,3948,4698,,9992,,,,,,,2176,,,9960,,,,,,,8152,,,,,,,,,,,,,,,1312,,,,,,,6632,,,,494,,,,,,,,6478,,,,1451,,,,,,,,,,,,,,,,,,,,2513,,,,,,,,,,5029,,,,,,,,,,,,,,,,,8008,,,,4257,,,,,,,,,,,,,,,,,,,,,,,,,6379,,,,,,,,,,,,,,,,,,,,,,,,,,,,,,,,,,,1383,,8908,,,,8428,,,8854,,,,,,,,,,,,,,,,,,,,,3166,,,,
5693,,,,,,,,,,8713,,,,,,,,,,,,,4058,,,,,,,,,,,,,,,3679,6222,,,,,,,,,,,,,,,,,,,,,,,,6237,,,2384,,,7701,,,,,,,,,7521,,,,,,,8346,,3153,,,,,,,,,,,,,,,,,,,726,,,,,,,,,,,,5827,6866,,,,,,,4337,749,,4269,,2226,,8513,,,,,,,,,,,1997,,,,,,,,1764,,,,,,,,7750,,,5596,,,,,,,,,,,,,,,,,,,,,,,,,,,,9804,,,,155,1735,,,,,,,,,,,,,,,,,,1492,,1232,,,6914,,,,,,,,,,8721,,,,,1704,,,,,,,,,,,,,,,,,,,,,
,,,,,,3993,,6010,,,,,8279,,,,,,,,,,,,,,,,,,,,,,,,,,,3410,,6648,3609,,,,,,5494,,,,,,810,,,,,,,,,,,,,,5635,5317,,,8781,,,,,,356,,,,,,,,,,,4551,,3838,,,,,,,8624,,,6467,6929,,8515,,,,,,,,,,,,,6812,,,,,,,1347,,,,,,,,,,2328,,,,,,,,,,,,,,,,,,,,,,,,,,,,,,,,,,,,,,,,,,,,,,,,,,,,,,,,,,,,,,,,9997,,,,,,,9466,,,,,,,,,,,,,,,,,,,,,,,,,,,,,,,,,,,,,,,,,,,885,,,8556,,,
,,,,,,,,,,,,,,,,,4962,,,,,,,8935,,,,,,,,,,881,,,,,,,,,,,,,,,,,,,,,,5119,,,,,,7028,,,,,,,,,,,5315,,,,,,,747,,,,,,,,,,,,,,,,,,,,,6425,,,,5796,,,,,,,,,,,,,,,,3672,,,,5933,,,,9493,,,,,,,,,,,,,,,,,,,,,,8490,,7373,,,,,,,,,,,,,,,9975,,,7044,,,,,,,,,,,,,,5016,,,,,,1085,3287,,,,,,,,,,,,,,,,6312,,,,,,,,,,8239,,,,,,,,,,,,,,,,,,,8328,,,,929,,,,,,,,,,,,,,
,,,,,,,,,4409,,,,7656,,4923,,,,,,,,,,,,,,,,,,,4842,7087,,,,,,,,,,,,,,,,,,,,,,,,,,,,,,,,,,,,,,5003,,,,,,,,,,,,,,,4740,,,,,,,,,,,,,,,6140,,,,,,,,,,,,,4285,,9290,,,,,,,,,,,2225,,,,,,,,,,,,,6323,,,,,,,,2084,9086,,,,,,,,,,,,,,,,3192,,,,,,,,4578,,,3745,,,,,,,,,,,,,,8185,,4156,,,,,,,,7148,,,,,8991,,,,5145,,,,,,,,,2036,,,,,,,,,,,,2416,,,,,2840,1626,,5281,,,,,,,,,,,,,,,
,,,,,,8438,,,,,,,,,,,,,9164,,,,,,3088,,,,,,,5129,,,,,,,401,,,9259,,,,,,,,,,,,,,8216,3721,,7315,,,,,,,,5862,,,,,,,,,,,,,,,,,,,,,,,,,,,,4417,,,,,2802,,,,,,3400,,,,,,,,,5933,,,,,,,,,,,,,,,,,,,,,,,,,,2059,,,,,,6013,,,,431,,3127,,,,,,,,,,,,,,3500,,,,,,,,,,,,,8258,,,,,,,,,,,,,,,,,,,,,957,,,,,,,,,,,,,,,,,,,1466,,,8341,1648,,,,,,,,,,1292,,,,,,,,,,,,,,,,,,,,,
,,,,,,,,,,,,,,,,,,,,2170,,,,,,6094,,,,,,,,,,,,,,,,,,6435,,,,,,,,,,1268,,,,,,,,,,,,,,,,,,,,,,,4470,7312,,,,,,,,8902,,,,,,,,,,,,,,,,,,,,,6102,,,,,,,,,,,2591,,,,,,,,,,,,,,,,,,,,,,4568,,3879,,,,,,,,6782,,,,,,,,,,3510,,,,,,,8048,9572,,9903,,,2361,,,,,,,,,,,1823,4521,348,,,,1183,,,,,,,,,4522,,9024,,,,,,,4203,,,,,,,,,,,,,,9884,,,,6531,,,,,,,,,,,,,,,,,,,,,,,,,,,,,
,,,,,,,,,,2115,,,,,,,,,,,,,,,,,,,,,,,,,,,,4600,,,,,9982,,,,,,5651,,,,,,5309,,,,3259,,3880,,,,,,,,5346,,,,,764,,,,,,,,,,,,,,,,,,,,,,,,,,,,,,,,,,,,,,,,,,,,,,9522,,,,,,,,,,,,1473,9536,,,6891,,,,,,,3493,7337,,,,,,5166,,,,,,,,,,,,,,,,,,,,,,,,,6341,,,,,,,,,,,1308,,,,,,,,,,1762,,,,,,,,6319,,,,,,,,,,,,,,1924,,,,,,,,,,,,,,,,,,2796,,,,,,,,,,,,,,,,,,6650,
,,,,,,,,,,,,,,,,,6044,,,,,,9693,,,,,,,,,,,,,,,,3549,,,,,,,,,,,,,,,4457,,,,,,,,,,,,,,,5337,,,,,,,,,,,,,,,,,,,,,,,,,,,,,,,,,,,,,,,9230,,,,6374,,,,,,3089,,,,3098,,,,,,9637,,,,,,,,,,660,,,,,,,,,,,,6621,,,8350,,,,,,,,,,,,,,,,,,,,,,,8508,,,,,,,,,,,,,,,,,,,,,,,,,,,,,,,,7157,,,,,,,,9432,,,,,,,,,,,,,,,,,,,,,,,9847,,2735,,,,,,,3481,,,,,,,
,,,,,,,,,,,,,8268,,,,,,,,,,,,,,,,,,,,,,,,,,,,,,,,6846,,,,,,,,,,,,,,,,,,,,,,,1835,321,,,,,,,,,,,,,,,,,,,9741,,,,,,,,7664,,8354,,,,2054,2328,,,219,,,,,2890,,,,,,,,,,9029,5145,,,,,,,,,,,,,,,,,,1183,5378,,,,,,,,,,,,,,,,,,,,7438,,,,,,,,,,,,,,,,,,,,,,,,,,,,,,,,,,,,4834,,,,,,9389,,,,,,,,,,,,,,,,,9769,,,,,,,,,,,,,,,,,,,,,,,,,,,418,,,,,,,,
,,,,,1148,,,,,7129,,,,,,,,,,,4096,,,,,,,,,,,,,,,,,,,,,,,,3740,,,,1217,3744,,,,,,,,,,,,1807,,,,9251,,,,,,,,,,,,,,,,,,,,,,9887,,,,,,5307,,,,,,,,,,,,,,,,,,,,,,,,,,,,,,,,,,,,,,,,,,8679,,8089,,,,,,,,,,,,6741,,,,,,,,,,,,,,,,,,,,,,,,,9945,,,,,,,6754,,,,,,,,,,,,,4810,,,,710,,,,,,,,983,,,,5084,,,,,,,,,,,,,,,,,,,,,,8169,,,,,,,8991,,,,,4379,,,,,7828,,2812,,,
,8919,,,,,,,,,,,,,,,,,,,5239,,,,,,,5441,,,,,,,,,,,,,,,,,,,,,,,,,,,,,,,,,,,8945,,,,,,3792,,,,,,691,,,4376,9140,8003,1796,,,,,,,,6229,,,,,,6842,,,,,,,,,,,,,,,,,,,,,,,,,,,,,,,,,,,,,,,,,,,,,,,,,,,,,,,,,,,,,,8477,,,,,,,,,,,,,,8805,,,,,,,,,,,,,,,,2929,,,,,,,,,,,,,,,,,,,,,5550,,,,,,,,,,,,,,,,9537,,7998,,,,,,,,,,,,,,,,,1549,,,,,,,,,,,,,
6971,,,,,,,,,,,,3231,,,,,,,,,9236,,,,5881,,,,,,,,,,,,,,,,886,,,,,,,,,,3507,,,,,,,,,,,,,,,,,4483,,,,,,,,,,,,925,,,,5439,,,,,,,,,,,,992,,3042,,,,,,5225,,,,,,,,,,,,,,,1954,,,,,,,,,,,,,,,,,,,,,,,,,,,,,,,,,,,,,,,,8516,,,,,5837,,5452,,,,,,,,,,,,,,,,,,,,,,,,,,,,,,,,,,1940,,,,,,,,,,,,,,,,,,,,,,,,,,,,,269,,,,,,,9614,,,,,,3702,,,,,,,,,,,,,
,,,,,,,,,5737,,,,9606,,,,,,7393,326,,,,,,,,,,,,,,,,,,,,,,,,,3787,,6050,,,,,,3315,,,,9317,,,2182,,,,,,,,6252,,,,,,,,,,,,1484,,,,,6735,,,,6986,,,,,,,,7544,,,,,,,,,,,,,,6398,,,2906,,,,,,,,6420,6957,,,,,,,,,,,,,,,,,,,,,,,,,,,,,,,1898,,,,,,6263,,,,,,,,,,,,,,,1407,,,813,,,,,,,,,,,,1739,,,,,,,,,,,,,9725,,,,,,,,,,,,,,5600,,,,,,,,,,,,197,,,,,,,,,,,,,,4074,,,2549,,,,,1025,,4809,,
,,,,,,,,,,,,,,,,,,,,,,,8787,,,,,,,,,,,,,,,,,,,,,,695,,,,,5774,,,1568,,,,,,,,,,,2259,1289,,,,7983,,,,,,,9351,4043,,,,,3576,,,,,,,9178,,,,,,,,,,,,8097,,,1751,,1063,,,,,,,,,,,,9940,,,,,,,,1693,,791,,,,,540,,,,,,,,,,,,,,,,,,,,,,,,,,,,,,,,,,,,,2120,,,,,,,,7425,,,,,,,,,7155,,,,,,,,,,,,,,,,5688,,,,,,,,9176,,,,,,,,,9057,,,,,74,,,,,,,,,,,,,,,,,,,,,,,,,,,5725,,,
,,,,,,,,,,,,2107,,,,,,,,,2340,,,,,,,,,,,,,,,,,,278,,,,,3449,,,,,,,,,,718,,,,,,,,,,,,,7110,,,,,,,,,,,,477,,,,,,,,,,,,9318,3203,,,7389,,,,,,,,355,,,130,,,,,,,,,,,1427,,,,,,,5144,,,,,,,,,,,,,,,,,,,5729,,,,,,,,,,,,,,,,,,,,,,,,,,9101,,,,,,,,,,,,,,,,,,,,,,,,,,,,,,,,,,,,,,,,9642,9167,,,,,,,,,,,,,,,7780,,,,,,,,,,,,8959,,,,,,,,,,,9909,872,,,,,,
,,,,,,,,,,,,,,,,,4007,,,,,,,,,,,,,,,,,,,,,9306,,,,,,,,,,5826,,,,3763,,,,,1502,,7121,5788,,,9538,,,,,,,,,,4719,,7838,,,6150,,,,,,,,,,,,2026,,7214,,,,,8097,,,,,,,,,,,,,,5514,,,,,,9526,,,,,,,,,,,,,,1171,,,,,,,,,,,,973,,,,,3148,,,,,,,,,1551,2330,,,3078,,,,,,3944,850,,,,,,,9361,,,,,,,,,,,,,,1441,,,,,,,,,,,,,,,,,,,,,,,,,,,,,,,,,,,,,4634,,,,,4370,,,,,,,,,8068,,,,,,,,,,,,,,,
,,,,,,,,,6725,,,,,,,,,,,,,,,,,,,,,,,,,,,,,8608,,,,,,,,,,,,,,8097,,,,,,3666,,,,,,,,,3983,,,,,,,,,,,,,,624,,,,,,,,,,,,,,,,,,,,,,,,,,,1452,,,,,,,,,5398,,,,,,,,,650,,,634,,,,,,,,,7576,,,,,,,,,,,,,,,,,,,,,,,,,,,,,,6945,,,,,,,,1567,,,,,,,,,,,,,,,,,,,,,,,,,,,,,,2880,,,,,,,,,,,,,,,,,,,,,9279,980,8424,,,,,,,,,,,,,,,,,,,,,,,,,,
,5162,1201,,6716,,,8997,,,,,,,,,1855,,,,,5294,,,,,,,212,,,,,,,,,,,,,,3029,,,,,3148,,,,,2631,,,2158,,,,5981,,,,,,,,,8292,,,,,,,,,,,,,,,,,,,,,6655,,,8818,,,,,,5611,,,,,,,,,,,,,,,,,,,,,,,,,,,,,,,,8567,,,,,,,,8023,,,,,5769,,,,,,2952,5299,,,,,,,,,,,4865,,3921,,,,,,,,,,,5612,,6997,,,,,,,,,7189,,,1330,,,,,,,,,,1596,,,,,9201,,,,,,,,,,,,,1673,,,,,,,,,,,,,,,2898,,,,,,2075,,,,,,,,,,,,,,,,,,
,,,5091,,,,1536,,4636,665,,,,,,,,5053,,,3813,,,,,,,,,,,2296,,,,,,,,,,,5656,,,,,,4209,,,,,,,,,,,,,,834,,,,9397,,,,,,,,,,,,,,,,,,,,,,,,,,2660,,,,,,,4564,,,,,,,940,,,571,,,,,,,6537,,,,,8693,,,,,,,,,,,,,,,,,,9293,,,,,,,,,,,5584,,,,,,,,,,,,733,846,,,9936,,,,5544,2808,,,,,,,,,,,,,,,,,,8260,,,,,,,,,,,,,,7669,,,,,,,,,,,,,6872,,,,,2169,,,,100,,,,,2432,,,,,,,,,,,,6865,,,,,8171,,,,,,,
,5579,,,,,,,,,,,,,,,,,,,,,,,,,,,,,,,6802,,,,,,,,,,,,,,,,,,,,,,,,,,,,,,,,99,,,,,,,,,,,,,3781,9592,,9012,,,8845,,,,,,8531,,,,,5294,,,,,,,,,,,7963,,,,,,,,420,,2398,,,,,,,9650,,,,6234,,,,,,,,,,,,,,,,,1358,,,,,,,7066,,,,,2048,,3279,,,4742,,,,,,,9978,,,,,,,,1695,,,,,,,,,450,,,,,,,,,5941,,,,9796,,,,,,,,,,,,7467,,,,,,,3953,,,,,,,,,,,,,,,,,,,,,,,,,,,,2749,,,,,,,,,,,
,,,,,,,,,,,,,,,3491,,,,,,6044,,,,,6446,,,166,,,,,1996,,,,,,,,,,,,,,,,,,,,,,,,,,,,,,9015,,,,,,,,,,,,,,,,,,,7613,,,,,,,9796,,,,,,,,,,,,,,,,,,,7749,,,,,,,4156,,,,,,,,,,,,,,,,,,,,,,,,,,,,,,,,,,,,3857,,,,,,,,,,,,,,,,,,,4735,,,,7127,,,,,,1543,,,,,,2662,,7735,,,,,,,,,9156,,,,,,,9839,,,,,3221,7218,,,,,,,,8602,,,,,,,,,,,,4158,,,7874,,,,,,,,,,,7215,,,,,4227,,5911,,,
,,,,8059,,,,,,,,,,,,,,,,,,,,,,146,,,,,,,,,,,,,,5219,,,,,,,,210,,,,,,,,,,9052,,,,7188,,,,6455,,,,,,,,,,,,,,6185,,,,,,,2920,,,,,,,,,,,,,,,,,,,,,5335,,,,,,,,,,,,,,,,,,,,,,,,,,,,,,,7735,7497,,,,,,,,,7039,,,,,5814,,9300,,,2515,,5768,,,,,,,,,,,,,,,,,,,,,,,,,,,,,,,,,,,,,,3312,,,,,,,9151,,,,3205,,,,,,7450,,,,,,,,,,,,,,,5392,,,,,,,,,,,,,,,,,,,,,,,,
,,,,,,,,,,,,,,,,,,,,,,,,,4252,,,,,,,,,,,,9512,,,,,,,,,,9269,,,,,,,,,389,3082,,,,,,,,,,,,,,7699,,,,,,,,,2340,,6090,,,,,,,,,,9367,,,,,4316,,,,870,,,,,,5053,,,,,,,,,,,,,,,,,,,,,,,,,,,,,,,,,,,9255,,,,7180,,,3289,,,,,,,,,9331,,,,,,,,,,,,,,2382,,,,5497,,,,,,,3642,,,,,,,,,,,,,,,,,498,8013,,,,,8134,,,7607,,,,,,,,,,,,,,,,,,,,5174,,3056,,4802,,,,,,,,,,,,,,,,,,,,,,
,,,,,,,,,,,,,,,,,,,,,,,,,,,,,,,,,,,,8393,,8036,,,,,,,,,,,,,,2418,,,,,,,,,,,,,,,,,,,,,,,,,,,,,,,,,,,,,,,7347,,,,,,,,,,,9952,,,,,,,,,,,,,,,,,,,,,,,,,,,9772,,5864,,,,,5174,,,,,,,7083,,,,,,,,,,,,,,,,,,,,,,,,,,,,,,,,,5791,,2295,,,,,,,7298,,,,,,,,,,820,,,,,,9817,,,,,,,,,,,,5311,,,,,,,,,,,,,,,,,,,,,,,,2291,,8515,,,8174,,,,7680,,,,,,,,,
,,,,,,,,,,,,,,8696,,,,,,,,,,,,,,,,,,,,,,,3858,,,,,,,,,,,,,,,,,,,,,,2078,,,,,,,,,,,,,,,,,,,5234,,,,,,,,,,,,,,,,,,,,,,,,,,,1354,,,,7716,,,,,,,940,,,,,,,,,,,,,,,,,5259,,,7212,,,,1348,,,1922,,3022,,,,,,,,,,,,,,,,,,,,7975,,,,,,,3103,,566,,,,,,,,,,,,,,,,,7261,4278,,,,,,,,,,,,,,,,,,,,,,,,,,,,9216,,,,,,,,,,,,,,,,,9160,,,,,,,,9900,,,,6731,,,,,,
,,,,,,,,5359,,,,,,,,,8131,5219,1036,,,,,,,,,,,,,,,,,,860,,,,,,,,,,6634,,,,,,,,,,,,,,,,,,,,,,,,,,,,3461,,,,,,,,,,,,,,,,,,,7845,,,6374,4591,,,,,,,9068,,,,,9325,,,,,8357,,,,,2030,,,,,947,,,,,,,,,,,,,,,,,,,4448,,,,,,,,,,,,,,,,,,,8312,,,,,3917,,,,,,,,,,,,,1323,,,,,,,,,,,,,,,,,,,,,,,,,,,,6819,,,375,,,,,,,7353,,,,,,,,,,,,,,,,948,,,1769,,8871,,,,,,,,,,,,1291,,,
,,,,,,,,,,,,,,,2634,,,,,,,,,,,,,9287,,5506,,,,,,,,,,,,,,,,,,,,3240,,,,,,,,,,,,,,,5301,,,4058,,,,,,,,,,,,,,,,,,,,,,,,,,,,5383,,,,,,,,,,,,30,,,,,,,,,,,,,,,,,,,,,,,,,,,,,633,,6622,,,,,,,4407,,,,,,,,,,5466,,,,,,,,,,,,,,,,,,,,,,,,,,,2340,,,,,,,,,,,,8830,,,2821,,,,,335,,,,,,,,,4502,5881,,2961,,5770,,,5255,,,,8062,,,,,,1849,,,2833,,,7849,,,,,,,,,,,,,,,,,,,
,,7994,3242,,,,,,,,,,,4652,,3095,,,,,,,,,,2000,,,,,,398,1742,,,,,,,,,,,,,,,,,,,,,,,,620,,,,,,,,,6908,9754,,,3032,6500,,,,,9174,,,4355,,9645,,7523,,,,7696,,,,,98,,,,,,,,,,,,,,,,,1925,,,,,,,5096,,,,,,,7522,,,,,,,,,,706,,,,,2043,8664,,,,,,,,938,,,,,,4590,,,,,,,,3841,,4034,,,,,,,,,2422,,,,,,,,,,,,3933,,,,,,,,,,,,,,,,,,,,,,,,,,,,,,7710,,,,,,705,,,,,,,,,,3641,,,,,,,,,,,,797,,,,,,,,,,,,,
,,,,,,,,,,,,,1973,,,,,,,,,,,,,,,,,,,,,,3382,,,,,3012,,3784,,,,,,,,,,,,,,,,,,,,,,,,,2688,,,,,,,,,,,,,,6015,,,,,,,,,,,,,,,,,,,,,213,,,,,,,,,,,,,,,,7296,,,,,,,,,,,,,,,,,,,,,,,,,,,,,,,7056,,,8535,6577,,,,,,,,,,,,,,5622,,,,,,,,,,,,,,,,,,,,,,,,,,,,,,,5208,,,,,1168,,,,,,,,,,,,,,,,,4066,,,,,,,,,,7028,,9617,,3653,,,,,2144,,,,,,,,,,,,,,,3137,
,8794,,,,,,,,,,,,,,,,,,,,,,,,,,,,,2281,,,,,,,,,5209,,,,,,,,,,,,,,,6200,,,,,,,,,,3801,,,,,,,,3822,,,,,,,3747,,,,,,,8149,,,,,,,,3000,,,,2893,,,,,,,,,,,,,7527,,8128,,,,,,,,,,,,8703,,,,,,,,,,,,,,,,8971,,,,,,,,,,,,,,,,,,,,,,,,,,,,,,,,,,,6305,,,2667,,,,,,,,,,,,8810,,,,,,,,,,,,,6503,,,,,,,6801,,,,,,,,,,,,,,,9150,,,,,,934,,,,,,6873,,9208,,,,,,,,655,,,,,,,
,,,,,,5574,,,,,,,,,,,,,,9289,3741,,,,,,,,,,,,,,,,7548,,,,,,,7346,,,,,,,,,1816,,,,,,7375,,,,,,,,,,,,,,9287,,,,,,,,,,,,,,5792,,,,,,,,,,,,,,,,,,,,,,,,9085,,,,,,,,,,,,,,,,,,,,,,,,,,,,,,,,,,,,,,,,,,,,,,4415,,,,,,6804,1447,,,,,,,,,,,3672,981,,,,,,,,,,,,,,,,,,,,,,,,,,8577,,9021,,5969,,,,,,,,,,,,444,,,,,,,,9139,,,,,,,,,,,,,,,530,,,,,,,,,,,,,1985,
,,,,,,,2872,,,,,,743,,,,,,,,,,,,,,7649,5406,,,,,,,,,,,,,,,,,,,,,,,,7268,,8231,,,,,,,,4727,,,,,,,,,,,,,,,,,,,,,,,,,,,,,,,,,,,,,,,,,,,,,,,,,4349,,,,,,,2025,,,7255,,,3979,,,,,,,,9070,,,,,,,,,,,,,,,,,8759,,,,,,6566,,,,,,,,,,,,,,,9582,,8749,,,,,,,,,,,,,,,,,,,,,,,,,,,,,,,,7119,,,,,,,,,,,,,,,652,,,4339,,,,,,,,,,,,,,,,,,,,1209,,,,,,,,,,,,,
,,,,,,,,,,,,,,,,,,,,1381,9863,,,,,,,,,,,,,9217,,4471,,,,,,,,,,,,,,,,,,,8968,,,,,,,,,,,,,,,,,,,,,,,,,,,,,,,,,,,3157,,29,,,,,,,,,3298,,,,,,,,,,9323,,,,,,,,,,,,,,,,,,,,,,,,,,,,,,,,,,,,,,,,,,,,,,,,,9065,,,,,,,,,,,,,,,,,,,,,,,6542,,,,,,1298,,,,,9712,,,,6275,,2170,,,,,,1018,17,,,,,,,,,,,,,,,,3364,,,,,,,2761,,,,,,,6847,,,,198,,,,,5437,,1629,,,,,,,
,,9195,,,,,,,,,,358,,,,,,,,,,,,,,,,,,,,,,,,,,,,,,,,,,,,,,,,,7786,7468,,,,,,,,,,,,,,,,3391,,,,,1549,,,,,,,,,,,,,,,,,,,,,,,,,6693,,,,,,,,,,,,,,,,,,,,,,,530,,,,,,,,,,,,,,,,,,,,,,6183,,,,,,,,6387,7139,,,,,,,,,,,,5445,,,,,,,,,,,,,,,,,2097,,,,,,,,5733,6409,,,,,,,,,,,,,,,,,359,,,,,,,,,,,,3687,,,,5862,,,,,,,,502,,5173,,,,,1418,,,,,,,8515,,,,,,,,
5351,,,,8488,2242,,,,3047,,9136,,,6705,,,,,,,,,,,,,,,,979,,,,,,,,,,,,,8558,,,,,,,9535,,,,,,9913,,,1766,,,,,,421,,,1531,5931,,,,,,,1213,,,,,,1862,,,,,7454,503,,,,,,,,,,,,,,2250,,,,,,,,,,,,,,,,1167,,,,,7026,,,,9642,,,,2048,,,,,,,,,6499,,,,,,,,,,8074,,,,,,,,,5762,,,,,,,2973,,,,,,,,,,,,,,,,6153,,,,,,,,,,,,,6391,,,,,,3977,,,,,,105,,,,,,,,,,,,,,,,,,,,,,,7070,,,,2844,,,,,,,,,,635,,,,,,,,,,,
,,,,,,,,,,7219,,,,,637,,,,,,,,6065,,,,,,,,9988,,,,,,,,,,,,,,,,,,,,,,,,,,,8580,,,,,,,,4951,,,,,,,,,,5857,,,,,1585,,,,,,,9548,,5268,,,,,,,,,,,,,,,,,6696,,,6110,,,,2076,,,,,,,,,,,,,,,,,8389,,,,,2993,,,,8274,,,,,,,,,,,,,,,,,6293,,,,,,,1166,,,,,1358,,8082,,,,,,,,,,,,,5915,,,7655,,,,,,,,,,,,,,,,,6695,,,,,,,,7197,7954,,,,,6024,,,,,,,,,,,,,,,,,,2747,,,,,,,,,1730,,,4652,,,,,,,
,,,,,,,,,,,,,3834,,,,,,,,,,,,,,,,,,,,,,,,,,,,,,,7917,,,,,,,,,,,,5465,,,,,,,,,,,,,,,,,2057,,,,,3187,,,,,,,,,,,,,,,,,,,,,1804,,,,,,,,,,,,6815,,,,,,3880,,,,,,,,,,,,,,,,,,,,,,,,,,1483,,,4297,,8799,,,,,,,,,,,,,,,,,,,,9447,,,,,,,5508,,,,,263,,,,,,,,,8612,,,,,,,,,2449,,,,,,,,,,,,,,,,,,,,8407,,6977,,,611,,,,,,,,,,,,,,,,,,,,,,,,,,,,,,735,3297,
,,,,,,,,,,,,,,,,,,,,,,,,,,,,,,,,,,,,,4472,,,,,,,,,,9367,,,,,,,,,,,,,,,,,,,,,,,,1703,,,,,4584,,,,,,,,,,,,,,,,,,,,,,,,,,,,8964,5560,,,,3991,,,,,7114,,5470,3795,,9947,,,2277,,,,,,5811,,,,,,,,6620,,6102,,,4896,,,,3539,,7438,,8652,,,,,,,,,,,2365,,,,,,,,,,,,,,,,,,,,,,,,,,,,,,,,,,,,,,9288,4674,,,,,,,,,,,7620,3825,,,5861,,,,3654,8515,4185,,,,,,,,,,,,,,164,,,,,4840,,,,,,,,,,4457,,,9019,,,
,,,4794,7253,,,,,7213,1707,,,,,,,,,,,,,,,,,,,,,,,,8978,,,,,,,9261,,,,,,,436,,,,,2198,,,,,,8694,,9889,,,,,,,,,,,,,,,,,9598,,,,,,,,8546,9546,,,,,,,,,,,,,,,,,,,,,7635,,,,,,,4377,,,,,,,,,,5169,,3064,,,,,,,,,,,,,,,,,,2629,,,,530,,,,,,,,7151,,,,,,,4564,9774,,,,,,,,,1833,,2560,,,,,,,,,,,,,,,,,,,,,,,,,,,,,,,,,,8350,8762,,,,,,,,,,,,,,,,,,,,,,,,,,,8406,,,,,,8208,,931,,,,,,1343,,,
,,,,,,,,,,,,,,,,,,,,,,,,,,,,4649,,,,,,,,,,,,,,,8961,,2004,,8945,,,,,,,,,,,,,3516,,,,,,,643,5518,,,,,,,,9259,,,,,,,,,,,,,,,,,,,,,,,,,7620,,,,,,,,,,,,,,,,,,,,,2428,,,,,,,,171,,,,,,,,,,,,,,,,,,,,,,,972,,,,,,,,,,,,,,9595,,,7444,,,,,,,,,,,,,,,,,,,,,,,,,,,,,6887,7037,,,,,,,,,,,,,,,,,,,5962,,,,,,,,,,,,,,,,,7815,,,,,,,,,,,,,,,,,,,6803
7608,,,,8666,,,,,,8961,,,,4035,8642,,,,,,,,,,,,,,,,,,,,,,,,,4918,,,,,,,,,,4928,,7424,,,,,,,,,,,,,,,,,959,,,,,,,,,,,,,,,,,,,,,,,,,,,6658,,,,,,,,,,,647,,,,,,,,,5724,,7631,4904,4491,,9541,,,,,,,,,,,,,,8152,,,,,,,,,,,,,,,2849,,,345,,,,,,,8268,,8590,,,,,,,,,,,,,,,,,,,,,,,,,,7861,,,,5577,,,,,,,,,,,,,,,,,,,,,,,,,,,,9947,,,,,,,,,,,8108,,,,,,,,,6339,,8285,2615,,,8327,2157,,4231,83,,3727,2729,
,,,,,2544,,,,,3045,7009,,,,,4538,,,4069,,2034,6461,,,,,,,,,,,,,,,,,,,,,,,,,,934,,3253,,,,,,,,7688,,,,,,,,,540,2932,,,,,,,,,,,,,,,,,,,,,,,,,,,,,,6937,,,,,,,,,,,,,,,,,,,,,,,,,,,,,2301,,,,,,,,,,,,,,,,,,,,,,,125,,,,2494,,,,,,,,9727,,,,,1541,,,5637,,,,,,,,,,,,,,,,,,,,,,1546,,,,,,,,,,,,3149,,,,,1523,,,1185,,,,,,,,,6755,,6687,,,,,,,,3400,,,,,,,,9613,,,,,5858,,,,,,,,8776,8047,5961,
,,,,,,,1742,,,,,,6013,,,,,,,,,,,,5292,,,,691,,,,2506,,,,,,,,,,,,,,,,,,,,,271,,,8267,,,,,,,,5190,,,,,,,,,,,,438,,8319,,,,,,,,,,,,,,,,,,,,,,,,,,,,,,,,,,,,,,,,,4296,,,,,,,,,,,7750,1277,8082,,,,,,,,,,,1782,,,,,,,,,,,507,,,,,,,,91,,,,,,,3767,,,,,,,,,,,,,,,,,,,,,,,,,,,,,,,,,,,,,,,6532,,,,,,,,,,,,,,,,,,,,,,,587,,,,4292,,,,,,,7106,,,,,,,,,,,,
,,,1163,,,6915,,,,,,,,,,,,2662,,,,,8048,,,,,,,,,,,,,,,,,,,,,,,,,,,,,,,,,,,,,,,,,,,3814,,,,,,,,,,,,488,,,,6957,,,1579,,,,,,,,,,,,,,,4026,5901,,,,,,,,,,,,,,,4488,,,,,,,,,,,,,,,,,,,1056,,,,,,2119,,,,,9823,,,,,1685,7865,4332,,,,,,,,,,,,6155,,,,3133,,,8410,,,,,,,,,,,,,,,,,6256,,,,,8898,2268,,,,,,,,5871,,,3062,,,,,,,,6994,,,,8882,,3240,,,,,,,,,,,,1281,,8284,,1194,,,,,,,,,,,,,,,,,,,
,,,5105,3253,,866,,,,,,,,,,2658,,,,,,,,,,5325,,,,,,,,,,,,,,,,,,,,,8243,,,,,,,,,,,,,,,6040,,,,,,,,,,,,,,,,,,,,,,,,,,,,,,,,,,,,,,,,,,,,,,,,9389,,,,,,,,,,,,,5989,,1955,,,,,,,,,,3042,,,,,,7795,,,,,,,,,,,,,,,,,,,,,,,,,,1166,,,,,,,4776,,,,,,,,,,,5498,,,,,,,,,,,,,,,,,,,,,5108,,,,,,,,130,,,,,,,,,,3763,,,,,,,,,,,,,,,,,,,,4207,,,,,,,,,,,
,,,,,,,,5652,,,,99,,2794,,,,,,,,,,,,,,,,,,,,,5844,,8407,7622,,,3786,,,,,,3213,,9908,,,,7342,,,,,,,,,,,,2643,9305,,,,,,,,,,,5553,,,53,,,,,,,,,,,,,1586,,,,,,,,,,,,,7359,,,,,,,,,,3991,,,,,,,,,,,,,,,8275,,,2254,,,,,,,,,,,,,,4339,,5745,,,,,,,,,,,,,,,,,,,,,,4807,,,,,,,,,,,,,,,,8254,,,,,6509,,,,,,,,,,,9574,,,,,,,,1365,,,,,,,,,,1627,,,,,,,,,,,,,,,,1969,,,,,2879,,,,,,,,,,,,
,,,,7766,,,5938,,,,,,,,,,,,,,,,,,5753,,,,,,,,,,,,,,,,,,,,,,,,,,,3127,,,,,,,,,,,,,,,,,,,,,,,,,,,,,,,,,,,,,,,,,,5977,,,,,,,,1399,,,,,,9141,,2679,,,,,,,,,,,,,,,,,,,,,,,2940,,,,,,,,,,,,,,,6980,,,,,,,,,,,,,,,,,8131,3016,,8601,,,,,,,,,,,,,,,,,1374,,,,,,,,,,,,,,,,,,,,,,,,,,,,,,,,,,,,,,,,,,,9831,5452,,,,,,,,3431,,,,,,,,,,,7765,,,507,,8175,,
5773,,,,,,,,,,,6106,,,,7245,,,5217,,,,,,,8584,,,,,,,,,,,,,,,,,,,7924,,1237,,,616,,,5907,8335,,,,,,,,,,,7747,,,,,,,,,,,,,,487,3290,,,,,,,,,636,,6681,8763,,,,,4841,1440,,,,,,,,,,,,,,,,,,6109,,4453,,,,,,5053,,,,,,,,,,,,,,,,,7222,,,,,,,,,,,,,,5156,,7481,,,,,,8097,,,,,,,,,,,,,,,,,,3172,,,,,,,,,,,,,,,,,,,,,9851,6368,,,,,,,,,,,,,,3401,,,6369,,,,,,,,,,,,,,,,,,,2195,,,,,,3947,,,,,,,,,,,1119
,,,7406,,398,,,,,,,524,,,982,,,,,,,,,,,,,,,,,,,,,,,,,,9893,,,,,,,9470,,,333,,,,,,,,4588,,,,,,,,,,,,,,,5222,,,,,,,,,,,,,,,6731,,,,,,,,,,,,,,,,,,,3769,5135,,,,,,,,,,,,3213,,,,,,,,,,,,,,,,,,,,,,,,,,,,,,,,,,,,,,,,,,,,,,2275,,,,4658,,,,,,,7860,,,,,,,,,,,,,,,,,,,,,,,,1312,,,,1597,,,,,,,,,,,,,,602,,,,,,,,,,,,,,,,6184,,,,3037,,,,,,4377,,,,,,,,,
,,,,,,,,,4198,,,,6907,,,,,7286,,,,,,,,,,,,,990,,4593,,,,2916,,,,,,,,,,,,,,,,,,,,1129,,,,,,,,,,3280,,,,,,,1441,,,,,,,,,,,,,,,,,,,,,,,,,6577,,,,,,,,,,,,,,,,,,,,,,,2613,,3981,3420,,,4476,,,,,,,,,,,,,,,,,2328,2075,,,,,,,,,,,,,5127,,,,,,,,,,681,,,,,,,,,,,,,,,,,,,,,,,,,,,,,,,2269,,1600,,,,8934,,,,3974,,,,,,,,,,,,,,,,,,,,,,,,,,,,,,,,,6977,,5321,,,,,3315,,,6209,,
,,,,,,,,,,,,,,,,,,,,,,,2273,3126,,5057,6627,,,,,3104,,,,,,,,,,,4952,,,4615,,,,,,8903,,,,9349,,,,,,,,5654,,,,,,,,,,,,,,,,,,,,,,,,,,,,,,,,6577,,,,,,,,,6722,,,,,,,,,,,,,,,,5344,,,,,2507,,8412,,,,,,,,,,,,,,,,,,,,,,,,,,,,,,,,,,,,,,,8734,,,5936,,,6812,,,,,,4666,,,,,,,,,,,,,,,,,,,,,,,,,,,,,,,,,,,,,,,,,,,,341,,9633,,,,,,8882,,,,,2154,,7047,1287,,,,,,,,,,,,,,,,
,,,,,,,,,,,,,6859,,,,,,,,,,,,,,,,,,,,,,,,,,,,,,7192,9974,,,,,,,,,,,,,,,,,,,,,,,,,,,,,,,,,,,,,,,,,,531,,,,,,,407,,,,,,,,,,,,,,,5823,,,,,,,,,,,,,9065,,,,,564,,,,,,,,,,,,,6143,,2378,,,,,,,,,6263,,,,,,6201,,,,,,,,,,,,,,3278,,6080,,,,,,,,,,,,,,,,,,,4993,,,,7,,,,,,,,,,,,,,,,,,,,,,,,4928,,,,,5676,,,,,,,,,,,,,,,,,,,,,,7932,,,,,,,808,7782,
,,,,,,,,4808,,,,1368,2992,,3411,,,6167,,,,,,,,,,,,,,,,8984,,,,,,,,,,,,,,,3021,,,,,,,,,,,,,,,,,3354,,,,,,,,,,,,,,,,,,,,,,,,,,,,,,,,,,,,,,,,,,,3216,7445,,,,,,,,,,,,,,,,,,,,,,,,,,,,,,,9812,,5634,,,,,,,,,,,,,,,,,,,,,,,,,,9812,,,,6709,,,,,688,,,,,,,,,510,,,,,,,,109,,,,,,,,,,,9096,951,,,,,,,,,8588,,,,8272,,,,,,1480,,,1422,,,,,,,,,,,,,,,,,,,,,5583,,,,,
,,,,,,,,,,,,1932,,,,,,,,,,,,,,,3257,,,,8008,,,,,,,,,,,,,,,,,,,,,,,,,,,,,,,,3135,,,1081,,,8333,,7844,,,,,,,,2839,,,,,,,,,,,,,1216,,,,,4380,,,3534,,,,,,,,,,,4360,,,,,4852,,,7000,,,,642,4225,,,,4800,,,,,,,,,,,4384,,,,,,,,,,,,,,,,,,,8556,,,,,,3610,,,,,,,,,,,,,,,,,,,,,,,,,,1374,,,,,,4129,,,5939,8042,,7316,,,,,,,,,,,,,,,2704,,,,,,,,9830,,,,,,,,,,,2021,,,,,,,8968,,,,,,,,,,,,
,2198,,,,,,,,,,,,,,,,,,,,,,,,9050,,,2657,,,,,,,,,,,,,,,,,,,,,,,,,,,,,5548,,,,,,,,,,,,3945,,,,,,8430,,,9015,,,,257,,,,,,,,,,,,,,,,,,,6927,,,,,,,,,,,,,,4166,,,,7,,,,,,,,,,,,,,,,,,,,,,,,,,,,,,,4149,,,,,6369,,,,,,,,,,,,,,,9420,,3483,,,,,,,,,,,4502,,,,,,,8480,,,3993,,,,,,4912,,,,,,,,,,,,,,,,,,,,,7018,,,,5922,,,,,,,,3302,,,,,,,,,,,7988,,,,,,1213,,2467,,,,
,,,,,,,,,,,,,6264,,,,,,,912,,,,,,,,,,,,,,,,,,9359,,,,,,5354,,,,,,,,,,,,,,,1245,,,3079,,,,,,,2621,,9249,,,,,,,,399,,,,,,,266,,,,,,1299,4510,,,,,,,,,,,,,,,,,,,,,3150,,,,,,,,,,8455,,,,,,8229,,,8923,,428,,,1564,,,,,,,,,,,,,,,,,,,,,,,,,,,,,,,,,,,,,,,,,,,7663,,9947,,,,,,,,6261,,,,,2619,,,,,,,,,,8072,,,,,,,,,2383,,,,,,,,,,,7575,,1475,,,,,,,,,3054,,,,,,,,,,,,,,7711,,3728,,
,,,,,,,,,,,,6395,4050,,,,,,,,,,,,,,,,2627,,,,,,2792,,,,,,,,,,,,,,,,,,,,,,,,3489,,,,,,,7100,,,,,,,,,,,,,,,,,,,,,,,,,,,,,,,,,,,,2185,,,,8832,,,,,,,,,,,,,,,,,,345,5333,,,,,,,4339,,,,,,,,,,,,,,,,,,,,,910,,8219,,,,,,,,6683,,,,,,,,,,,,,,,,,,,,,,,,8375,,,9217,,,,,,,,,,,,,,,,,,,,,,,,,3368,,,,,,,,,,,,,,,,,,,,,,,,,,,,,,,5502,,,,,,,,,
,,,,,3957,,,,,3401,,,,,8760,,,,,2090,,,,,,,,,,,,,,,,,,,1177,,,,,,,,,5080,,,,,,2098,1410,,,,,,,,,,,,6133,,,,,,,,,,,,,,,,554,,,,,,,,,,,,,,,,,,,,,,,,,,,,,,,,,,,,,,,,,,9511,3450,,9743,,,,,,4827,,,3949,5869,9276,,5674,4167,,,,,,,,,,,,,,,,,,,,,,,,,,,,,9021,2005,,,,,6770,,7140,,,,,,,,,,,,5185,,2664,,,,9141,,,6275,,4404,,,,8003,6667,,9726,,132,,,,,,,,,,,,,,,,,8422,1513,,3507,,,,,,,,,,,,,,,,,,,,,,9212,,997
,,,1446,,,7628,,,,,,7594,,,,,,,,,,,,7888,,,4813,,,,,,,7511,,,,,,,,,,,,,,,,,,,9121,,,,,310,,,4874,,,,,,,,,7971,,,,,,,,,,,2378,,,,,8845,,,,,,,,,,,,,,3451,,,9837,,,,,,,,946,,,,,,,,,4191,,,,,,,,,,,,,,,5360,,,,,,,,,,,,,,1094,,,,,,,,,,,,,,,,,,,,,5570,,,,,1576,,,,,,,,6933,,,,,,,,,,2162,,,,,,,,,,,,,,4908,9306,,,,,,,,,,,,,,,,,3078,,,,,,,,1434,,,,,,4087,,1289,,,,,,,,,,,,3588,,
,,,,,,,,,,,,,,,,,,,,1225,,,3892,,,,,,,,,,,,,,,,,,,,,,,,,,,,,,,,,,,,,,,,,,,,,,,,,,,,9341,,,,,,,,,,,,,,,,,,,,,169,,,,,,,,,,,,,,2854,,2519,,,,,,,,,,,,,,,,,,,,,3735,,,,,,,,,,,,,,3600,,,,,,,,,,,,,,,956,,,,,,,,,,,6868,,,,,,,,,5065,,3310,,442,,,,,,,,,,,,,8741,,9522,,,,,,,,,,,,191,,,,,,,,6702,,,301,,,,,,,,,,,,6817,3216,,,,,,,,,,,,615,,,,,,1667
,,,,,,,,,,,,,572,,,6774,,,,,,,,8424,,,,2662,,8440,,,,,,,,,,,,,,,,1328,,,8731,,,,5990,,,,,,,,,,,,,,,,4227,,,,,,,,,,,,,,,,,,,,,,,,,,,,,,,,,,,,,,,6975,,7522,,,,,,,,,,,,,,497,,,,2155,,,,,1728,,,,,,,1150,1033,,,,,,,,,,,,,,,,,,,,,,,,,,,,,,,,,1209,,,,,,,5407,,,,,,,,,,,,,,,,,,5404,,,,,2460,,,,,,,,,,,,4547,,,,,4418,,,,,,,,,8131,,,,,8682,,,,,,,,,,,,,,,,,,,,9130
7414,7812,,,,,,,,,,,5978,,,,,,,6676,,,,,,,,,,,,,,,1066,,,,,,2530,,,,,,,,,,,,,,,,,,,,,,528,,,,,,,,,7230,,,,,,,,,710,,4227,,,,,,,,,,,,,,,,2744,,,,,,,,,,,,2007,,,,,,,,,,,,,,8671,,,,,,,,,,,,,,,,1837,,,,,,9444,,,,,,,,,,9614,,,,,,,,,,,,,,,2855,,,,,,,,,,,,7901,,,,,8480,,,,6967,,,,,,671,,,,,,,,,3627,,,,,,,,,1768,,,,,,,,,,,,,,,,,,,,,,,,6680,,,,,,,,,,,,,,,
,,5668,,,5004,,,178,3133,,,,,,,,,,,,,,,,,,,,3062,,,,6166,,,,,,,,,,,,,,,,2364,,,,,,,,,,,,,,,2245,,2270,,,,,,7515,,,,,,,,,,,,,,,,,,,,,,748,,,,,,,,,,,,,,6050,9852,,,,,,,,,,,1913,,,,,,,,,,,,,,,,,,,4101,,,,,,,,,,,,,,,,,1041,,498,,,,,,,,,,,,,,,,,,,,,,,,,,,,,,,,,2949,,,,,,,,,,,,,4316,,,6614,1519,733,,,,,,,325,,,,,,,,4681,,,,,,,,,,,,,,4372,3596,,,1445,,,,,,,,,,,,,
,,,1123,,,,,,,,,,6078,,,,,,,,,,,,,,,7828,,,,,,,,,,,,,,,,,3630,,,,,,,,,,,,,129,,,,4418,6478,,,,,,,9287,,9311,,,,,,,,,,,,,,,,,,,,,,,,,,,,8955,,,,,,,,,,,811,,,,,,,,,,,,9714,,,2396,,,9624,,,,,,,,,,4151,,,,,,,,,,7438,,,,,,,,,,,,,,,,,4154,2066,,,,,,,,5457,,,,,,,2592,,,,,,,,,,,,,,5222,,,,,,,,,,,,,,,,,,,6175,,3054,,,,,,,,,,,,,,,,870,2175,,,,7659,,,,,,,,,,,,7164,,,8524,,
,,,,,,,,,,,,3132,,,,,2907,,,,,,,,6247,,,,,4547,,,,,,,,,7978,,,5090,,,,7866,,1269,,,,,,,4590,,,,,,,,,1616,,,,,,,,,,,,,,,,,,,9561,,,2165,,,,,,,,368,,,,,,,,,,,,,,,2511,,,,,9655,2092,9285,,,,,,,,,5087,,9078,,,,,,,,,,,,,,,,,,,,,,,,,,,708,,,,,,8579,,,,,,,,,,,,9115,,,,,,,,,,,,,,,,,,,,,,,,,,,9997,,,,,,,,,,,,,,9725,5176,,,,,,,,7159,,,,,,,,6442,,,,,,,,5560,,,,,,,,,,,,,,7467,,,
,,,,,,,6911,,,8292,,,,,,,,,,,,,,,,,,,,,,872,,,,,,,,,,6103,3681,,8453,,,,,,,2616,,,,,,,,,,,5590,,,,6912,7968,,,,,,,,,,,,,,,,,,,,,6503,,,,,,4567,,,,,,,,,,,,,,,,,,,,,,,,,,4517,,,,,,2630,,,,,,,,,,,,,,,,,,,,,,,9087,,,,,97,,,,,,,,,,,6820,,,,,,,,,,,,5083,,,,,,,,,,,,,,,,,5287,,3590,,,,,,,6708,7739,6047,,,,,1289,,,,,,,,,,,,,,,8132,,,,,,,,,,,,,,,,,,,,,,,,8426,,7657,,,
,,,,,,,2329,,,,,,,,,,,,,,,6609,,,,,,,,,,,,,,,,,,,1702,1120,2679,,,,,,,,,,,,,,,,,,,,,,,,,,,,,,,,,,,,,,,,,,,,,,,,,,,,,,,,,,,,,,,,,,,,,,3678,,3327,,,,,,,,,,,,,,,,,,,,,,,,,,,,,,,,,5440,,,,,,746,,3811,,,,,,,,,,,,,8771,,,,,,5138,,,,,,,,,3705,,,,,,,,,,,,,,,,,,,,,,,,,,,,,,,,,,,,,,,,,,,,,,,,,,,,,,,,,,,5817,186,,,,,,,,,,,
,5894,,,,,,,,,,,,,,,,,6151,,,,,,,,,,,,,,,,,,,,,,9939,,,2754,7919,2212,,,,,,,,,,,,,,,,,,,,,,,,,,,,,,,,,,,,,,,,,,,,,9645,,,,,,,,,,,,1550,5083,,,,8213,,,,,,,,,,,,,,,4764,,,,,,,,,,,,,,,,,,,8171,,,,,2802,,8242,9602,,,,324,,,6818,,,,,,,,,,,,,,,,,,,2710,,,,,5699,,,,,,,,,,,,,,,,,,,,,,,,,,,1933,,,,,,,,,,7418,,,,,,,,,,,6588,,,,,,,,,,,,,,,,,,,,,,,,,,,
,,,,,,,,6912,,,,,,,,,,,,1840,,,,,,,,8661,,,,,,,,,,,,,,,,,,,,,,,4574,,8293,,,,,,,,,8593,,,,,,,9888,,,,,,,,,2362,,8417,,,,,,,,,,,,,,,,,,,9151,,,,,,,,,,1814,,,,,,,,,,,7009,2428,,,7045,,,,,,,,3198,,,,,,,,,,,,,3234,2809,,,,3089,2260,5248,9784,,,,,2257,1815,,,,,,2413,,,,,,,,,,,,,,,,7997,,,,,,9869,6747,,,,,,,,,,3691,,,,,,,7454,,,,,,6243,,,8587,,5262,,,,,,,,,,,7498,,,,,,1103,,,6015,,,,,,,,,,,,,,,,,,,
,,1581,7794,,,,,,,,,,,,,,,,,,,,,,,9764,,,,1869,,,8850,,,,,,,,,,,7108,,,,,,7128,,,918,,,,,,1168,,,,,,,,,,,,,,,,,,,,,,,,,,8632,9067,,,1654,,,,,,,,,,,,,,,,,,,,,,,,,,,,,,,,,,,,9708,,,,,,,,,,6727,,,,,,2252,,,,,,,,,,,,,4517,,,,,,,,,,,,,,,,,,,,,,,3522,,,,,,,,,,,,,,,,,,,,,,,,53,,,,,,,6670,,,,,,,9056,,,8956,,,,,,,7590,9010,,,,7011,,4302,,,5056,,,,,,,3856,,,,,3702,,,,,,,,
,1059,,,,7842,,,,,942,,,,7846,,,,,,3383,,,,,,,,,,,,,,,,,,,,,,,,,,,,5572,,6680,,,7619,,,,,,,,,,,,,,,,,,,,,,,,,4429,7376,4840,6393,,,,,,,2690,,,4813,,,,,,,,,,,,,,,,8374,,,,,,,,,,,,,,3574,,,,,,,,,,,,885,,4983,,,,,,,,,,1627,,,,,,,,,5246,,,,,,,,,,,5436,4032,,,,3055,,,,,,,,,,,,,,8238,906,,,,,,,,426,,,,,,,,,,,,,,,,,,,,,,5155,,1503,,,,,,,,,,,7705,,,,,,,,6123,,,,,,,,,,,,,,,,,,,
,,,,,,,,3487,784,,,,,6886,,,,,,,,,,,5390,,,3252,,,,679,,,,,,,,,1140,,,,,,,,9250,,,,,3916,,,,,,,,,,,,,5625,,,,,,,,,,,1164,,,,,,,,,,,,,,,2737,,,,,,,,,,,,,,,,,,,,,,,,,,,,,,,,,8260,,,36,,,,,,,9069,,,,,,,,,,,,,,,,,,8340,,,,130,,,,,,4229,,,,,,,,,,,,6140,9438,,1535,,,,,,,,,,,,,,,,,,,,,,5035,8189,,,,,,,,,,,,,,,,,,,,,,,8621,,7203,,,,,,,,,,,,,,,,,,,,,,,,,,,,
,,,,,,,,,,,,,,,,2916,,,,,,2051,,,,,,,4786,,,,,,,5194,,,,691,2327,,,,,,,,,,4320,,,,,,,,,,,,,,,,,,,,,,,,,,,,,,,3217,7770,,,,,,,8877,,2626,5882,,,4244,1081,,,,,9303,,,,,,,,1908,,,1812,,,,1387,,,,,,,,,,,,,4126,,6064,,2661,,,,,,,,,,,,,6149,2513,,,,,,,,,,,,,,,,,,5720,3711,,,,,6409,,,,1225,,,,,,,,,,,,,,,,,,,,,,,,,,,,,,173,,,,,4144,,5759,,,,,,,,,,,,,,,,,,,,,,,,,,3058,,,,,,,,,,,,,,,,
,,,,,,,,,,,,7628,,5363,,,,5614,,,,,,,,,,,,,,,,,,,,,,,,2467,,,9160,8921,,,,,,,,,6140,,,,,,,,,4493,,,,401,,,,,,,,,,,,,5388,,,6216,,8423,5057,,,,,,3702,,,,,,,,,,,,,,,,3329,,,,,,,,,6946,,,,,,,,,,,,,,,,6058,,,,,,,,,,9148,,,,,,,,,,,,,,,,,,,,,,,,,,,,,,,,,,,,,,,,6111,,,,3901,,,,,,1959,,,,,,,,,2849,,,,8489,,,4008,,,,,,,,,,,,3392,,,7212,,,,,,,,,,,,,,,256,,,,,,,,,,1140,,,,,
,,,,,,,,,,,5070,,,,,,,,,,9136,,,,,,,,,,,,,,,,2463,,,,,,,,,,,,,,,,,,,,,,,,,,,,,,383,,,,,,1521,,,,,,8969,,,,,,,,,,,,,,,,,,,,,,,,,,,,,,,,,,,,,,,2082,,,,,,,,,3038,,,,,,,,,,,,,,913,,,,,,,,,,,,,,,,,,,,,,,,,,,,,,,,,,,,,,,,,,2132,,4876,1976,467,,,,4663,,,,,,,,,,,,,,,,,,,,,,,,8672,,,,4149,,,,,,,,,3998,,,6441,,2483,,,,,,9503,,,,4887,,,,,,,,,,,,
,,,,,,,,,,,,,,,,,,,,,,,,,,,,,,,,,,,,,,,,,,,,7118,,6338,508,,9151,6247,,,,,,7992,,,,,,,,,,,,,,,,2074,,631,,,,,,,,,9608,6138,,,,8065,,,,,2008,,,,,,,,,,,4370,,,,,,,,,,,,,,,,,,,,,,2014,,7041,,,,,,5928,,,,,,8285,,,,,,,,9597,,,,,,,,,,292,,,6534,,,,,,,,,5498,,,,,,,,,,,6247,,,,,,,,,,,,,,,,,,,,,,,,3975,,,,,,,,,,,,,,,,1534,,,,,,,,,,,,,,,,,,,,,,,,,,,,,,,,,,
,,,,,,,,,5319,,,,,,,6212,,5018,,,,,,,6449,,,,,,,,,6893,,,,8759,,2829,,,,,,,,,,,,,,,,,,,,,,2396,,,,,,6206,,,,,,,,,,,,,,,2370,,,,,,,,,,,,,,,7963,,1136,,,1408,,,,,,,,,,,,,,,,,,,,,,,,,,,,,,,,4759,,,,,,,,,,7240,,,,,,5124,,,,,,,,,,,,,,,,,,,7416,,,,,,,,,,,,8467,,,7584,,,,,,7702,,,,,,,,,,,,,,,,,,,,3372,,,,,,,,,,,,,,,,,5988,,,,,,,9373,,,,,,,45,,,,,,,,7225,,,,,
,,,,,,,,,,,,,,,9880,,,,,,,,,,,3389,,,,,,,,,9703,,,,,,,,,,,,7928,,,,7686,,,5247,,,,25,,,,,,,,,,,,,,,,,,,,2584,,,,,,,,,,,,,,,,,,,,,,,,,,2542,,,,,,9423,,,,,,,,,,,,,,,,,,,,,,,,,,,,,,,6025,,,4105,,,,,,,,,,,,,,,,,,,,,,,,,,,,,,,,,,,,,,,,,,,,,,,2180,,,,,,,,,,325,,,,,,,,,,,,,,,,,,,5468,,,8131,,,1694,,,,,,,,5376,,,4876,503,,,,,,,5784,,,,,,,,,,
,362,,,,,,,,6495,,,,,,,9792,,,,,,,,,,,,,,1698,,,6338,,,,,,,,,,,,,,37,,2029,,,,,,,,,,,,,,,,,,,,,,,,,,,,9887,,,,,,,,,,3604,,,,,,,,,,,,,,,,,,,5325,,2574,,,5320,,,,,,,5670,,,,,,,,,9510,,,,,,,,,,,,,,,,,,,,,,,,,,,,,,,,,,9868,9593,,,,,,,8021,,,,1330,,,,,,,,,,8794,,,,,,,,,,,1469,,,,,,,9399,,,,,,,,,,,,,,,,,,,,,,,,,,,,,4033,,,,,,,8531,1463,,,,,,,,,,,1965,,,,,,
,,,,,,5839,,,,,,,,,9099,,,,7172,,,,,,,,,,,,,,,,,,,,9970,,,,,4155,,,,,,3622,,,,,,,,,,,,,,,,2528,,5918,,,,,4218,,,,,,,,1571,,,,,,452,,5494,,,9542,,,,,,,,,,,,,,966,,6988,,,,,,,,,,,,,,,,,,,,,,,,,,,4480,,,,,,3628,,,7896,,,,,,,,,,,,,,,,,,,,,,,,,,,,333,,,,,,,,679,,,,,,,,,,,,,,,,,,,,,,,,,,,,,,,,,,,,,,,,,,,,,,,,,4118,,,,,4339,,6302,,,,,,,,,,,,,,,,,,,9479
1070,,,,,,,,,,,,,,,9933,,,,5523,,,,,,,,,,,,,,,,,,,,,,,,,,,,,,,,,,,,,,,,,,6867,,,,,,,,4516,,,,,6469,,,,,,,,,,,,,,,7129,,,,,,6283,,,,,,,,,,,,,,,,,,,,1977,,,,,,,,,4303,,,,,,,3672,,,,,,,,,,,,,,,,,,,,,,,483,,,,,,,9997,,,,,,,,,,,,,,,,,,,,,9290,,,,,,,,,,,,,,,,,,,,,9774,,,,,,,,,,,,,,,2938,,,,5026,,,8914,,,,,,,,,,,,,,,,,8374,,,,,,,,,,4420,,,
,,,,,,,,,,,,,,,4477,,,,,,,,,4141,,,,,3507,,,,,,,,,,,,,,,,9785,,,,,,,,,,,,,4975,,,8490,,,,,,,,,,,,,,1196,,2484,,,,,,,,,,,,,,,,,,,,,,,,,,6761,,,853,,,,,,6682,,,,,,,,,,,,,,,,,,,,,,,,,8431,,,,,,,,,,,,,,,,,,,,,6227,,,,,,,,1956,,,,,,,,,,,,,,,,,,,,,,,8394,,,,,,,578,,,,,,,,,,,,,,,,,,,,,5388,,,,,,,,2220,,,,,,,,,,,,,,,,,,,,,,,,,,,5754,1919,,
,,,9881,,,,,,,,,,,551,,,,,,,,,,,6364,,,,,,,,,,,,,3082,,,,,,,,,,,,,,,,,,,,,,,,,,,,,,,,,4791,9330,,,,,,,,,8813,,,6811,,,,9485,,,,,,,,,,,,,,,,,4643,,,5184,,,,,,,,,,,,,,,,,,323,,,1882,,,,,1892,,,,,,8547,,5049,,,,,,,,,,,,,,,,,1621,,,,2070,,,,,,,,7730,,,8166,,,2388,,,,,,,,7418,,,,,,,,,,,,,,,,,,,,,,,,,,,,,,,,,,,,,,,,5416,,,,,,,,,,,,5299,,,,,,,,,2121,,,,1397,,,,,
,,,,,,,,,,,,,,,,,,,,,,,,,4179,,,,,,,,,,,,,3608,,,,,,,,,,,,,,,,,,,,,5400,,,,,,1661,,,,,,4438,,,,,,,,,,,,,,,,,,,,,,,,,,,,,,,,,2699,,,,,,5967,,,,,,,,,,,,,,9699,,,,,,,4348,,,6416,,,,,5632,,,,,,,,,,,1683,,,,,,,,,,,,,,,2052,,,,,,,,,,,,,,9988,7217,7305,2069,,,,,,,,,,,,6174,,,,9420,,,,,,,,,,,,,,,,,,,1009,,,,,,,,,,,,,4539,1889,,9708,,,,,,,,4645,,,,,4976,,,,3755,,,,,
1012,,,,,,,,,,,,,,,7934,,,,,,,1511,437,,,,7203,,,,9187,,6867,,566,,,,,7721,,,,,,,,,,,,,,,,,,,,,,,,,,,7468,,,3212,,,,6412,,,,,,,,,,,,1080,,,,,,,,,991,,,143,7058,,,,,6250,,,,,,,,,,,,643,,,,,,,,,,,,,,,,,,,,5973,,,,,,,,,,,,,,,,,,,7175,348,,,,,6691,,,,,,,,,,,,,,,,,,,,,,,,,,2781,,,,,,,,,,,,,,,,,,,,,,,,,1238,,,,,,,,,,,,,,,,,,,,,,,,,,,,,,,,,9575,,,,,,,,,,
,,,,3091,,3214,,,,,,,4548,,,1455,,,,,,,,,,,,,,,,,,,,,,,,,,,,,,,,,,,,,,3043,,7856,,,,,,,,,,,,2217,,,,9610,,,,,,,,,,,,,,,,5922,1159,6990,,,,,,,1858,,,,7942,,,,,,,,,,,,,,9347,,,,7858,,,,4435,,,,,,,,,,,,,,,5111,,,,,,,,,,,,,,,,,,,1912,,,,5020,,,,,,,,,,,,,,,,,,,,,,,,,,,,,,,,,,,,3213,,,,,,,,,,,,,,,,,,,,,,,7038,,,,,,,,,,,,,,,,,,,,,,2569,,,,,974,,,,,1786,,5913,
,,3154,,,,,,,,,,,,,,,,,,,,,,,,,,,,,,2686,,,,,,,,,2885,,,,,,,,,,,,,,,,7276,,,,,,,,,,,,2456,,,,,,,5935,,,,,,,,,,,9657,,,,,,,468,8952,,,,,148,,,,,,,,,,,,,,,,,,,,,,,,,,,,,,,1386,,,,,,,,3427,,,,,,,,,2337,,,,,,,,,,,,,,,,,,,,,,,,,7216,,,,,,,,,4586,,,,,,,,,,,2177,,,,,,,,,,,9960,2768,,,,8425,,,6694,,,,,,,,,,,,,,,,7173,,4015,,,,6668,,,,,,,,,,,,,,,,,,,,,
6495,,,,,,,,,,,,1240,8910,,,,7730,4198,,,,3287,9067,,,,,,,,,,,,,,,,,,,,,,,,,,,,,,,,,,5878,,,,,,,,,,,,,,,,,,,,,,,,9061,,,,,,,,,,,,,,,3855,,,,,,,8124,,,,,3023,,5483,,,7202,,,,,,,9242,,,,,,,,,,,,,,,,,,,,1009,,,,,,,722,5347,,,5557,,,,8104,,952,,,,,,,,,,,,,,,,2621,,965,,,761,,,,,,,,,,,3113,,,4269,,,,,,,,,,,,,5451,,,,,,,,,,,,,,,,,,,,,,9656,,,,,,1609,,,,,8939,8705,,3047,,,2407,,,,,,,,,5183,8374,
5514,,,,,,,,,,,,,,,1254,,,,,7136,,,,,6232,9441,,,,,,,,,2223,,,,,,,,,493,,,,,,3412,,,,938,,7925,,,,,,,,,,,,,,9771,,,,,,,,,8494,,,5813,,,,,,,,,,,,,7656,,,,9537,,,,,,,,,,,,8097,,,,,,,,,9151,,,,6777,,3433,,,,,,,,,,,,,,,,,,,,,,2105,,,,,,,,1583,,,,,,,,,,,,,,,,8717,8786,,,8285,,,,,8806,,,5316,,,,,,,,,,,7654,,,,2705,8436,,1608,,,,,,,,,,,,,,8815,,,,,,,,,,,,,,,,,,,,,,7540,,,,,,,,,,,,,,,,,
,,,,,,,,,,,,,,,,,,,,,,,,,,,,,,,5204,,,,,,,7997,,603,,,,,,,,,,,,,,,,,,,1118,,,,,,,,,3577,733,8225,,,,,,,,,,8651,,,,4993,,,,,,,,,,,,,,,,,,,,,,,,,,,,,,,4468,,,,2195,2472,,,,,,,,,,,,,1076,,,,,,,,,,,,8987,528,,,,,,,,,,,,,,,,,,,,,,,,,,,,,,,,,,,,,,,,,,,,,,,,,,,,,,,,,,,,,,,,3143,,,,,,,,,2711,2921,,,,,,,,8018,,,,2483,,,,,,,,,,4019,,,,,,,,,,,,,
4174,,,,,8495,,,,,6678,,,,8392,,,,,,,,,,,,9225,,,,,3874,,,,,,,,,,,,,,,,,,,,,,,,,,8255,,9312,,,,,,,,2834,,,,,,,,,,,,1644,,8806,,,,,,,8204,,,,,,,,,,,,,,,,,,,,,,,,,,,,,,,,,,,,,,,,,,,1631,,6900,,,,,177,,,3008,,,,,,,,,,8311,,,,,,,2396,,8521,,,,,6126,,,,,,,,,,,,,8657,,,1946,,,,,3789,,,,,,,,,,,,6253,,3601,,,,,1649,,,,,,,,,,,,,,,9476,,,,,,,,,,522,,,,,,,,,,,,,,,,,3133,,,,,,,,
,,6499,,,,,,,,2091,,2342,,,,,,,,,,,,,,,,,,,,,,,,,,,,,,8458,,1399,,,6139,,9316,,,,,,,,,,,,,3394,,,,7511,,,,,307,,,,9743,,,,,,,,,,,,,,8534,,,,,,,,,,,,4488,,3516,,,,,,,,,3626,,,,,,,,,,,265,,,,9374,,,,,,,6826,,,,,,,,,6017,,,3530,,,,6286,,,,,,,,6196,,,,,8358,,,,,,,4389,,,,,,,,,,,,,9598,,,,,,4216,,,,,,,,,,,,,,,,8568,,,,,,,,,,,,,4696,,,,,,5715,,9039,6021,,,2106,,,8331,,,,,,,,9818,,,,,,,,,,,,,,
,,,,,6452,,,,,,,,,,,,,,,,,,,,,,,,,,,,,,,,,,,,,,,6675,,,,,,,7635,,,4018,,,,,,,,,2577,,,,,,,,,478,,,,,,,,,,,,,,,,,,,,,,5130,,,,,8023,,,,,,,4068,,,,,,,,,,,,,,,5021,,,,,,,,,,,,,,,,,6414,6112,,,,,,,,,,,,,,,,,,,,,3495,,,,5965,8172,3678,,,,,,,,,,,,,,,,,,,,410,,,,,60,,,,,211,771,,488,,,,,,,,,,,,,,,,,,,,,,,,8963,,3616,1156,,,,,,,,456,,,,,,,,3798,,,,,,,9530,,,2097,,,
,,,,,,,,,,,,,,,6767,,,,,,,,,,,,,,,,,,,,3044,,,,,,,,,,,,,,,,3200,2706,,,,,,,,,,,,,,7124,,,,,,,,,,,,,,,2633,,,,,,,,,,,,,,,,,,,,1050,,,,,3465,6932,,,,,,,,,,,,6795,,,2377,,101,,,,,,,,7713,,,,,,,,,,,7348,,,7865,,9308,,,7624,,,,,,,,6162,,,,,,366,757,,,,,,,,,,,,1841,,,,,,,,,,,,,,6361,,3080,,3532,,1277,,,,,,,,,,,,,,221,,5444,5905,,,,,,,5095,,,,,,,,,,,,,,,1588,,,,,,,,,,,,,,,,,1768,
,,,,2803,,,,,,6188,,6082,,,,,,,,,,,,2696,,,,,3541,,,1314,,,,,,,1526,,,,5825,,,,,,3897,9625,,,,,,,,,,,,,,,,,,,,,9153,,,,,,,,,,,,,3925,1880,,,,,,,,7948,,,,,,,7225,,,,,,,,,,,,,,,,,,,,,,,,9135,,,,,,,,,,,,,,,,,,,,,,,,,,,,,,,,,,,,,,,,,,,,141,,,5812,,8978,,,,,2539,,2632,,,,,,,,,,7208,,,,6346,,,,,,,,,,,,,,,9685,,,8624,,,,,,,,3886,,,,,,,,,,,6021,,,,4273,,,,3039,,8500,,,9450,,,,,,7311,,,,,4763
,,3352,,,,,,,,,,,,,,,,,,,,,,,,,,,,,,,,,,,,,6983,,,,,,,,,,1733,5722,,,,,,,,,,,,,,,,,,,4248,,,,,,,,,,,,,,,,,,,,,,,,,,,,,,,,,,,,,,,,,,,,,,,,,,,,,,,,,,,3897,9416,,5494,,,,,,,,6661,,,,,,,,,,,,,,,,,,,,,2241,,,,,,1349,8766,,,,,,,,,,3869,,2961,,,,,,,,,9501,,,,,,,,,,,,,,,,5846,,,,,,,,,,,,,,,6613,,,,,,,,,,,,,,,,,,,,,,,,,,,,,,,,,,,,
,,,,,,,,,,,5250,,,,310,,,,,,3873,,761,6623,,,,,,,,,,,,,1651,,,,,,,,,,,,,2894,,,,,5327,511,,,1578,,,,,,,,,721,,,,,,,,,,1644,,,,,,,,,,,,,,,,,,,,,,,,,,,,,,,,,4067,7036,,,,3951,,697,,,,,,,,,,,,,,,,,,,,4391,3299,,,,,,,,,,,,,,,,,,,,,,,,,,6423,,,,,,,,,,,,,,,,,,,,,,,,,,,,5470,,,,,,3470,,,,,,,,,,,,,,,,,,,3586,,,,,,,,,5117,,,,,,,,,,,,,,,3615,,,,5078,,,7457,,,,,7542,
,,,,,,,,,,,4826,,,8616,,,9033,,,,,,,,,,,,,,,,,4510,,,,,,,,,,,,5877,,,,,,1127,,,,9944,,,,901,,,,,,,,3426,,,,,,9565,,,,,,1873,,,,,,,,,,,,,,,,2779,,,,,,,,,,8392,,,,5008,,,,5524,,,,,,,,,,2916,,,,,,,,,6636,,,7768,,,,,3314,,,,,,,9515,,7340,,,,,,,7184,,,,,,,,,4525,,,,9234,9006,,3060,,,,6848,,,,,,,,,,3595,,,,,,,,,,,,,5570,,,,,,,,,,,,,7103,,4709,,,,,,6979,,,,,3382,4352,,,,5359,,8073,,,,,,,,,,2520,3582,,,,,,,,,,,
,,,,,,,6116,,,,,1609,,,,,,1626,,,,,,,,,5658,,,5776,,,,8148,,,,,,,,,,,,,,,,3241,,,,,,,,,,7433,,,,,,,,,,,,,,5386,,2583,,,,,,,,,9294,7525,,,,,,,,5594,,,,,,,,,,,,,,,,9599,,,,,,,,,,,,,,,,,,,,,,,,,748,,,,,,,,,4689,,,,,,,,,,,,,,,,,,,,,,,2554,,360,,,,,,,,1396,,,,8934,,,6373,,,,,,,,,,,,,,,,,,,,,,,,,,,,,,,,,,,,5524,,,,,,,,,,,,,,,,,,,,,526,,,,,,,,,,,,,,8753
,,,,,,,4590,,,,,,,,,,,,,,,,,,,,5166,,,,,,,,,,1572,,6242,,,,,,,,,,,,,,,,,,,,,,,,,,,6259,,,,,,,,,,,7397,,,,,,,,,,,,,,,,,4993,,,,,,7371,,,,,,,70,,,,,,,,,,,,,,,,,,,,,,,,,,,,,,,,,6565,,,,,,,,,,,,,,,,,,4576,,,,,,,,,,,,,,,,,,,,,,,,,,,,,,,,,,,,,,,,,,,,,,,,,,,,,25,5721,,,,,,,,,7821,,,,,,,,3528,,,,2628,,,,,,,,,,,,,,,,9168,,,,,,
,,,,5531,,,,,,,,,,6016,,,,,,,,,,,,,,,,,2818,,,,,,4001,,,,,,3777,,,,,,,,,,,,,,,,,6564,,,,,,4578,,,,,,,,,,,4070,,,8332,,,,,,,,,,,,,3816,,,,,,,,,,,,,,,,,4034,4761,,,,,,,,,,,,,,,,8095,,,,,,,,,,,,5505,,,,,,,,,8522,,,,,,,,,,9232,,,,,,,,,,,,,,,,2549,,,,5399,,,,,,,,332,,,,,,,,,,,,,,,,,,,,5712,,,,,,,,,,,,,,,,,,,,,,,8641,,,,,,,,,4546,,,7204,,,,,,,,,,,,,,
5658,,,,,,,,,,,,,,6396,,,,,,,,,,,,,8877,,,,,,,,,,7711,,,,,,,,,,6441,,,,9280,,,,,5466,,,,,,,,,,,,,,,,,,,,,,,8180,,,,,,6801,,,,,4574,,,,,,,,5886,,,,,,,,,,5623,,,,,,,,,,,,,,965,,,,,,3713,,,,,,,,,,,,,,,,,653,,,,,,,,,,,1824,,,,,,,,,,,,,2616,,,,,,9559,,,,,,,,,,,,,,,,,,,,,,,,,,,8109,,,,,,,,,,,,,,,,,,,,,,,,5333,,6222,,,,,,,,,,,2937,,,,,,,,,,,,,,,,
,,,,,,,,,,,,,,2506,,,,7062,,,8165,,,,,,,,,,,,1366,,,,,,,,,,,,,,,,,,,,,,,,2070,,,,,,,,,,,,,,8359,,,,,,,,,,,,,,,,,,,,,,,,,,2948,,8635,,,,,,,5689,,,,,,,,,,,,,,,,,,,,8409,,,,,,,,,,,,,,3412,,,5561,,,,,,,,,,8375,,,,,,,,,,,2679,,,,,,6654,,,9101,,,,,,,8918,,,7246,,,,,,,,,,,,,,,,,,,,,9112,,,,,,,,,,,,,,,,3136,,,,1120,,,,5296,,,,,,,,,,,,,,,,3042,,,,,,,,753,,,
,2872,5747,,,,,,3436,,9820,,6023,,,,,,,5118,3580,,,,,,,,,,,,,,7719,,2912,,,,,8301,,,,,,,,,,,,,,,,,,,,,,,,1161,,8520,,591,6330,,,,9056,,,,,,,,,,,,,,9363,,,,,,,,,,,,,,3711,,,,,,,,4482,,,,,,,,,,,,,,2104,,,,5260,,,,,3124,,,,,,,,,,,,26,,,,,,,,,,,,,,,,,,,,,,,,,1404,,,,,,,,,,,,,,,,6576,,,,,,,,,,,,,,,,5170,,,,,,,,,,,,,,,,,,,6932,,,,,,,,,,,2461,,665,,,,,,,,6940,,,,,,,,,,,,,
,,,,,,,,,,,,,,,,,7186,,,,,,377,,,,,,,,,,,,9308,4150,,,,,,,,,,,,,,,,,,,2189,,,4576,,,,,,,,,,6962,,,,,,,,,,6783,,,,,5517,,,,,,,,,446,,4061,,,,,,,,,6595,,,8823,,,9115,,,,,6383,,919,,,,,,,,,,,,,,,,,,,,,,1916,5040,,,,,,,,,,,,,,4545,,,,,,,,,,,,,,,1096,,,,,,,9931,,,,,,,,8999,,,,,,,,9272,,,,,4844,,,,,,,,,6327,,,,,,,,,,,3158,,,,,25,,,,,,,,,,,,,,,,,,,,,,,,,,,,,,,,,,
,,,,,,,,,,,,,4953,,,,,8875,,,,,,8268,,,3290,,,,,,7256,,7391,,,,,,,,9846,,,,,,,,,,,5100,,2829,1097,5599,,,,,,,,,,,,,,,,,,,,,,,,,5120,,,,,,,,,7391,,,,,,,,,,,5798,,,,2460,,,,,,,,,,,,,,,,,2234,,,,,,,,,,,,,9465,,,,,,45,,,,,,,4434,,,,,,,,,,,,,,,,,,,,,,,,3864,,,,,,5501,,,,,,,,,,,,,,,,,,,,,,,,,,,3196,,,,,,,,,,,,,,,,,,,,,,,,,,8698,,,,,,9682,,,,,,,,,,,,,,,,
,,,,,,,,,,,3331,,,,,,2674,,9862,,,,2497,,,,,,,,,,,,,,,,,,,,,854,,,,971,,,,,,,,2279,,,,,,,,,,,,,,,,,,,,,,,,,,,,,,,,,,,,,,,,6914,,,,,,,,,,,,,5407,,9410,,,,,3520,,,,,,280,,,,1506,,,,,,,,,,,,,,,,,,,,,,,,,,,,,,,,,5466,,,,,,,,,,,,,,,,,,,,,,,,,,,,,,,,,,,,,,,,,,,,,,,,,,,,,,,,,876,,,,,,,9626,,,,,,,,,,,,,3705,,,,,,,,,,,,,,,,,4693,,
,,42,9695,,,,,7096,9235,,,,,,,,,,,,,,,4304,,,,,,,,,,,,,,,6594,,9326,,,,,,,4941,,,,,,,,,,,6638,7711,,,,,,,,,,,,,,,,,,,,,,225,,,,,,,,8710,,,,,,,,,,1079,,,,,,,3713,,,,,,,,,,,,,980,,,,,,,,,,,,,,,,,,,,,,,,,,,,,,,,,,,,,,,,,,,,,,,,,,4776,,,,,,,,,,,,,,,,,,,,,6587,,,,,,,,,,,,,4224,,,,,2458,,,,9990,,,,,,,,,,,,,,,,,,,,,,,8342,,,8929,5240,,,,,,,,,,,,6951,,,
1877,,,2991,,,5119,,,,,,,7595,,,,,,,7844,,,,,8625,,,,3735,,1486,,,,,,,,,6971,,,,,,,,4577,,,,,,,,,,,,,,,,,,,,,,,,,,,,5344,,,,,,,,,,,579,,,,,,,,,,8510,,,,,,,,,,,6428,,,,,,,,,,,,,,,,,,,,,,,,,,,,,,,,,,,,,,,,,,,,,,8832,,,,,,,,,2731,,,,,,,,,,,,,,,,,,,,,,,,,,,,,,,,,,,,,,,1544,,,,,,,,1239,,,,,,,,,,,,,,,7549,,,,,,,,,,,,,228,3164,,1952,,,,4209,,,,,,,,,,
,,,,,,5328,,,,,,,,,4838,9079,7671,,,,,,,,,,1583,,,,,,,,,,,,,,,,,,,,,,,,,,4713,,3380,,,,,,,1943,,,,,,,,,,,,,,,,,,,,,,,,,,,,,957,,,,,1643,,,,,,,1736,,,,,,,,583,,5914,,,3968,,,,,,,,,,,,,,,,,,,,,,,,,,,,,,,,,,,1076,,,,,,,,,,,,,,,,,,,,,,,,,,,,474,5211,,,,,,,,,,,,,,9275,,,,,,,,,,,,1218,,,,,,,,,,,,,,,,,,,,,7165,,,,,,,,,,,,,,8234,,9743,,,,,,,,,,,,
,,,,476,,,,,,,,,,,,,,,,,,,,,,,,1325,,,5805,,7032,,,,,,,,,,,,,,,,,,,,5675,,,,,,,2872,,,,,,7169,,,,,3989,,,,,,,1437,,,5914,,,,,,,8836,,,,,,,,,,,791,,,,,,,,,,,,,,,2692,,601,,,,,,,,,1418,5791,,,,,,6757,,,,,,,,,,,,,,,,,,,,,,,,,,,,,,,,,,,,,,,,,,,,,,,,,,,,,,,,,,,4288,,,,,,,,,,,,,,,,,,,,1508,,,,,,,,,4006,,3289,5762,,,,,,,,,,,,,,,,,,,,6617,,,,,8896,,,,3622,3100,,
,,,,,,,,,9145,,,,,,,,,,,314,,,,,,,,,,,,,,,9332,,5291,2798,,,7862,,,,,,,,,,,,1670,,,,,,,,,,,,,,,,,,,,,,,,,,,1318,,,,,,,,,,,,,9849,,,,,,,,,,,,,,5499,,,,,,,,,,,5696,,,,,,3633,,,,,7670,,,,,,,,,7739,2538,,,,,,,,,,,,,,,,,,,,,,,,,,,,,,,,,,,,,,,,,4551,,,,,,,,,,,,,,,,,,,,,,,,,1210,,,,,,,,,,,,,,,,,,,,,,,7317,,3752,5859,,,,,,9553,,,,,,,,,9020,,,,,,5444,,,
,,,,8918,,,,9904,,,9921,,,,,,,,,,,5102,,,,,,,,,,,,,,,,,,,,,,,,,1808,,,,,,,,2202,,2746,2612,,,,,,1178,,,,,,,,,,,,,,,,,,,,,,,,,,,,,7155,,,,,,,,,,,,,,,,,,,,,7130,,,,,,,,,,1126,,,,,5592,,,,,,,,,,,,,,,,,,,,,,,,769,,,3528,,5761,,,,,,,,,,,,7422,,,,,,,,,,,,,,,7950,,,,,,,,,,,,,,6376,,,3357,,,,,,,2372,,,,,,,,,,,,,,3571,,,,,535,,5312,,,,,,,,,,9072,5603,,,,,,,,1893,,5765,,,1185,
,,347,,,,,,,,,,,,,,,,,,,,,,7362,,,,,1601,,,4690,,,,,,,,,,,5158,,,,,,7068,,,,,,,8073,,,,,,,,,,,,,,,6518,,,,,,,,,6877,8181,,,,,,,,,,,,,1681,,,,,,,6049,,,,,2271,9543,,6594,,,,4196,,,,,,7780,,4020,,,,,,,,,6020,,,,,,,,,,,,,,,,,,,,,,,,,,,,,,,,,,,,,,,,,,,,,,,,,,,,,,,,,,,,,,,,,,,,7237,,6789,,,2082,,,,,,,,,,,,,,5168,,,,6364,,,,,,1251,2214,,195,,,,,1482,,,,,,,,,,,,,,,5321,5823,,,,
,,,,,1588,,,,,,2120,,,,,,,,,,,,,,,,,,,,,,,,,,,,,,,,,,,,,,,4946,,,,,,,,3826,,,,,,,,,,,,,,,,,,,,,,,,,,,,,,,,,,,,,,,,,,402,,,,,,,,,,,,,,,228,,,,,,,,7165,,,,,,,,,,,,,,,,,,,,,7737,8140,,5709,,,,,,,,1932,,1591,,,,,,,,,626,,,,,,,,,5869,,,,,9423,,,,,,,,,,,,,,,,,,,,,,,,,875,1010,,,,,,,,,,,,,,,6809,,,,4303,,,,,,,,,,,,,1072,,,6567,,,,7368,,,,,,6074,4488,,,
,,,,,,,,,,,,,,,,,,,,,,,,,,,,,,,,,,,,,,,,,,,,,,,,,,,,,,,,,,,,,,,,,,,,,,,,,,,,,,,,,,,,4582,,,,,,,,8862,,,,,,,,,,,,,,,4797,,,,,,,,,,,,,,,,,,,,,2509,,,,,,,,,,,,,,,,,,,,,,,,,,,,,,,,4801,5642,,,,,,,,,,,,,,,,,,,,,5386,,,,,,,,,,,,,,,,,,,,,,,,,,,,,,,,1258,,,,,,,,,,,,,,,,,,,,,,,,,,,9830,,,,,,,,,,,,,,
,,,,,,,,,,,,,,,,,,,,4988,,,,,,,,,4213,,,,,,,,,,6494,,,,,,,7082,,,,,,,,,,,,,,,,,8839,,,,,,,,,,,,,,,,,,4349,,6778,,,,,,,,,,,,,,,,,,,,,3962,,,,,,,,,,,,,,,,,3028,,,,,,,,,,96,9984,,,,,,,,,,,,,,,,,,,,,,,,,,,,,,,,,,,,2383,4717,,,,,,,,,,,,,,,,,,,,,,,,,,,,,,,,,,,,,,,,1830,,,,,,8907,,,,,,,2021,,,,,4997,,,,,,,,,,,,,,,1347,,,,7615,,,,,,,,,
,,,,,,,,,,,,,,5789,,,,,,,,,,,,,,,,,,,,,,,,,,,,,,,,7706,7056,,,,1536,,,,,,,3837,,,,,,,6688,,,,,,,,,,,,,,,,,,,,,,,,,,,,,1636,,,,2604,,,,,,,,,,,,902,,,6680,9662,,,,,,,,,,,,,,,,4584,,,,,,,,,,,3109,,,,9871,,,,,,2664,,,,7305,,,4574,,,,,,,,8466,,,,,,,,,,,,8758,,,1823,,,,,,,,,,,,,,2867,,,,,,,,,,,,,,,,,,,,,,,165,6926,,,,,,,,,,,,,,,,,,2599,,,,,,,,,,1636,2509,1436,,,,,,
,,2982,,,,,,,,,3688,1441,,,,,,,9799,,,9269,,,,,,,,,,9141,7376,,,,,,,,,,,,4121,4977,,,,,,,,,,,8677,,,,,,,,,2527,,,,,,,,,,,,,,,,,,,6425,,,,,,,,,4929,,,,,,,,,7513,,,,,,,,,,,,,,,,,,,,,,,,7237,,,,,,,,,,,,,,,,,,,,,6949,,7534,,,,,,,,,,,,,,,,,,5921,,,,2543,,5094,9918,8672,,,,,,,,,,,,,,,,,,,,,,,,,,,,,,,,,3295,,,,,,,,4792,,,,,,,,,616,,,,,,,4012,,,,,,,,,,,,,8401,,,,768,,,,,
,,,,4287,,2210,,,,,,,,,,,,787,,,,,,,,,,,,,,,,,,,,,,,,,,,,,,,,,3154,,,,,,,7445,,,,,,,,,,,,141,,,,,,3410,,,,3596,,,7534,,,,7942,,,,,,180,,9125,,,,,,,,,,,,,,,,,,,,,,,,,,,,,,,,,,6367,,3144,,,,8712,,,,,4523,1964,,,,,,,,,,4289,,,,,,,,,,,,7299,,,,,,,,,,,,,,,,,,,,,,,,,7575,,,,,,,9784,,,,,,,,,,,,,,,,,,1910,,,,,,,,,7624,,,,,,,,,,,,,,,,,,,,,,,,,,,,,,,,,
,,,,,7802,,,,,,,,,,,,,,,,,,,,,,,3957,,,,,,2448,,,,,,,,,4592,,,,,,,,,,,,,,,,,,,,,,,,,,,,,3929,,,3050,,,,,,,,,,,,,2753,,,,,,5787,,,,9613,,,,,,,,,,,,,,,,,,,,,7110,,,,,,,,,,,,,,,,8411,,,,,,,,,,,,,,,,,,,,,,,,,,,,,,,,,,,,,,,,,,176,,,,798,,,,,,,,,,,,,,,,22,8205,,,,8349,,,,,,,,,,,,,,,,,,,,,,,,,,,3931,,,,,,,,,,,,,,,,,2119,,,,,,,,,
,,,,,,,,,,,,,,,3407,,,,,,,,,619,,,,,,,1515,,,2924,,,,916,,,,,,3412,,,6703,,,6812,,,,,,1461,,,,,,,,,4718,,,,,,8805,,,,,,,,,,,,,,1204,,,,,,,,,,,,,,,,,,,,,,,,,,,,,,,,,,,,,,,,,,,,,,,,,,,,,,6979,1384,,,,,,,,,,,9085,,,,,,,,,,,,,,,,,,,,,,,,,9556,,,,5884,,,3146,,,,,,,,5467,2522,,,,,,,,,,,,,,,,,,,,,,,,,,,,,,,7122,,,,,,,,8592,,,,,,,,,,9424,,,,,3136,3005,,,,,,,,
,,,,,,,,,,,,,,,,,,2290,,,,,,,1751,,,,,,,,1767,,,,7415,,,,,,,,,3550,,,,,,,,,,,,,,,3442,,,,,,,,,,,39,9576,,,,9814,,,,,,,,,,,,,,,,2342,,,,,,,,,,,,,,,,,,,,,,,,,,,,,,,,,2977,2055,,,,,,,,9416,,,,,,7974,,,,,,2744,,,,,,,,5682,,,,,,,,,,,,,3740,,4377,,1158,6159,,,,,,,,,,,,,,,,,3435,,,,,,,,,,,,,,,,,,8481,,4558,,,,,,,,,,,,,,,,,,8926,189,,,,,,,,,,,,,6306,,,,,,,,,,,,,
,,,,,,433,,,,,,,,,,,,,,,,,,,,,,,,,,,,,,,,5559,,,,,,,,5416,,,,,9802,,,,,,6972,,,,7486,,,,,9080,7343,,,,,,,,,,,,,,,,,,,,,,,,,,,,,6830,,7707,,,,,,,,7168,,,,,,6522,,,,,,,,9046,5087,,,,,,,,,,,,,,,,,,1196,,,,,,,,,,,,,,,,3575,,,,,,,,,,,,,,,,,,,,,,,,891,,,,,,,,,,,,,,,,,,5592,,,,3127,,,,,,,,,7202,,,,,,,,,,3881,,,,,,,,,,,,1850,,,,,,,,,,,,,,4806,,,,2165,,,,,
,,2296,,,,,,,,,,,,,,,,,,,,,,,,2970,,,,,,,,,,,,,,,,,,,,,,,,,,,,,,,,,,,,,,,,,,,8536,,,,,,,,8700,,,7798,,,,,,9244,,,,,,1551,,,,,,,,,,,4406,,,,,,,,,,,,,,2499,,,,9110,,,,,1574,,,,,,6325,9574,,,,,,,,,,9875,,,,,,1969,,,5109,,,,,,,,,,,,9000,,,,,,,,,5282,,,1226,,,,,,,,,,,,,,,,9072,,7608,,,,,,,,,,,,,,,,,5607,,,,,,,,,,,,,,213,,,,,,,,,,,,,,3591,,,,,,3226,9036,,,,5698,8989,,,,
,2662,5072,,,,,,,,,,,,,,,,,,,,,,,,,,,,,,,,,,3081,,,,,,,,,,,,,,,,8938,,,,,,,,,2527,,,,,,,,,,,,8352,,,,9890,,7386,,,9203,,,,,,,,,,,,,,,,,,,3771,752,,,,,,,,,,,,,,,9863,,,,,,,,,,,,,,,,,,,,,,,,,,,,,,,6010,,,,,,,,,,,5831,,,,,,,,,,,,,,,,,,,1949,,,,,,,,,,,,,,,,,,,,,,,,,4779,,5681,,716,,,6639,,,,,,,,,,,1816,,,1341,,,,,,,8636,,,,,,189,,,,,,,,,,,,,,,,,,411
,,,,,,,,,,,,,,,,,,,,,,,9836,,,,,,,,,,,,,,,,,,,,,,,,,,,,,,,,,,,,,,,,1893,,,,6198,,,,5913,,,,,,,,,,,7765,,,,,,,,,,,,,,3981,,,,,,,,,8270,,666,,,,,,,,,,,,,,,,,,,,,,,,4599,,,,,,,,,,,,,,,,,,,,,,,,1893,,,,,,,,9165,,,,,,,,645,,,,,,,6312,,,,,,8170,,8553,,,,,,,,,,,,,,,,,,,,,,9100,,,,,,,,564,,,,,,,,,,,,1769,,,6856,,,,,,,,,,5968,,,,,,,,,,,,,,
,,,,,,,,,,9394,,,9831,,,,,,,,,,,,,,,,,,,,,,,6544,,,,,,,,,,,,,,,,9129,,,,,6058,,,,,2198,,,,,1860,,,,,3216,,,875,7222,,,,,,,,,,,,,,,,,,,,,,,,,,9460,,,,,9653,,,,,,,,,,,,,,,,,,,7819,,,,,,,,,,,,,,,,,,,,,,,,,,,,2070,,,,,,,,,,,,,,,,,,,,,7611,,4559,,,,,,,,,7551,,6337,,,,,7480,,,,4992,,,,,,,,,,,,,,,,,,,,,,,,,8070,,,,,,,,,,,5427,,,,,,,,,1209,,,,,,9374,,,,,,,
,,,3952,,,,,,,,2793,,,8192,,,,8246,,,,,,,,,,9719,,,,,,,,,,,,,,,1981,,,,9175,,,,7376,,,,,,,,881,,,,,,,,,,,,,,,,5727,,4593,,5962,,,,,,,,,,,,,,,,,,,,7650,,,,,,,,,,,8501,,9477,,,,,,,,,,,,,,,,,,,,,,,,,3847,,,,2652,,,,,,,7798,,,,,2099,,,,,,,,,,,,,,,,,6249,,,,,,,,,,,2430,,,,,,,,,,,,,,,,,,,198,,,,,,5136,3752,,,,3422,,,,,,,,,5712,,,,,,,,,,,,,,,,,,4823,,,,,,,,,,2997,,,,,,,
,,,,,,,,,1260,,,,,,,,,,3881,2044,,,,,,,,,,,,,2451,,,,,,,,,,,,,,,2168,4997,,5465,,,3914,,,,,,,,,,,,,,,,,,,8158,,,,,,,,,,,,,,,,,,2613,,,,,,,,,,,,,,,,,,,9162,,,,5912,,,,4991,,,,,,,,,,,,7869,,,,,,,,,,,9238,,,,,,,,,,1349,,5869,9000,,,,,,3862,,,,,,,,,,,,,,,,,9632,,,2353,5220,,,,,,,,,,,,,,7981,,,5874,,,,7621,,,,,,,,,,,,,4295,646,,,9924,,,6298,,,5886,,,,,,,,,,,,,,,,5063,,,,,,,,,,,,3837,,
5787,,,,,,,,,,,,,,,,,,,,7225,,,,,,,,,403,,1662,,,,,,,,,,,,3254,7241,,,,,,,,,,,,,,,,,,,,,,,4303,4491,,,,,,,8968,,,2652,,,,,,,,,,,,,,,,,,,,5067,,,,,,,,,,,,,,,,6753,5920,,,,,,,,,,4600,,,,,,,,,,,,,,,,,,,8396,,,2296,,,,,,,,,,,,,,599,1714,,,,,,,,138,,,,,5936,,,,,,,,,5357,,,,,,,,,,,,,,,,,7931,,,,,,,1370,6656,,6744,5764,,,,,,,,,,,,,,,,,,,,,,,,,,,9409,,,,,,,,,,,,,,,7677,
8048,,,,,9648,,,,,9901,4275,,,,,,,3431,,,,,,,,,,,,,,,,,,,,,,,,,,,,7630,,,,,,9509,,,,,,,,,,,1331,,,,,,,,,,9044,,,,,,,,,,,,,,,,,,,,,,,,,,,,,,,5659,,,,,,313,,,,,,,,,,,,,,,,,,,,,,,,,,,8615,,,,,,,,,,,7062,,,9193,,1544,,,,,9666,,,,,,2307,,,,,,,,,,,6596,950,,,,,,,,,,,,,,,,,,3951,,,,,,,,,,,,,,,,,,,,,,,,,,,,,7653,,,,,,,,,,,,,,,,,,,,,,,,5258,,,,,,,,
6149,,,,,,,6309,,,,,,,,,,,,,7640,,,,,,,,,,,,,,,,,,,2451,,,,,,,,713,,,,,,,,,,,,,,,,,,,,,,,,,,,,,,,,,2161,,,,9652,300,,,,,,,,,,,,,,,,,,,,2250,,2212,,,,,,,,,,,,,,,,,,,,,,,,,6879,,,,,,,,,,,,,,5430,,,,,,,,,,,,7873,,,,,,,,1437,,,,,6638,2084,,,,,,,,,,,,,,7494,,,,,,,,,,,,,,,,,,,,,,,,8188,,,,,,,,,,,,,,,,,,,,,,,,,,,,7751,,,,,,,2680,7399,,,,,,,,,
,,,,885,,,6878,,,,,,,,,,,,,,,,,,,,,9985,,,,,,,8519,,,,2313,,,,,,,,,6488,,,,,,,,,,9313,,,,,,7079,,,,,,,,,,,,,,,,,,,2324,,,,,,,,,74,,,,6954,,,,,,,,,,,,,,,,5975,,1442,206,,,,,,,,,,,,,,6178,,,,,,,,,,,,5675,,,,3521,,,,,5124,,,,,716,,,,,,,,,,,,,,,,,,,,,,,,,,,,,5804,,,4950,,,,,,,,,,,,,,,,,,3733,,,,,,,,,,2195,,,,565,,,,,,,,,,,,,,,,,,5093,,,,1075,6137,,,2701,,,663,,,,9079,,,
,,,,,,,,,,,,,,,,3728,,,,,,,,,,,,,2157,,,,,,,,,9168,,7900,,5204,,6265,,,,,,,,,,,,,,,,,,,,,,,,,,,,,3699,,,9250,5523,2657,2946,,,,,,,,,,,,,,,,,548,,,,,,,,,,,,,,,,,,,,,6722,2457,,,,,,,,,,,,,,,,,5001,,,,,,,,,,,,,,,8841,,,,,,,,6986,,,,,,,,,,,,,,,,,,,,5078,,,,,,,,,,,,,9113,,,,,,,3158,,,6612,,,,,,,,,4150,,,5922,,,,,,,,,,,,,,,,,,,,,,,5951,,,,,,4935,,,,,,,,,,,,,
9290,,9558,2170,,,,,,,,,,,,,,,,,9753,,,,,,,,,,5806,,,,,,,,,,,,,,,,,,,,,,,,4045,,,,9753,,,,,,,,,,,,,6458,,,,,,,,,,,,,,,,4631,,,,,,,,1308,,,,,,,,,,,,,,,,,1517,,1221,3151,,,7265,,,,,,,7788,,,,,,,,,,4305,,,,,,,7694,,,,7776,,,,,8781,,,4297,,,,,,,,,,8749,,,,,,,,,,,,,,8477,,,,,,,,,,,,,,8555,,,,,,,,,,,,5177,,,,2876,,,,,3954,,,,,9218,,,,,,,,,,,,,,,,,9145,,,,,,,,,,,,,,,,7003,,,,
,,,,,,,,3571,,6950,,,,,,,,,,,,,,,,,,,,,,,,,1031,,,,,,,,,,,,,,,2002,,,,,,7664,,,,,,,,,,,,,,,,,,,2104,,,,,,,,,,,,,,,,,,,,,,,,,1935,,,,,,,,,,,,,,,,,,,,,,,,,,,7623,,,,,,,,,,,,,,,9195,7032,,,,,,,,,,,,,,646,,1320,,,,1547,8368,,,5047,,,,,1268,,,,,,7055,,,,,,,,5905,,,996,,4857,,,,,,,,,,,,,,,,,,,,6671,,,,,,2098,,,,4135,,,,,,,,,,,,,,,,,,,,,,,,,,,,8324,,,,,,
,,1146,,,,,,,9727,,2806,,,,,,,,,,,,,,,7915,,,,,,,,,,9203,,,,,,,,,,,,,,,,669,,,,,,,,,,,,,,,,,,,,,,,,,,,,9328,,,,,,,3070,,,,,,,,,,,,,,,,,,6487,,,,,,,,,,,,,,,,,,,1410,,,,,,,,5469,,,,,6745,,,,,,,,,,,,,,,,,,,,,,8705,,,,,,,,,,,,,,,,5595,,,,,,1027,,,,,,9917,,,,,,,,6424,,,,,,,,,,,,,,,,,,,,,,,7022,,,,,,,,,,,,,,,,,,,,,,,,,,,,,,,,,4597,,,,
,,,,,,,,8362,,,8977,,,,1054,,,,,,,,,,,,1336,,,,,,4550,,,,2710,2277,,,,,,,678,,,,,,4285,,,,2789,,,,,,,,,,,,,,,,4827,,,,,4513,,,,,,,,,,,,,,,,,,,,,,,,,,5187,,,,,,,,,,,,,,,5340,,,,,,,,,,,,,9277,,,,,,,1984,,,,3734,,,,,,,,,,,,,,,,,,,,,,,,,,,,,,,,,,,,,,6558,,,,,,,,,,,,,,,,,,,,,,,,,,,8469,,,,,,,,5240,,,,,,,,,,,,739,,,,,,,,,,,,,,,1568,,,,,,,,,,,,,,
,,,,,,,,,,,,,,,,,,,,,,,,,,,,,,,,,,,,,,,,,,,,,,,,,,,6558,,,6065,,,,,,,,,,,,,,,,,,,,,,,,,4393,,6707,,,,,,,,,,1306,,,,,,,1645,,,,,,,2232,,5837,,,,,,2898,,,,,,,,,,,6633,,,,,,,,,6357,,,,,,,,,,,,4199,,,,,,,6081,,,,,4083,,,,,,,,,,,,,,4371,,,,2048,,,,6170,,,,,2038,,,,,,8551,,,,,,,,,,,,,,,,,,,,4964,,,,,,,,,5059,,,,,,,9640,,,,,,,,3632,,,,,6218,,,,,,,,,,,,,,,,
,,,,,,,,,,,,,,,,,,,,,,,3094,2837,,,,,,,,,,,,,,,5499,9555,,,,1208,,,,,,,,,,,,,,,,,,,,,,3431,1171,,,,,,5264,,,,,,,,,,3818,,,,,,,,8183,,6515,,,,,,,3435,4165,,,,,,,,,,,,,,,9426,,,,7231,,,,,6363,,,,,,,,,,,,,,,,,,,,,,,,,,,944,,,,,,,,,,,,,,,,,,,5672,,,2627,,,,6865,5354,,,,,7474,,,,,,,,,,,,,,,,,9066,,,7908,,5906,,,,,,,,,2857,,,,,,,,,,,,,,,,,,,,,,,6356,,,,,,,,,,8995,,,,,,,
,5835,,,,4624,,,,,,,,,,,,,,,,,,,,,,4859,,,,,,,,,,,,,,,,9548,,,,,6141,,,,5209,,,,,,,,,,,,,,,,,,,,,,,,,,9124,,115,,5643,,,,,,,,,4732,7667,,,,,,,,7363,,,,,,,,2794,,,,,,,,,,,,,,8739,,,,5433,,,,,,,,,,,,,,,,,,,,,,,,9966,,,,,,,,,,,,,,,,,,,,6282,,,,,,,,,,,,,,,,,,,4763,,,,,3417,,,,,6821,,,,,4355,,,,,,,,,,1670,9429,,,,,,,,,,,,,,,,,,,,,,,,,,,,,,2372,,,,,,,,,,
,,,,,,,,,,,7806,,,,,,,,,,,,,,,9667,,,,2840,2535,,,,,,,,,,,,,,,,,,,,,8715,,,,,,,,,,,,,,,8450,,,,9736,,1799,9711,,,,,,,,,,,,,,,,,,,,,,,,,,,,,,8410,,,,,,,,,,,,6064,,,,,,3408,,,,,,,,,,,,,,,,,,2267,,,,,,,,,,,,,,,2188,,7412,,,,,,,,,,,,,,,,1212,,,1928,,,,,5287,,,1111,,,,,9842,,,,,,,,,,,,,,,,7792,,,,,7133,,,,,6973,,,,,1602,,,,,,9474,,,,,,,,,,9962,,,,9262,,,,,8855,,,,,,,,,,
,,,,,,,,,,,4552,,,,9328,,7682,1897,,,,,,,,,,,,3685,,7252,,,,411,,,,9833,,,,,,,,,,8142,,,,,,,,,,,,,,,,,,4264,,,,,,,,,,7052,,,,,,,,,,,,,,,,,,,,,,,,,,,,,,,3074,,,,,,,,,,8962,,,,,,,4415,,,,9653,,,,,,2841,,,,8172,683,,,,,,,,8356,,,,,,2314,,,,,,,,,,,,,,,8701,,,,4526,,,,,,,,,,,,,,,,,,,,8472,,,,,,,,83,5331,,,,,,,7706,,7556,1466,,6732,7469,5435,,6478,,,,,,6246,,,,,,,,3611,,39,8012,,,,,244,,,,,,,,,,,,,,
,,,,,,,,,,,,4267,,,,,,,,,,,,,,,,,,,,,9030,,,,1088,,,,,,,,,,,9505,,,,,6598,8509,,,,,,,,,,,,,,,,,4962,,,,,,295,,,,,,,,,9979,,,,,,,,638,,,,,,,,,,,6875,,,,9626,,,,,,,,,1971,,,,,,5112,,,,,1524,8301,,,,,,,,,,,,,,,3464,,,,,,,,,3127,,,,,,,,,,,,,,,,9357,7575,,,,,,,,,,,,,,,,,,593,,,,,,,,,,,,,,4609,,4147,,6933,,,,8764,,,,,,,,,,,2058,,,,,,,,,,,,,,,,,,,,,,,,9722,,,,,,,,,
1705,,,,,,,,7541,,,,,,,,,,,4662,,,,,,,,,,,,,,,,,,,,,,6393,,,,,,,,,,,,7342,,,,,,5378,,,,,,,,8403,,,,,,,2376,,1252,,,,,,,,,,,,,,,,,,,3605,,,2727,,,,,,,,,,,,,,,,,,,,,,,,,,,,,,,,,,,,,,,,,,,,,,,,,,,,,,,,,,,,,,,,,,,6605,,,,,,,,,812,,8527,,,,,,,,5737,9109,,,,,,,,,,,,,,,,,,,,,,,,,,6209,,,6096,,,,,,8987,,,,6065,,,,,,,,,,,,,,,,,,,,,,,,,,,,,,,
,3249,,,,,,,,,,,,,,,,,,,,,,,,,,,,,,,2067,,,,8854,,,,,,,,,,,,,,,,,,,,9196,,,,,,,8602,,,5474,,,6543,,,,1657,8332,,4325,,,,160,,,,,,,,,,,,,,,,,,,,,,,,,,8031,,,,,,,,,6663,,,,,,,,,,,,,,,,,9762,,,,,,,7545,,,,,,,,,,,,,,,,,,,3077,,,,,,,,,,,,,,,,9375,,,,,,,,,,,,,,,,,,,,,,,,,,5162,,,,7605,,7883,,4538,,,,,1843,,,,,,,,,,,,,,,,,,,,,,7537,,,1596,,,,,,,,4292,,,,,,,,,
,,,,,,,,,,3963,,,,,,,,,,,,,,,,,,2888,6607,,,,,,,,,,,,,,3103,,7796,,,,3079,,,4685,,7570,,,,,,,,,,4818,,,,,,,7201,,1705,,7329,,,,,,,,,,,,,,,,,,,,,,,,,,,,,,,,,,,5459,1537,,,,,,,,,,,,,,,8799,,,,,,,,,5776,,,,,,,,,,,,,,,,,,,,,5802,,4397,6166,,,,,,,,,,,,,9907,,,,,,,,4328,,,6673,,3590,,,,,,3410,,,,1141,,,,,,,,,9123,,,,,,,,,,,,,,,,,,,8289,,,,,,,,,,,,,,,,,7931,,,,,,1285,,,6335,840,,,4961,4361,
,,,,,,,,,,,,,1208,,,,,,,,,,,,,,,4795,,,,,,,,,,,,,7068,,,,,,,,,,,,,,,,,4973,,,,,,,,,,,,,,,,,,8496,,,8564,,,,,,,,,,,,,,,,,8634,,,,,,,,,,,,,,,,,,,,,,,,,,,,,,,,,3126,,,8828,,,,,,,,6966,,,,,,,,4142,,,,,,,,9435,,6793,,,,,,,,,,,,,,,7066,,,,,,,,7081,,,,6351,,,,,,,,,,,,,,,,,,,,6106,,,,,,,,,,,,1539,,,,,,,,,,,,,,,,,,,,,,,,,,,,,,,,,,,,,,
,,,,,,,,,,,6929,,,,,,,,,,,,,,,,,,,,,,,,,,,,,,,,,,,,,,,,,,7432,,,,,,,,,,,991,,,,,,,,1854,,,,,,,,,,,,,4574,,3365,,,,,,,,,,,,,,,,,,,,,,,5116,,,,,,,1487,,,,,,9333,,,,,,,,,1128,,,1475,,,,,,,,,,,,,,,,,,,,,,,3872,,249,,,,4896,,,,,,,,4399,,,,,,,,,6032,,,,859,,,,,,4590,,5401,,,,,,,,,,,,,,,1664,,,,,,,,,,,,,,,,,,,,,9755,,,,,,,,,2590,,,,,,,,,,,,,,,,,
,,,,,,,,,,,3796,,,,,8488,,,,,201,,,,,,,,,,,,,,,,,,,,,,,,,,,3050,,,,,,,,8819,,,,,2316,,,6533,,,1689,,9179,,,,,1417,,,,,,,,,,,,,,,,6285,,,,,,,,,,,,,2739,,,,,,,,,,,,8355,,,,,,,,1954,,,,,2748,,,125,,,,,,,,,,,,,,,,,,,,5067,,,,,,,,,,,,,,,,,,,,,,,,,,,,,,,,,,,,1082,,,,,8199,,,,3759,,,,,,,5015,2580,,,,2033,,1439,,740,,,,,,,,8104,,,,,,,,2830,,,8002,,,,,,9757,,,,,,,,,,,465,,,4005,,6521,5207,
,,,,,,,,,,,,,,,,,,,,,,,,,,,,812,8829,,,,,,,,,,,,,,,,3071,,,,,,,,,,,,,,,,,8937,,,,,,,,,,,3648,,,,,,,,,,9470,294,,,,,,,,,,,7470,,,,,,,,,,,,,,,,,7395,,,,,,8646,,,,,,,,,,,,,,,,,,,2345,,2976,,,,,,,,,,,,,,,,,3772,,,,,,,,,,,,,,,,9678,,,,,,,,7691,,,,,,,,4322,,,,628,5640,,,,3613,,,,,,9328,,,,7702,,,,3498,,,,,,,,,,,,,6979,,,,,,,,,2385,,7430,9697,,,,,7076,,,,5348,,,,,,,,,,
,,,,,,4363,,,,,3579,,,,,,,,,,,,3513,,,,,,,,,,,,,,,,,343,,,,,,,,,,,,,,,,,5028,,,,8076,,,,,7485,,,,,,,1838,,,,,,,,,,,,,,,,,,,,,,,,,,,,,,2264,,,,,,,,5215,,,458,,,,,,,,,,,,,5410,,,,,,3499,,,,,,6759,,,,,,,,,,,,,,,,,,,,,,,,7899,,,,,,,,,,,,,,,,,,,,,,,,,,,,,,,,4793,,2650,,,,,,,,,,9551,,,,,,,,,6080,,,,,,,,,,,,,,,,,,1733,3655,,,,,,,,,,,,,,,,1056,,,,6381
,,,,,,,,,,,,,,,,,,,,,,,,,,,,8359,3469,3944,,,,,,,,,,,,4355,,,,,71,,,,,,,,,,,,,,,,,,,,,,,,,,7798,,,,,,,,,,,3354,,,,8220,,,,,,,,,,,,,,,,,,,,,,,,,,,,,,,,,4572,,,,,,,,,6188,,,,,,,,,,,,,,,,,746,8625,,,,,,6378,,,,,,,5128,,1530,,,,,,,,,,,,,,,,,1715,,3507,,,,,,,,,,,,,,,,57,,,,,,,,,,,,,,5577,,1921,,,,,9421,,344,4664,,3678,,,,,,,,,,,,,,1495,,,,,,,,7228,,,,,,,,,
,,4496,,,,,,,,,,,,,,,,,,,,,4280,,,,,,,,,,,2197,,,4053,,,,2679,,,,,,,,9123,,,,,,,,,,,,,,,,,,,,,,,,,,,,8798,,,,,,,,9966,,905,,,,,,,,,,,,,,,,,163,,,,,,8163,,,,,,,,6443,,,,,,,,,,,,,,,,,,,6404,,,,,,,,,,,,,,,4068,,,,,,,,7582,8045,,,,,,,,,,,,,,,,,,,,,,,,,,,,,,,9065,,,9876,,,,,,,,,,,8045,,,,,,,,9991,,,,,,,,,,,,,,,,59,,,,,,,,,,,,,,,,,,4700,,,,,,3543,
,,742,,,,,,,,,,8170,,,,,2777,,622,,,,1356,,,,,,,,,,,,,,,,,,,,,,,,,,2433,,,7246,,,3505,4738,,,,,,,,,,,,,,,,,,,,,,,,588,,,,,,2245,,,,,,,,,,,,,,,,,,,,,,,,,,,,,,,,,,,,,,,,,5468,,,,,,,,,1549,3879,,,,,,,,,,,,,,,,,,,,,,,,,,,,9280,,,,,,2438,,,,,,3257,1037,,,,,,,,,,,,,,,,,,,6027,,,,,,,,,6316,,,,6690,,7530,,,,,,6028,,,,,,,,,,,,,,,,,,,,,,,,,,8342,3957,,,,,,,,,,
,,,,,,,,,,3560,,,,,,4974,,,,,,,,,,,,,,,,,,,,,,,8849,,,,,,,,,,,,,3584,,,,,,,,,,9655,,,,,,,,,,,291,,,,,,,,,,,,,,,,,,,,,,,,,6356,,,,,,,,,,,,,,1739,3975,,,,,,,,,,,,,,,,,,,,,,,,,5372,,,,,,,,,,,,4155,1779,,,,,6410,,3531,,,,,,,,,,,,,,,,,,,,,,,,,,,,,,,,,,,,,,,,,,,,,,,3332,,,,,,,,,,3582,,,,,8985,,,,,,,,6388,,,,,,,,,,,,,,,,,,,,2896,,3045,,,,,
,,1129,,,,,,8652,,,6480,,,,,,,,,,,,,,,,4454,,,,,1013,,,,,,,,,,1908,,,,,,,,,,6200,,,,,,,4030,,,,,,,,,,,,,,,,,,,,,,,,,2233,,,,,4821,,,,,,,,,9177,,,,,,,,,,,,,,,,,,,,7936,,,,2855,,,,,,,,2208,,,,,,,,,,,6424,,,,,,,,,,,,,6723,,,,,,,,,9319,,,,,,,,,6245,,,,4109,,,,,,,,,,,,,,,,,,,,,,,,,,,,7462,,,,,,,,,,,,,,,,,,,5220,,,,,,,,,,,,,,,,,,,,,,,,,,6224,,,,,,
,,,,,,,,,1054,,,,,,,,,,,,,,,,,,,,,,,,,,,,,,,,,,,,,7641,,,,,,,,,,,18,,574,,,,,,,,,,,2239,,,,,,,6902,6916,,2736,,,,,1143,2562,,,,1770,,,,,,,,,,,,,,,,,,,,2816,,,,,,,,,7885,,,,,,3482,,,,,,,,,,,,,,,,,,8157,,,,,,,,7047,6775,,,,,,,,,,,,,,526,,8506,,,,,5527,,,,,5099,641,3508,,,,,,,,,,9355,,,,,4917,,,,,,,,,,,,,,,,,,,,,8929,,,,,6352,,,1976,,,,,,,,,,2369,,,,,,,,,,,,,,,1815,,,,,,
,,,,,,,,,,,,,9141,8806,,,,,,,,,,,,3633,,3696,,,,,,6861,5357,,,,,,5816,,,,,,,,,256,,,6444,,,,,,,,,,,,,,,,4622,,9408,,3361,166,,,,,,,,6152,,,,,,,,,,4153,,,,,,,,,,,,,,,,,,,,,,,,,3948,,,,,,,,,,,1150,,,,,,4369,,,,1203,,,,,,2613,8408,,,,,,,,,,,,,,,,6547,,,,,,,,,,,,,,6889,,,,,3738,,,,,,,,,1585,,,,,,,,,,,,,,,,,,,,,,,,,,,,,,8763,,,,,,,,,342,,,,,,,,,,,,,,,,,,,,,,,,,,8714,
,,,,,,,,,,,,,,,,,,,,,,,,,,,,,,,668,,,8548,,,,,,,,,,,,,,,331,,,,6468,,,,,7113,,,,,,,,,,,,,,,,,,,,,,,,,,,,,,,,,,,,,,,,5091,,,,,,,,,,,,,1892,6256,,,,,,,,,,,,,4365,,,,,,,5370,,,,,,6993,,5249,8863,,,,2024,4020,,,,,,6244,,,,7178,,,,,,,,,,,,7822,,,179,,2563,9177,,,,,,,,2419,,,,,,,9418,,1735,,,6953,,5334,4508,,,,5848,,,,,,,,,,,,,,,,,,,,,,,,,,,,,,,,,,,,,,,,,,,,6125,2579,,3962,,,,,,,
,9199,,,,2229,2170,,895,,,,,,,,7000,,,,,,,,,,,,,,,,,,,,,,,,,,,,6685,,,,,,,,,,,,,,,,,237,,,,,1775,,,,,,,,2578,,,,,,,,,,,,,7397,,,,,,,,,,,,,,,,,,,,,,,,,,,,,,,,,,,,,,,,,,,,,,,,,,,,,,,,,,1517,1728,,6328,,,,,,,,8132,,,,,,,,,,,,,,,,,,,,,,,,,,,,,,,,,,7527,,,3824,,,,,,,,,1239,,,592,,,,,,,,,,,,,,,,,,3495,,,,,,,6237,,,,,,,,,3089,,,,,,,,,,,,,,,6303,
,,,,,,,,,,,,,1943,,,,,1350,,,,,,572,,,,,,,,,3160,780,,,,,,,,,,3539,726,,,,,,,2914,,,,2014,,,,,,,,,,,,,,978,,,,,,,,,,4253,,,,,,,,3457,,,,7613,,,,,,,,,,,,,,,,,,4578,,,,,8723,,,,,,,,,,,7343,,,,,,,,,,,,,,,6595,,,,,,,,,,,5537,,,,,5780,,,,,,,,,,,,,,,4712,,,,,,,,,,,,,,,2416,,,,,,,,,9983,,6717,,,,,,,,,,,,,,,,,,9456,,,,,,,,,,,,,,2019,,,,,,,,,,4715,,,,4607,,,,,,,,,,,
,,,,,,,,,,,,,,,,,,,,,5992,,,,,,8339,,,,,,,,,,,,,,,,,,,,,,1086,,,,,,,,1939,,,,,,,,,,,7590,,,,,,,,,,7139,,,,,,,,,,,,,,,,,9474,1815,,,,,,,,,,,,,,,,,2799,,8420,,,,,,,,,,,,,,,,,,,,,,,,,,4242,,,,,,,,8406,,,,,,,,,,,,,,,,,,,,,,8504,,,,,,,,,707,,,4323,,,,,,,9881,,,8478,5431,,,,,,,,,,,,,,,,,8219,,,,,,,,,,,,,,,,,,,,6045,8657,,,,,,,,,,,,,9058,7088,,,,,,,,,
,,,,,,,,,,,,,,,,,,,,,,,,,,,,,,,4949,,,,,,,,,,,,,,,,9758,,,,,,,8689,,,,,,,3959,,,,,,,,1146,,4815,,,4235,,,,,,6107,,8196,,,,,,,,672,,,,,,,,,,,,,,,,,,,,,,,,7746,,,,,,,,,,,,,,,,,,,,,,,,,,,,,,,,,,,,,,5514,,,,,137,,,,,,,,,,,,,,,,,,,,,,,,,,,7261,,,,,,,,9219,,,,,,,,,,,,,,,,,,,,,,,,,9121,,,,,6441,,,,,,1488,,,,,,,,,4605,,,,,,,,3304,,,,,,,4940,,,
,,,,,,,,,,,,,,,,,,,840,,,,,,,,,,,,,,,5242,,7732,,5449,,,,,,,,,,,,,,,,,,,,,,,,,,,,,1645,,,,,,,,,,,,,,,,,,,,5975,5283,,,,,,,,,,,,,7812,6420,,,,,,,,,,7467,6633,,2791,,,,,,,,,,,,,5377,,,,,,,,,,,,8779,,,,,,,,,,,,,,,,,,,,,,,5682,,6627,,,,,,,9765,,,,,,,,,,,,,,,3590,,,597,,,,,,,3300,,,,,,,8426,,,,,,2512,,,,,,,,,,,,,,,,,,,,,,,,,,,,,,,,,,,,,,,,,,98,,,2955
,,,,,,,,,,,,,,,,,9384,,,9110,,,,9102,,,,,,,,,,,,,,,,,,,,,5889,,9582,7908,,,,,,,,,,4795,4170,,,,,7488,,,,,,,,,,,,,,,,8797,,,4747,,,,,,,,,,,,,8541,,,,241,,,,,,,,,,,,,,,2073,,,,,,,,,,,,,,,,,,,,,,,,,,,,,,,,,5481,3886,,,,,,,,,,,,,,,,,,,,,,,1932,,,,,,,,,,,,,,,,,,,,,,,,,,,,,,,,,,,,,,,,1661,,,,,,,,,5392,,,,,9275,,,,,,,,,,,,,,,,,,,,,,7543,,,,,,,
,,,3239,7766,,,,,,,7686,,,,,,,9783,,1960,8770,,,,,,,,,4210,,,,6329,,,,,,,,9909,,3393,,,,,,,,6125,,,,,,,,,,,,,,1276,,,,,,,,,,,,,,,,,,,,,,,,,6880,,1164,,,,,,,,,,,,,,,,3046,7797,,,,,,,,,,,,,,,,,,,,3412,,,,,,,,,4711,,,,,,,,,,,,,2092,,,,2587,9390,,9129,,4430,,,,,,,,,,,,,,,,,,,,,,,,,,,,,,,,,,,,,,,,,,,,,,,,,,,,1794,,,,,,,,,,,,,,,,,,,,,,,,,,,,,,,,6994,,,,969,,,,782,7536,
,2844,,,,,,,8706,,,,,9273,,,,,,,,,,,787,,,,,,,,,,,,,,,,,,9657,,,,,,,,,,,,,,,,,4291,,,,,,,,,5833,,852,,,,,,,,,,5620,,2900,913,,,,,,,,,,,,,,,,,,,,,,,,,,,,,4268,,,3859,6936,,,,9018,,,,,,,,,,9233,,,,2211,,,,8730,,,,,,,,,,,,,,,,,,,,,,,,,,,,,4364,,,1242,,,,,,,,,,,,,,,,,,9198,,,,,,7087,,,,,,,,,,,,,,,,,,,,,,,,,,,,,,,,,,8811,,,,3534,6560,,,,,,,,,,,,2728,,9981,,,,,,,,
,,,,,,,,,2899,,5199,8496,,,,,,,,,,,,,,,,,,,,,,,,,,,,,,,,,,,,659,,,,,,1100,,,,,,3828,1394,,7112,,,,,,,,,,,,,,,,,,,,,,,,345,,,,,,,7890,,,,,,,,,,,,,,,,,,,,4191,,,,,,,,,,,,1439,,,,,,,,,,,,,,5536,,,7257,,,,,,,,,,,,,,,,,,,5089,9600,2602,,,,,,,,,,,,,,,,,,,,,,,,,,,1302,,,4391,,,,,,,7112,780,,,,,,,,,,,,,8630,,,,,,,,,,,,,,,,,,,6198,,4976,,,,,,,,,6173,,,,,,,,,,
,,,,,,8743,,,,,5125,,,,,,2624,3801,,,,,,,,6944,,,8563,,,,,,,,,,,,,,,,,,,,9517,,,,,,,,,,,5728,,,,,,,,,,,,,5494,,,,,,,3812,,,,,,,,,,,,,,,4490,7816,9771,4908,,,,,1894,,,,,,,7570,,8050,,,,,3469,,,,,,,1688,,6914,,,,,,,,,,,,,,,,,,,,,,8291,9469,,883,,,,,,,,,,,,,8727,,,,,,,,,,,6452,,,,,,,,,,,8903,,,,,,5121,,4832,,5998,,,,,,,,,,,,,,,,,,,,,,1745,,,6532,,,,,,,,,,,,2106,,,,,,,,,,,,,,,,,,,,,3242,
,,,,,,,,,,,,,,,,,,,,,,5027,,,,,,,,,,,,,,,,,,,,,,,,,,,,,,,612,,,,,6312,,3996,,,,8376,,,,,9243,,,5250,,,,,,,,,4292,,,,1699,,,487,174,,,,,,9099,,,,4877,,,1854,,,1786,,,,,9832,,,8747,,4337,,,,,,,,,,,,5277,,,,,3017,,,,,,,,,8840,,,,,,,,,,,,3012,,,,,,,,,,,,,,,7060,996,,,,,,,,,,9270,,,,5787,5135,,,7694,7171,,,,,,,,,,,,,,,,,,,,,,,,,,,9170,,,,8593,,,,,,,,,,,8746,,3790,,,,,,,,,,,,,,,,,,,,9402,,,
,,,,,,,,,,,,,,,,,8494,,,,,,,,,,,,,,,,,,,,,,,,,,,,,,,3245,,,,,,,93,,7901,,,3333,,,,,,,,,,,,,,,,,,,,,,,,,,,,,,,,,,,,,,,,,,,,9346,,,,,,,,,,,5585,,,,,,,,,,,,,,,,8337,,,,,,,,,,126,,,,,,,,,,,,,,,,,,,,,9031,,,,,,,,,,,,,,,,,,,,,2240,,,,,,,,4101,,,,,3373,,,,,,,,,,,6125,,,,,,,,,,,,,,,,,4361,5831,,,,,,,,,,,,,,,,2010,,,,,,6887,,,,,,,,
,,,,,,,,,,,,,,,,,,4217,7291,,,,,,,,,5501,,,,,,8219,,,,,6237,7342,,,,,,,,,,,,,,,,,,2612,3439,,,224,,,,,,,,,,3310,2391,,,,,,,,2600,,,,,,684,,,,,,,,9300,,,,,,,,9426,,,,,,,,,,,,,,,,5276,,,,,,,,,,,,8639,,5604,,3887,,630,9717,,,,,,,,,,,,,,,,6679,,,,8820,,,,,,,,,,,,,,,,,,,,,4821,,,,,,,,,4310,,,,,,,,,,,,,,,,,,,,,,,1406,,,,,,,,,,,3524,,3110,,,,,5198,,,,,,,,,,,,,,,1652,9394,3847,,,,9186,,,,,
,,,,,,,,,,,,5347,6899,,6997,,,,151,,,,2788,,9373,4876,839,,,,,,,,,860,,,,,,,,,,,,,5910,,,,,,,,,9523,,,,,,,,,,,,,,,,,,,,,,,,,,,3067,,,,,,,,,,,,,7900,7545,,,,2952,,,,,,,1250,3097,,,,,,,,,,,,,,,,,,,,,,,,,,,,,,,,,,,,,,,,,,,,,,,,,,,,,,,,,,,,,,,,,,,,,856,,,,,,,,,,,,,,,,,,,9332,3758,,,,,,3679,,,,,,,,,,,,,,,,7525,,,,,,,,,,,7364,,,,,,,,,,,,,,,,,,,,,,
,,,,3205,,,,,,,,,,,,,,,,,,9545,,,,,,,,,9739,,,,2404,,,,,,,,,,,,,,,,,,,,5595,,,,,,,,5666,,,,,,,,,,,6076,,,,,,,,,4655,,,,,,,,7882,,,,6455,,,,,,,,2193,,,,,,,,,,,,,,,,,,,,,,,,,3490,,,,,,,,1018,,,,,,,,,,,,51,,,,2219,,,,6958,,,,,,,,,6457,,,,,2892,,,,,,,,,,,,,,,,,,,,,,,7203,,,,,,,,,,6348,,,,,,,,,,,,,,,,,,,,6990,,,,,,,,,,,,,,,,,,,5849,,,1007,7910,,,9229,,,,,,7577
,,,,,,,,9524,,,,,,,,,,,,,,,7289,,,,,,,,,,,,,7471,,,,,,4376,,,1469,,,,,,,,,,,,,,,,,,,,,4526,,,,,,,,,,,,,9077,,,,,,,,,,,,,,,,2705,,,,,,,,,,,,,,,,,,,,,,,,,,6832,,,,,,,,,,,,,,,6960,,,,,1179,,,,2052,,,,,,,,,,,,,,,,,,,,,,,,,,,,,,,5667,,,,,,,,,,,,,,3750,,,,,,,,9182,,,,,,,,,,,,,,,,,,,,,,,,,,6215,,,7229,,,,,,,,,,,,,,,,8497,,,,,,,,,,,,
,,,8126,,,,,,,,,,,,,,,,,,5479,,,,,,,,,,,,,,,,,,,,,,,,,,3713,,,,,,,,,,,,,,,,,,,,,6371,,,,,,,,215,,3931,,,5745,,,,,,,5259,,,4369,,,,,,,,,,,,,,,,,,,,,,,,,,,,,,,,,,,,,,,,4757,,,3024,,,1853,,,,,,,,6779,1732,,,,,,,,,,,,,,9560,,7248,,,,,,,,,,,5794,,,,,,,,,,,,,,,4402,,,,,7444,,,,,,,6516,,,,,,,,,,,,,,,,,,,,,,84,,,,,,,,,,,,7783,,,,,,,,,,,,388,,138,,,,,,,
,7881,,,,,,6978,8172,,,,,,,,,,,,,,,,,,,,,,,,,,,,,,,,,,,,,,,,7429,,,9939,,,,,,,,,,,,,,,,,,,6726,,,,,,,,,,,,,4216,,,,,,,,,,,6260,,,,,,,,,,,,,,,,,,,,,4637,,,,,,,,,,,,,,,,,,,6188,,,,,593,,,,,,,7664,,,,,,,,,,,,,,,6040,,,,,,,,,,,,,,,,,,,,,,,,,,,3300,,,9300,,,,,,,,,,,,,,,,,,,4115,,7480,,,,6800,3866,8138,,,,,48,,,,,,,,,,,,,,,,,,,,,,,,,,,,,,,,
,4499,,,8323,,,,,,,,,,,,,,6906,,,2047,,6855,,,,,,,,,,,,,,,,5429,,,,,,,,,,,4041,,,,,,,,,,,,,,,,,,,,,,,,8388,,,8972,,,,,,,,,,,,7051,,,,,,,,,,,998,,9912,,,,,,,,,,,,,,,,,,,,,,,,,,,,,,,,,,,,,,,,,,,8590,,,,,,,,,,,,9011,,,,,,,,,,,,,3107,,,,,,,7474,,9848,,,,,,,,,,,,,1485,6658,,,,,,,,,,5585,,,,,,,,,,,,,,,,,,,,,,,,,,,,,,,,,,,,1624,,,,,,,,,1338,,,,,,,
,,,,,,,,,5471,,,,,,,,,,2803,,,,,9022,,9671,,9518,,7045,,,,,,,2232,,,,,,,,,,,,,,,,,,,478,,,,,,,,,,,,,,,,,,,,,,,,,,,,1416,,,,,,2987,,,,,,,,,3,,,,,,,,,4422,,,,,4360,,,,,,,,,,,,,,,,,,,,,,,,,,,,,,,,,,,,,,,5567,,6525,,,,,,,,,,,,,,,,,7327,,,,,,,,,,,,,,5021,,,8167,,,,,6504,,,,,,,,,,,,,3000,,,9633,,,,,,,,,,,7250,,,,,9791,,,,,,,,,,,,,,,9685,873,,,,,,,,,,,,,4404,
,,37,,,,,,,,,,,,,,,,,,,,7932,,,,,,,,1900,,,,,,,,,,,,,2657,,,,,,,9433,4669,,,,,,,,,1428,,,,,,,,,9122,284,,,,851,,,,,,,,,,,,,,,,,,,,,,,,,,,,,,,,,,,,,,,,5070,,,,5948,7001,2669,,,,,5467,,,,,,,1251,,,,,,,9206,1410,,,,,,,,,,,,,,,3305,,,,,,,2274,,,,,,,,,,,,,,,,,,,,,,7956,,3329,,,,,,,,,,5131,,,,,,,,8193,,,,,9738,,,,,,,,,,,,,,,,,,,,,,,,2429,,,,,6947,,,,,,,8889,,,,,,,,,,
,,,48,,,,,,,,,,,,,,,,,,,,,,,,,,,638,,,,,,,,,,,,597,6679,,,,,,8806,,,,,8926,,,,,,,,,,,,,,,,,8390,,,,,,,,,,,,,4096,,,,,,,,,,,,,,,,,,,,,,,,,,,,,,,,,,,,,5101,,,7128,,,,,,,,,,,,,,,,3311,,,,,,,,,,7920,,,,,,,7275,,,,,8483,,,,,,,,,,7290,,,,,,,,,,,,,,,3354,,,,,6884,,8167,4433,,,7229,2934,,420,9287,,,,,,,,9739,8241,3607,,,,,,,,,,,,,,,,,,,,5728,,,,,,,,,,,,,,,,,,,,,,,
,,,,,,,7375,,,,,6368,3997,,,,,,,,,,,,,7436,,,,,,,,,,,,,,,,,,7899,,,,,,,,,,,,3681,,,,,,,,,,,,,,,,,,,,,,,,,,,,,,,,,,,,,1091,,,,,,7493,,,1722,,,,,,,,,3902,,,,,,,,,,6624,,,,,,,,,,,,,,909,,,,,,,,,,,,,,1519,,7750,2856,,1004,,,,2503,,,,,,,,1483,,,,,,,,,,,,,,,8605,,,,,,,,,2209,,8374,,,,,9803,,,,,,,,,,,,,,,,,,,1560,,,7694,,8553,,,,,,,,,,,,,,,,,,,,1560,,,,,,,,,,,,8323,,
,,,,,,,,,5714,6970,,,,,,,,5903,,,,,224,,,,,,,,,8548,,,9248,,7512,,,,,,426,,,,,,,,,5700,,1462,,,,,,,,,4091,,,,,,,,,,,,,,,,2901,,,,,,,,,,7716,,,,,,,,,,,,,,,,4581,,,,,,,,,,2323,,,,,914,,,,4135,,,,9072,,,,,,,,,,,,,,,,,,,,,,,,,,,,,,,,,,,,,,,,,,,,,,,,,,,,,,,,,,,,,,,,,,,,,,,,,,,,9194,,,,,7742,,,,,,,,,,,,,,6325,,968,,,,,,,,,,,,,,,,,,,,,,,,,,,,,,
,,,,,,790,,,,,,,,,,,,,,1029,,,,,,,,,,,,,,,,,1896,,,,,1823,,9924,,4410,,,,,,511,,,,,,,,,,,,5481,,,,,,9593,,,,,,371,,,,,,,,,,,,,4358,,,,,,,,,,,,,,,,,,,,,,,,,,,,,,,,,,,,,,,,,4752,454,,,,,,,,,,,,,9987,,,,,,,,,,,,,2160,,,,2716,,,,,,,,,,,,,,,,,,2143,,,,,,,,,,,,,,,,,,,,,,,,,,,,,,,,,,4924,6027,,,,,,,,,,6643,,,,,,,,,7596,,4853,,,,,,,,,,,,,,,,,,,,
7454,,,,,2933,,,,,,,,,,,,,,,,,,,,,,,,,,,,,,,,,,,,,,,,,,,,,,,,394,,,,,,,,3016,,,,,,,,,,,,,4306,,,,,,,,7833,,262,,,,,,3775,,,,,,,,,,,,,,,,,,,,4350,,,,,,,,,,,9493,,,,,,,,,,,,,,,,,,,,,,,,,,,,,,,,,,,,,,3192,6132,,,,,,,,,,,,,,,,,,,,,,,,,,,,,,,,,,,,1739,,,,,5025,2152,,,5468,,,,,,,7643,2757,,,8645,,,,,,,,,,,,,,,,,,,,,,,,,,,,,4000,,,,4063,,,,,,
,,,,,,,,,,4529,,,,,,,,,,,,,,9838,,,,,,,,,,5223,,,,,,,,,,,,5889,,,,,,,,,,,,,,8171,,,,,4206,,,,,,,,,,,,,,,,,,,,,,,,,,,,,,,,,,,,,,,,,,,,,,,,,,,,,,,,,,,,,,,,,5699,,,,,,,,,,,,1131,,,,,,,,,,,8807,,7278,6358,,,,,,,,,,,,,,2941,,,,,,,,,,,,,,,,,,,,,,5021,,,,,,,,,,,,,,,,,,,,,,,,,,,,,9474,,,,,,,,,,,,,,,,,,,,,8867,,,,,,,,,5612,,6432,,
,,,,,,,,,,,,7935,,,,,,,,,,,,,6680,,,,,,,,,,,,,,,,,3291,,,,,5949,,,4015,1181,,,,,,,,,,,,,7262,,,,,,,,,,,,,,,,570,,9739,9164,,,,,8472,,,,,,,,,,,,,,,,,5454,,,,,,,,,,,,,4039,,,,,,,,,,,,,1814,,,,,8911,,,,,,,,,,,,6313,,,,,,,,,,,,3703,,,6636,,,,,,,,,,,,,,,,8927,,,,,5814,,7399,,,,,,,,,,,,,9542,,,,,,,,,,,,,,,,,,,,,,,,,,7801,2909,,,,,,,,,,7534,5780,,,,,,,,,1304,,,,,,,,,
,,,,,,,,,,,,,,,,,,,,,,,,,,,,,,,,,,,,,,3378,,,,,,,,,,,,,,,9554,,,,,,,,,,,,,,,,,,,,,,,,,,,4667,883,,,,,6270,,,,,,7776,,,,3837,,,,,,,,,,,,,,,,,,,9453,,,,,8894,,,,1107,,,,,,,,,,,,,,830,,,,,,,,,,5404,,,,,,,,,,,,,,,,,,,,4824,,,,,,,,,,,8083,,,,,,,,,,,,9482,,,,,,,,,,,,,,,,,,,,,,,,,,,,,,,6712,,,,,2350,,,,,,,,,,,,,,,,,,,,,,8687,,,,,8496,
,,6136,,,7805,,7679,,,,,,,,,,,,,,,8553,,9597,,,,,,,,,,8907,,,,,365,,,,,,7805,,2490,,,8772,,,,,,,8466,,,,,,2880,,,,,,,,5270,,,,,8115,,,,,4724,7647,,,,,,,,,6521,5851,6546,,3342,5601,,,8295,,,,,,,,,,,,,,,,,,,,,,,,,,630,,,,,,,,,8769,,,,,,,,,,,,,2805,,,,,,,,,,,,,,,,,,,,,,,,9861,,,,,,,,,,9124,,,,,,,,5367,,,,,,,8274,,,8763,,,,,,,,,9355,,,,,,,,,,,2293,,,,,,,,,,,,,,,,,4680,,,,,,,,,,,4323,,4761,,,,,,
,,,,,,,,,,,4934,,,,,,,,,,,,,,,,1301,,,,,5171,,,,,,,,,,,,,,,,,,,,,,,,,,,,,,,,,,,,,,,4940,,,,,,8826,6892,,,,,,,,,,,,,,,,,,,,,,2345,,,,,,,,,,,,,,,8535,,1137,,675,,,,,,,,,,,,,,2277,,,,,,,,,,,,,,4618,3493,,,,,,3974,,,,,,,,,,,,,,,,,,,,9197,,,,,,,,,,6455,2013,,,,8915,,,,,,,,,,,,,,,,,,,,,,,,,,,,,651,697,,,,,,,,,590,,4405,,,,,,,3370,,,9293,,,,2080,,,,,,,,7392,,,
,,,,,,,,,,,6177,,,,,,,,,2135,6600,1219,,,,,,,,,,,,,7541,,,,7447,,,,,,2484,,,,,,,,,,7039,,5529,,,,,,,,,,,,8546,,,,5125,,,5341,,9560,,,,,,,,,,4234,,,6254,8654,,,,,,,,,,,,6209,,,,,,,,,,,,,,,,,,,,,,,,,,,,,,,,,8384,,,,,,,8979,,,,,,,,,,,,,,,,3705,9739,,,,,,,,,,,,,,,,1357,,,,,,,,,,1143,,,,,1905,,,,,,,,,,,,,3012,,,,,,,1383,,,,,,,,,81,,,,,,,,,,6860,,,,,,,85,,,,,,,,,,,,,,,,,
,,,,,,,,,,,,,,,,,,,,,,,,,,,,,,,,,,,,,,,,,,,,,,,5380,,,,,,,,,,,,,5118,,,5200,,,,,173,,,,,,,2700,,,,,,,,,,,,,,,4113,,,,,,,,,,,,2603,,,,,,,,,,,,,,,,,,,,,,,,5956,,,,,,,,,,,,,,,,,,,,,,,,,,,,,,,,,,,,,,,,,,,,,,,,,,,,,,,,,,,,,,,,,,9217,,,,4666,,,,,,,,,,,,,,,,,,,,,,,,,,,,,,4050,,,,,,,,,,,,,,,,,,,,,,,,,,,,,
,1561,,,,4732,,,,,,3960,,,,,,,,,,,,,9598,5207,,,,,,,,,,,,,,,,,1620,,,,,,,,,,,,,,,,,,,,,,,,4168,,,,,,6131,6608,,,,,,,,,,,,,,,,,,,,,,1426,,,,,,,,8134,,,,,,,,,,,,7468,,1868,,,,,,,,,1324,,,,,,,,,,,,,,,,,,,2139,,,,,,,,,,,,,4648,,,,,,,,,,,8290,,,,,,1026,6613,,,1806,,,,,,,,,,,,,,,,,,,,,,5557,,,,,,7745,2895,,,4416,,,,,4228,,7937,,,,,,129,,,,,,,,6262,,,7289,,5915,4409,,,,,,,,,,1391,,,,7254,,,
,,,,,,,264,903,,,,8887,,,,,,,,,,,379,,,,,,,,,,,,,,,9527,,,,,,4691,4446,,,,,,,,,,,,,,,,,,,,,,,,2261,,1124,,,,,,,,4549,366,,,,,,,,,,,,,,,,,,,,4525,,,,3411,,,,,,,,,,,,,,,,,,,,1968,,,,7866,,,,,,,,,,,,,,,,,,,,,,,,,,,,,,440,,,,,,,,,,,,,,,,,,,,8886,,5376,,142,,9340,2909,6878,,,6792,,,,,911,,,,,,,,,4977,3528,,,,,,,7276,,,,,7871,,,,,,,,,,8365,,,,,,,2007,,,,,,,,,,,,,,6254,,,,,,,,
,,,,,,,,,,,,,,4507,,,,,,,,8897,,,4675,,,,,,,,,5897,,,,,,,,,,,3402,,,,,,,,,,,,,,,4728,,3343,,,,,,,4351,,,,,,,,,,,,,3953,,,,,,,,,,,,,,,,,,,,,,,,,,,9916,,,,8097,,,,,8621,,,,,,,,,521,,,645,,,,,,,,,8690,,3825,881,,,,,,,,,,,,,609,,,,,,,1242,,,,,,,,,,,,3801,4522,,,,2356,,,8097,,,,,,,,462,,,,,,,,,,,,,,,,,,,432,,,,,4515,7983,,,,,,,,,634,,,,,,,,,,,301,,,,,,7045,,,,,4669,,3930,,,,,,,
,,,,,,,,,,9868,,,,,6104,,,,,,,,,,,,,,,,,,,,,,,,,,,,,,,,,,,,,4312,,,,,,,,,,,,,,,,,,,,,,68,,8800,,,,,,,,,,,,,2427,,,,,,,2606,1640,2739,,,,,,,,,,,,4394,,3325,,,,,,900,6958,,,,,,,,,,,,,,,,,,,,,,,,,,,,,,,4322,,,,,,9546,,8953,,,,,,,,,,,,,,,,,,,7009,,,,,1365,,5239,,,,,,,,,,,,,,,,,9405,,,,1212,,,,,,,,,5002,,,,,,,,,,,,,,,,,,7759,,,,,,,,8419,,,,,,,,,7098,,,,,,
,,6012,,4821,,,,,,,,,,,,,,,,,,,,,3443,9281,,,,,,,,,,,,,4382,,,,,2870,,,,,,,,,,,,,,,,,,,,5393,,,,,,,,,,9056,,,,1033,,,,,,,,8319,,,,,,,,,,5490,,,,3096,,,,2361,,,,,,,,,,,,,,,,,,,,9039,,,,,,8904,,,,,,,,7442,,,,,,,,,,,,,,,,,,,,,,,,,,,,,,,,,,,,,,,,,,,3023,,,,,,,,7497,,,5011,,,,,7944,,,,,1338,,,850,,,,,3698,,,,,,,,6712,,,,,,,,,,,,,,,,,,,,,2518,,,,7598,979,,,,,,,,,,,
,1396,,,,,,,,,,,,,4109,2531,3525,,,,,,,245,,,,,,,3069,,,,,,,,,,2369,,,,,,,,,,306,,,,509,,8081,,,,,,,,,,,,,,,,,,,,2335,,,,,,,,,,4712,,,429,,,,,,,,,,,,1275,,,,,,,,5630,,,,,,,,,,,,,,,,,,,,,,,5877,2651,,,,,,,,6615,,,6086,,,,3643,,,,,,,,,,,,,,,,,,,,3376,,,,7550,,,,,,,,,,9572,,6191,,,7893,,,,,,,,1866,,,,,,,,,,,8581,4735,,,,,,,,,,,,,,,,,,,,,,4384,,,,,,,,,,,,7667,,,,,,,,,2883,,,,,
4384,,4022,,,,,,,,,,,,,89,,,,,,7343,,,,,,,,,,,,,,,,,,,,,,,,,,,,,,,,,2781,,,,,,,,,,,,2633,,7923,,,,,,4100,,,,,,,,8572,,,,,,,,,,,5475,,,,,,,,,,,,,,,,,,,,,,,,,,,,,9023,,9449,,,,,,,,,,,,,,,,,,,,,,,9280,,,,,,8815,,,,,,,,,,9985,,,,,5560,,,,,,,,,,,,811,,,,,,,,6148,,,,,,,,,,,,,,,,,,,,,,,,,,,,,,,,7886,,,,9230,,,,,,,,,,,,,,,,,,,,,,,,,,,,,,,
,,,,,,,,,,,,,,,,,,,,,,,,,,,,,,,,,,,,,,,,,,4785,,,,,,,,,,,,,,,,,3425,,,,2004,5372,,,,,,4821,,2473,,,,,,,,,,,,,,,,,,,,,,,,,,,,,,,,,,,,,,,,,,,,,,7752,,,,,,,,,,,,8966,,,,,,,,,3024,,,,,,,,,,,,,,,,,,,,,,,5776,,,,,6259,,,,,,,,8979,,,,,,,,,,,,,,,,,,,,,,,,,,,,,,,,7499,,,458,,,,,,,,,2781,,,9692,,,,,,,,,,,6106,,,,,203,,3535,,,,5675,,,,,,,779,,,,
,1939,,,9604,,,,,,,8230,,,,,,5386,,,,,,,,5855,,,,8052,,,,,,,,,,,,,,,,8698,5914,,,,,,,,,,,,,1633,,,,,,,,7775,9382,,,,,8423,,,,4746,,,,,1278,,9121,,,,,1452,,,6447,,,,,,,,,,,,,,,,,,,,,,,,,,,,,,,,,,,,,5992,,,,,,,,4004,,,,,,,,,,,6841,,,,,,,,8588,,,,,,,,,3748,,,,,,,,,,,,,,,,,,,,,335,,,,,,,,,,,,,,,,,,,,,,,,,,,,,,,,,,,4440,,,,,,,,,,,,,,,,,,1917,,,1591,,,,,2599,,,,,,,,
3177,,,,,,,,,,,,446,,,,,,,,,,,,,4650,,,,,,2212,,5623,,,,423,,,,,,,,,,,,,,,,,2113,,,,,,,,,,,,,,,5903,,,,7604,,,,,,,,,5521,,,,,,,,,,,4511,,,,,,,,,,,,1058,,,,,,,,,,,,,,,,,,7945,,,,,,,3629,,,4005,,,,,,,2466,,,,,,,,,,,,,,,,,,,9635,,,,,,9822,,3975,,,,,,,,,,,,,3978,,,2697,,2376,,,1145,,7100,,,5602,,,,,,,,,,6815,,,,,,7391,,,,5788,,,,,,,,2859,,,,,,,,,,,,,,,,,,2974,,6168,,,,,,,,9136,,,,,,
9680,4297,,,,,,,,,,,,,,,,,,,2162,,,,,,,,,,,,,,,,,,,,,,,,,907,,,,,,,,,,,,,,,,164,,,,,,2529,,,,,,,,,,,,,,,,,,,,,,,,,,,,,,,5102,,,,,,,5665,,,,,,,,,,,,,7476,,,,,,,,2460,,,,,7989,,,,,7432,,,,,,,,2591,,,,6179,6370,,,,,,,,,,,,,,,,8210,,,,,,,,,,,,3363,7571,,,,,,,,,,,,,,601,,,,,,,,,2305,624,,,,,,,,,,,,,,,,,,,,,2230,,,,,,,,,,,,,,,,,,,,,,,,,,,,,,,,
,,,,,,,,,,,,,,,,,3454,,,,,,,,,3066,,,,,,,,,,3301,8892,,,,,,,,,,4219,,,,,660,,,,,,,,,,,,,,,,,,9616,,,,,,,,,,,,,,,8099,9765,,7711,,,,,,,,,,,,,,7704,,,4949,,,,,,,,,,,,,,,,,9407,5104,,,,,,,,,,,,,,,,,8587,,,,8163,,,,4744,,,,,,1301,,,,,,,,,,,,,,,1437,,,,,,,,,,,3093,,,,,,,,,,,,,,,,,,,,,,9896,4809,,,,,,,,,,,,,,,5111,,,8247,,,,,5639,,,,,,,,,5453,,,9565,,,,,,,,,2130,,,,,,,,
,,,5570,,,,,,5811,,,,,,,,1234,,,,,,,,,,6005,,,,,8615,,,,,,,,,,,,,,,,,,,2721,,,,,,,,,,,,,,,,,,,,,,,,,,,,,,,,,,,,,,,5879,6308,,,,,,,,,,,,,,,,,,,,,,,,,4664,,,,,3045,,,7569,,4807,,,,269,,,,,,,,,,2371,,,,,,6162,,,,,,,,,,178,,,,,,2691,,,,,,,,,,,1788,,,,,3219,,,,,3673,,,5502,,,,7794,,,,,,,,,,,,,,,,,,,,,,,,,,,,,,9390,,5709,,,,,,,,,5870,,,,,,,,,,,,,,957,,1816,,,,,,,,
,,,3740,,,,,,,,,,,,,,,9492,,,,,,,640,,,,,,,,,,,,748,,,,,8465,,,,,,,,,3541,,5575,,,,,,,,9423,,,9733,3339,112,,,,,,,,8105,,,,,,,8756,,,,,,,,,,,,,,,,,,,,,,,,,,,,,,9849,,1813,,,,5020,,,,,,,,,,,,,,6459,,,,,,,,,,,,,,,,,,,,,,,,,,,,,,,,,,,,,,,,,,,6522,,,,,,,,,,,,,,,,4345,,,,,,,,,,,5814,,,,,,,,,,,,,,,,,,,,6737,,,,5595,4166,,9178,,,2840,,,,,,,,,,,,,,,,,3764,,,,,,,
,,,,,1431,,2687,,,,,,,,,,,,,,,,8285,,,,,,,,,,,,,,,8170,,,,,,,,,,,,4457,,,,,8708,,,,,,,8913,,,,,,,,,,,,,,,2374,,,,,,,,,,,,6813,,,,,,,,,,2266,,5671,4042,,,,,,6373,9332,,,,,,,,,,,647,8678,,,4973,,,,,,,,,,,,,8604,,,,,,,,,,,,,,,,,,,,,,,,1129,,,,,,,,8488,,,,,8148,,,,,2247,,,,,,,,2799,,,,,,,,,,3062,,,,9920,376,,,,,,,,,,,,,,,,,,,8454,,,,,,,,,,,,,,,,9874,,,7049,,,,,,,,,,,,,,,
,,,,,,,,,,,,,,,,,,,,,,,,,,,,,,,,,,,,,,,,,,,,,,1443,,,,,,,,,,,,,,,,,,,,,,,,,,,,,,,,,,,,,,5914,,5665,,,,,,,7103,,,,9305,,,,,,,,,,,,,,,,,,,,,,,,,3310,,,,,,,4404,,,,,,,,,,,,,,,,,,4362,,4699,6935,,,,,6084,2861,,,,,,,,,4824,,8989,,,,,,,,,,,,,,,9623,,,,,9835,,,,,8497,,7969,,,,,,,,,,,,,,,,8712,2627,,,,,,,,,,,,,,,,,,,,,,,,,,,,,,,,,,,,,,,,,,,,
,,,187,,,,,,,,,3794,,,,,1571,,,,,,,,,,,,,,2664,,,,,,,,,,,,,,,,,,,,,,,,,1545,,6140,,,,,,,,,,5895,,,,,,,,,,,,,,,,,,,,,,6859,,2924,,,,,,,3325,3261,,,,,,,,,,,,2304,,6380,,,,,,,8348,,,,,,,,6822,,,2961,,,,,,,,,,,,,7072,5041,5994,,,,,,,562,,,,,,,,,,,,,,,,4412,,,,,,,,,,,,,,,,6144,,,,,,,,,9009,,,,,,528,,,,,,,,,,,,,,,,,,,,,,,,,,,378,,,,,,,,,,,9657,,,,,8316,,,,,,,,,,,
,,,,,,,,,,,,,,,,,,,,,,4946,,,,,,,,8976,,,,,,,,,,,9949,,,5925,,,,450,,,,,,,,,,7671,,,,,,,,1898,,,,,2728,,,,2299,,,,,,,,,,1747,,,,,,,,,,,5923,,,1899,,,,,,,,,,,,,,,,,,,,,,,,,,,,,,,,,,,,,,,,,,,,8991,,,,,,,5417,,,,,,,,,,,,,,,,,,,,,,,,,,,,,,6863,,,,,1101,,,,,,,,3375,,,4585,441,,,,,,,,,,,,,,5455,,,,,,,,,,,,,,,,,,,9055,,,,,7959,,,,,,,,3963,,7273,,,9125,2010,2379,,,2825,,
,,,,,,,,,,,,,8157,,,,,,,,,,,,,,,,,,,,4887,,,,,,,,,5374,,,,8499,,,,,,,,,,,,,,,,,,,8933,,,,,,,,,,,,,,,,,,,,,,,,,,,,,,,,,,,,,,,,,,,7699,,,,,,5287,,,,,,,,,,,,,,,,,,,,,,,,,,3037,,,,,,6203,8899,,,,,,1605,,,,1722,,6025,,8856,,,,,,,,,,,,5773,,,,,,,,,,9671,5563,,,,,,,,,,,,,,1006,,,3256,,,,,,,1504,1924,,8330,,,,,,,,,,8146,,,,,,,,,,,,,,,,,,,,,,,4600,9154,,,,,3674,,,6233,6190,
,,,152,468,,,,,,,,,,,,,,,,,1827,,,,,,,,,,,,,,,3097,,,,,,,5368,,,,8942,,,639,,,,,,,,,,2122,149,,,,,,,,,,,,,,8288,,,,,9640,,,,,,,,,,,,,,,,,,,,,,,,,,,,,,,,,,,,,,,,,,,,,,,,,,,,,,,,,,,,,,,,3759,,,,,,,,,,,,,8079,,,,,,,,,,,,,,,,,,,,,,,,,,,,,,8733,,908,,,6462,,,,,,,,7636,,,,,,,,,,,,,4619,,9339,,,,,4788,,,,,,,,,,,,,,654,,,6642,,,2678,,,,6136,,,,,,,,,,,
,,,,,,,,,,,,,,,,,,,,,,,,,,,6607,,,,,,,,,,,2256,,,,5377,,,,,,,,,,,,,,,,,,,6214,,,,,,,,,,,5363,,,,,,,,,,,,,,,,,1769,7646,,,,,,,,,,,,,,,,228,,6621,,,,,,,,,,,,1749,,,,,,,,,,,,,,6879,,,,,,,,,,,,,4782,,,,,,,,,,,,,,,,,,8230,,9002,,,,,,,,,,,,,,,,,,,,,,,,558,,,,,,,,,7192,,,,,,,,,,,,,,,,,,2397,,,,,,,,281,,,,,,,,9173,,,,,,,,141,,,,,,,,9996,,,,,
,,,,4577,,7209,,,,,9643,,,,,5563,,,,,,,,,,,,,,,,,,,6633,,,,,,,,,,,,,,,,,,,,,,,,2068,2817,,,,,,,,,,,,,,,,,,,,,,,,,,,,,,,5136,,,,,,,,,,,,,,292,,,,,2130,,,,,,,3694,,,,,,,9322,,,,,576,,,,,9952,,,,,,,,,,5157,,,,,,,,,,,,,,,,9173,,,,,,,,,,,,8205,,,,,,,,,,,,,,7911,,,,,1389,,,,,,,,,,,,,,,,,,3531,,,9071,9155,,9849,,,,,,,,,,,,,,,,,,,,,,,9139,,,,,,,,,,,,8084,6153,,,,
7845,,,,,,,,,,,,,,,,,,,,,,,,,,,,,5844,,,,3603,,,,,,,,7899,,,,,,,,,1994,,,2660,,,,,,,,,,,,,,,,,,,,,,,,,,,,,2094,,,,,,,,,,,,,6104,433,,,,,6743,,,,,,,,,,,,,,,,,,,2343,,,,,,,,,3652,,,,,4417,,1759,,,9146,,,,,,,,,,,,,,,,,,,,,,,,,,6556,,,,,,,,,,,,,,,,,,,,2865,3002,,,,,,,,,,,,,,,,,,,,,,,,,,,,,,,,,,6592,,,,,,,,,,,,,,,,,,,254,,,,,,4227,,,4643,,,,,,,
,,,,,,,,,,,,,,,,,,,,,,,,8962,,,,,,,5266,,,,,,,,9506,,,,,,,,7367,,,,,,,7641,,,,,,,,,,,,,,,,,,,,,,,,,,3560,2692,2306,,,,,,,,,,,8642,,,,6096,,,,,,,,2785,,,,,,,,,,,,,,,,,,5339,,,,,,8835,,,,,,,1020,,,,,,,,,,,,,,,7814,,,,,,,3464,,2821,,,,,,,5791,,,,,,,,6820,,,,,,6918,,,,,,,548,6399,,,,,,4789,,,,,376,,,,,,8922,,,,,,,,,,,,4801,,,,,,,,,,,,,,,,,,,,,,,,,,2594,,,,,,,,,,,
,8337,,,,5999,4894,,,,,,,,,,7113,,8750,,,,6361,,8355,,,,,,,,,,,,,,,,,,,,,,,,,,,2974,,1442,,,,,,,,,,,,,463,,,,,,,,,,,,,5776,,,,,,9033,,,,,,,,1283,,,,,,,,,,,,,,6136,,,,,,,4120,,,,,,,,,,,,,,,,1238,,,,7013,,,,,,,,,,,799,,,,,13,8982,,,,,,,,,,,,,,,,,4635,,,,,,,3979,,,,,,,,,,,,,,,,,,,,,,,,,,,,,,,4058,,,,,,,8143,,,,,3214,,,,,,,,,,,,,9955,,,,,,3188,,,,,,,,,,,,,,,,,,
,,,1750,,,,,,,,4143,,,,,,,,,,,,,,,,,,,,,,,,,,,,,,,,,,,,,,,,,,548,,,,,,,,,,,,,,,,9372,,,,,,,,,,,,7152,,,,,,,,,,,,,,,,,,,,,,,,,,,,,5318,,,,3329,,,,,,,,,,,,,,,,4004,,,,,,,,,,,,,,,,,,3884,,,,,,,2263,,918,,,1556,,,5584,,,1667,,,,,,4017,1204,,,,,,,,,,,,2895,,,,,,,,,,,,,6619,,,,,,,,,,,,,8923,,,,,,,,,,6989,,,,,,,,,,,,,,,,,,,,,,,,,,,,,,,,,,1190
,,,,,,,,,,,,,,,2583,,,,5336,,5562,,,,,,,,,,,,,,,,1755,,,,,,,,,,,,,,,,,,,,,,,2576,,,,,,,,,,,,,7822,,,,7614,,,,,8133,,,,,,,,,,,,,,8198,,,,,,,,4149,,9042,,,,,,,,,,,,,,,,,,4418,,,,,1426,,,,,,,6993,,,,,,,,,,,,,,7181,,,,,,,4088,,,7529,,,6107,,,,,,,,,,,,,4377,,,,,,,,,,,,,2594,,,,,,,,,,,6365,,4245,,8611,,,,,,,,5627,,,,9473,,,,,,,,,,,,,,,,,,,,,,7119,,,,,,,,,,,,,,8313,,,
,,,,,,,,,,,,,9533,,,,,2877,,,,,,,,,,,,924,,,,,,,,,,,,,,,,,,,,,,,,,,449,,,,5482,,6581,,,,,2825,,,,,,,6534,,,,,,,,5495,,,8560,,,,,,,,,,,,,,,,,,9406,,,,,,,,,,,,,2558,,,,,,,,,7259,,,,,,,2665,,,,,,2721,,,4871,,1782,,,,,,5592,,,4571,,5196,,,,,,,,,,,108,,,,,5819,2260,5960,,,,,,,,,,,3474,8125,,,,,,,8083,,,,,,,,,,,,,,,,,,,,,537,,,,,,,,,,,,,,,,,4196,,,,,,,,,,,,,,,,,,,,,,,,,,
,,,1452,,,,,,,8594,,,,,,,,,,,,,919,,,,,,,3274,,,,,,,,3496,2199,,,,,,,8032,,,,1694,,,,,,,,,,,,,,,,,,,,,,,,,,,,,,,,,,2806,,,,,,,,,,,,1468,,,4857,,3691,,,,,,,,,,,,,,,,,,,956,,,,,,,,,,,,,,,,,,,,5466,,,,,,,,,,,,,,,,,,,,,,,,,,,4042,9655,,5981,1112,,,,,9006,,,,8830,,,,9723,,,,,,,,,,,,,,,,,,,,9671,,,3064,,,,,,,,,,,3526,,,,,,,,,,,,,,,,,,,,3326,,,,9053,,,,,,,,,,,,,
,,,,,,7479,,,,,,,,,,,,,,,,,6625,3670,,,7224,,,,,,5752,,,,1535,,,,2316,,,932,,,,,,,,,,9459,,,,,,,,,,,,,,,,,,,,,,,,,,,,,,,,,,,,,,,,,,,3226,,,,,4248,,,,,,,,,,,,4415,,,1489,,,,,,,,,,,,,,8330,4206,,,,6068,,,,,,,,1167,,,1437,,,,,,,,,,9276,,,,,,,,,,,,,,,,6421,3348,,,,,,,,,,,,,,,,,,,,,,8949,,,,,,,,,,,,,,,,,,,,,,,,,,4388,6824,,,,,,8814,3702,,,,,,,,5829,,,,,,,,,3584,,,,,,,,
,4272,,8411,,9055,,,,,,,,,,,,,,,,,9667,,,,,,,,,,,,,,,,,,,,9439,,,,,,,,,,,,,,,,,,,,,,,,,,,,,,2349,,,,,,,,,,,,,,,,,,,,1986,8698,,,,,,,,,9631,,,,,,,4437,,,,,,,,,,,,,,,9862,,,,,,,,,,,,,8900,9053,,7348,4985,,,,,,,,,,,5977,,,,,,,2488,,,,,,,4360,1028,,,,,,,,,,,,,7837,,,,,,,,,,,3692,9804,4020,,,,,,,,,5090,5168,,,,7069,,,,,,,,5584,2312,9335,,,,,9816,3377,,9462,,7043,,,,,5885,,,,1351,,,,,,,,,,,,,,,,3445,8417,,3273
,,,629,,,,,8554,,,,1934,,,3612,,,,5218,,,,,,,,,1344,,,,,3099,,,,,,,,,,,,,,,,,,,,,,,,,,,8055,,,,,,,,,,,,,3227,,,,,,,,,,,,,,,5606,,8459,,3439,,,,,,1453,7005,134,,,,6789,4525,,,,,,,,,,,,,,,,,,,,,,,,,,,4005,,,,2858,1792,,,,,,,,,,,,,8326,,,2099,3835,,,,,,,,,,,,,,,,,,,,,,,,,,,5561,4914,7460,,,,62,,,,,,,,2,,,,,8589,,,,,,,,,,,,,,,,,,,,,,,507,,,,,,219,,2351,,,,,,,1816,,,,,,,,,,,,,,4877,,,6593
,,,,,,,,,,,,,,,,,,,,,,,,,,,,,,,,,,,,9261,,,,,,,,,,,,,,2582,,,,4851,,8669,,4610,,,,,,2643,,,,,,,,,4056,,,,,,,,,,,,,,,1470,,,,,,,,,,,4137,,,,,,,,,3706,,,,,,,8174,,,,,,,6650,,,,,,,,8582,,,,,,7598,,,,9098,,,,,,,,6758,,,,,,,,,,,,,,,,,,,,8903,,,,,,,,,,,,,,,,7741,1837,,,,,,,,4721,,4866,,,,,,1735,,9087,,,,,1145,,,,,,,,,1734,,,,,,,,,,,,,,,,,,,,,,,,,,,,,,,,,,,,,,
6071,,,,,,,,7256,,,,,,,,3502,,,,,,,,,,,,,,,,7080,,,,,,,,,,,,,,,,,,,,,,,,,,,,,,,,2911,,,,,,,,,,,,,,,,,,,,,,,,,,,,,,,,8150,4418,,,,,,,,,,,,,5944,,,,,,3601,,,,,,,,,3581,,,,,,,,,,,,,,,,,,,,,,,,,7584,1454,,,8596,,4384,7075,,,,635,,9147,,,,,,7256,,,,,,,,,,,,,8732,,,,,,,,,,,,,,,,,,,,,6084,2326,,,,,,,,,,,,,,,,,,,,,,,,,,,,,,,9664,,,8685,,,,,,,,,,,4720,,,997,,,
,,,,,,,,,,,,,,,,304,,,,,,,898,,,3427,,,5292,,9555,,,,,,,,,,1701,,,,,,,,,515,,,,,,,,,,,,6458,,,,,3490,,,,,,,,,,,,,,,,,,5149,,,,,,,,,,,,,,,,,6601,,,,2519,,,7820,,7397,,,,,,,,,,,,6462,,,,,,,,,,,,,,,,,,3691,,,,,,,,,,,,,,,,,,,,6452,,,,4085,,,,,,,,,,,,,,,,,,,,,,,,,,,,,,,,,,,,,,,,,,,,,,,,3631,,,1303,,,,,,,3691,,,,,,,,,,,,,,,,,,,,2012,,,,,,2300,,,,,,
7186,,,,,,,,,,,,6618,,,,,,,,,,,,,,,,,,,9816,,,,,,,,,,,,,925,,,,,199,,,,,,,,,,,,,,,,,,,,,,,,9290,1829,,,,,,,,,,,,,,,,,,6781,,,,,,9472,,,,,,,,,,7519,,,,,,,,,,,,,,,,,,,,,,,,8846,,,,9153,,,,,,,,5861,,,4739,,,8450,,,1725,,,,,,8890,,,,,,,,,,,,,,,,,,,,,,,,,,,,,,,,,7154,4565,,,,6646,,,,,,,2888,,,,1485,,,,,,,,2269,,,,,,,,,474,,,,,,,,,9955,,,,,,,,,,1345,,,,,,,,,,,
,,,,,3371,,,,,4759,,,,,,,,4919,,,,,,,,,,,1947,,,,,,,,,,,,,,9213,,,,,,,,,9071,,,,,,,,,,,,,,8560,,,,,,,,,,,,,,,,,,,,,,,,,,,,,,,,,,,,,,,,,,,,,,,,7533,,,,,,,,,,9419,,,,,2578,,,,,,,,,2627,,,,,,,,,,,,,,1093,,,,,5760,,,,,,,,,,,,,,,,,,,,,,,,,7248,,,,,,,,,,,,,,,,,,,,,,,,,,,,,,,,,,,,,,,,7385,6983,,,,,,,,,,,,,,,,,,,,,,5948,,,,,,,,,,
7871,,,,9070,,,,,,,,,,3887,,,,,,6576,,,,,6371,,,,3979,,,,,,,,,,6187,7849,,8753,,,,3601,,,,,,,,,,7719,,,,,,,,,,,,,,6738,,,,,,,,,,,7703,,,,,,,,,,,,,,,,,,,,,,,,,,2754,,,,,,,,,,,,,,,,,,,,,6682,,,,,,,,,,3147,,,,,2089,,,,,,,,,,,,,,,,,,,5995,,,,,,,,,9764,,,,,,,,,2988,6764,,,,,,,,,,,,5403,,,,,,,,,642,,,,,,,,,,,3573,3894,,,,8921,,,,5284,,,3835,,,,,8253,,,,,,,,,,,,,,,,,,6339,,,,,,,
,,,,,,,,,,9917,,,,,,,,,576,,,1388,8559,,,,,3006,,,,,,,,,,,,,4748,,,,,,,,,4557,,,,,,,,,,,,,,1534,,,,,,,4016,,6065,,,,,,,,,,,,,,,,,,,,,2706,,,,,,,,,,,,,,,8926,,,,,,,,,,,,,,,,,,,,,,,,,,,5658,,,7136,,5876,,,,,6577,,4842,,,,,,,,,,,,7024,,,,9676,2021,,,,2600,,,,,,,,5618,,3927,,,,3247,,,,,,,,4441,,,,,,,,,,,,,,,7448,,,9763,,,,8194,,,,,,,,8453,,,,,88,,,,,,5848,,,,,,,,,,,,,,,,,,1052,,,,,
,,,325,,,,,,,,,,,934,,,,,,,,,,,,,,,,,,,,,,,6919,,,,,,,,,,,,,,,,,,,,,2965,,,,,,,,8709,,,,,,,,,,,6758,,1817,7109,,,,,,,,,,,,,,,,,,,,,,,,,,9955,,,,3614,,,,,,,7269,,2769,1045,,,,,,,,,,,,,,,,,,,,,,,,,2058,,,,,,,,8403,,,,,,,,2890,,,7261,,2676,,,,,,,4998,,,6069,,,,2343,,,,,,8100,,,,6359,,5524,,2141,7594,,787,,,,,,,1700,,4486,,,,,,,,1165,,,811,,,,,,,7120,,,,,,,,,,,,,,,,,,,,,,,9702,,,,,,,,
,,,,,,,,,,,,,,,,,,,,,,,,,,,,,,,,,,,,,,,,,,,,,,,,,,,,,,,,,,,,,,,,,3099,,,,4230,,5014,,,,,,,,,,,,,,,,,,4480,,,,7696,,,4365,,,,,,,9866,,,,,,,,,,,,,,,,,,,,,,,9512,,,,,,8867,,7919,,,,,,,,,,,,,,,5072,,1309,,,,,,,,,,,,,,,,,,242,,,,,,,,,,,,,,,,8212,,,,,,,,1736,,,,,,,,,,,,,,,2987,,,,,,,,,4056,,,,335,,7506,,,,,,,,,,,,,,,,,,4304,,,,,,,8255,,,,,,,8568
,,,,,,,,,,,,,,,,,,,,,,899,,,,,,,,,,,,,,,,,,,,,,,,,,,,,,,,,,,,,,,,,,4088,4790,,,,,,,,,,,,9371,,,,,,,,,,,,,,,,,,,,,,,3483,,,,1419,2615,,,,,,,,,,,,,9992,,,,,,,,,,7953,,,,,,,,,,,,,,,,8468,,,,,,,,,7020,,,,,,,,,5705,,,,,,,,,,,,2925,,,,,,,,,,6034,,,,,,,,,,,,,2636,,,,,,,,6238,9977,,,,,,,,4604,,,,,,,,,,,,,,,,,,,,,,,,6298,,4091,,,,,,,,,,,,,,,6960
,,,,,,,,,,,,,,,,,,,,,,,,,,,,,,,,,,,5115,,,,,,,,,,,,,,,,,,,,,,,,,,5071,,,,,8500,,,,,,,,,,,,,,,,3552,,,,,,,,4866,,,,4249,,,,,,9314,,,,,,,1289,,3635,,,,,,,,,,,,,,,,,,,,,,,,,1644,3234,,,7464,2278,,,,,,,,,,2552,,,,,,3950,,,3078,1075,,,8640,,,,,,,6880,,,,,,,,,2759,,,5106,,,3533,,,4819,1759,,,,,,5962,,,,,,,,,,,,,,,,,,,,,,,,,,,,,,,,,,,,,,,,6496,,,8365,,,,,7350,,,,,,,,,,,,,
8602,,,7126,,,,,,,,,,,,,,,,,,,,,,,,,,,13,,,,,,,,,,,,,,,,6499,7875,,,,,,2892,,61,,,,1135,,,,,,,,,,2611,,,2679,2401,,,7251,,,,,,,,,1800,,,,,,,,,,,,,1136,,,,,,,,,,2634,,,,6544,,,,,,,,,,,,9496,,,,,,,,,8144,,,,,,,,,,8699,4624,,,,,,,3595,,,,3690,,,,,,8761,,,,,,,,,,,,,,,,,,,,,,,9016,,,,,,,,,,,,,3432,,,,,,,,,,,,,,3783,820,,,,,,,,,,,,,,5742,,,846,,,,,,,,,1406,,,,,,,,7501,,,,,,,,,4116
,,,,,,,,,1542,,,,,,,,,,,,6821,,,,,,,,,,,,,,,,,,,,,,,,,,,3030,,,,,,,,6813,,5950,,,,,,,,,,,3585,,,,,7221,,,,,,,,,,,,,,,,,,,,,9085,,,,,,,,,,,8285,,,,,,,,,,,,,,,,,,5689,,,,,,,,,,,,,,,,,,,,,,8474,,,,,,,,,,1933,,,,,,,,,5116,,,,5577,,,,,1941,,,,,,,,,,,,,,,,,,,,,,,,,,,,2553,,,,,,,,,,3512,,,,,,,,,,6191,,,,,,1364,,,5906,8677,,,8136,,,9744,,,,,,,,,,,,,,4866,,,7887
9204,,,,,,,,,,,,,,,2346,,,,8347,,,,,,,,,,,,,6441,,,,,1280,,,,,1466,,9993,,9358,,8813,,,,,,,9257,,8094,,,,,,,,5086,9160,,7428,,,,,,,,,,,,,,,,346,4830,,,,,,,,,,,,,,,,,,,,,,,,,,,,,,,,,3817,,,,,,,,,,,,,,,,,,,738,,,,,,,,,,,,,,,,,8884,,,,378,,,3430,,,,,,,,,,,,,,,,7260,,,,5926,,,3721,,,,,,5660,,,,,,,,,5054,,,,,,,,,,,,,,,8322,,,,,,,,,,,,,,,,,,,,,,,,,,,,,,,,,,5901,,,,,7656,,
,,5780,,,,,,,,,1598,,,6179,,,,7874,,,7125,,,9827,9738,,,,7921,,,,,,,,,,,,2436,,,,,1202,,,,,6839,,,,,,,,,,,,,,,,,1193,,,,8294,,,,,2833,,,,,8828,,,,5623,7579,8336,,,,,,,9378,,,,,,,,,,,,,,,,,,,,,,,,,,,,,,,,,,4748,,,1886,,,,,,,,9607,,,,,,,,,4223,,,,5237,,,,,,,,,,,,,,,,,,,,,,5639,,,,,,,,,,,,,,5478,,,,,,,,,,,,,,,,,,,756,,,,,,,4622,,,,,,,,,,,,,,,4051,1128,,9835,,,,6044,8752,,,,,,,,,2006,,9923,,,,,,
,,,,,,,,,,4778,,,,,,,,,,,,,,,,,,,,,,,2824,5001,,,,,,,,,,,,,,4868,,,7991,6728,,,,,,,,,,,,,5519,,,,,,,,3711,,,1015,6669,,,,,,,,,,,,,,,,,,,,,,,,2196,7675,,,9733,,,,,,,,,,,,,3729,,,,,,,,,,,,,,,,,,,,,,,,,892,5165,,5960,,,,,,,,,,,418,,,,,,,,,,,,,4271,,,,,,,,,,,,,,,,,,,1961,,,,,,,,,8929,,9847,,,,,,,,,,,,5983,,,,,,,,,,,,,,,2691,1844,,,,,,,,,,,,,,,,,,,2357,,,,,,4592,1249,
,,,,6625,,,,,,,,,,,,,,,,,,,,,,,,,,,,,,,,,7073,,,,,,,,9685,,,9319,,,,,,,,,,,,,,,,,,,,,,,,182,,,,,,,,,,69,,,,,,,,,9394,,1364,,,,,,1830,,,,,,,,,,,,,891,,,,,,7272,,,,,,,,,,8650,,,,,,,,,9672,8135,,7869,,5114,,,,,,,,,,,1564,,,,,8444,,9826,,,,,,,,,,2213,,1182,,,,,,8095,,,,,,3780,,,,,,,,9156,,,,,,2248,,,,3341,,,,,,5192,,,,374,,,4059,529,,,,,,,3972,,,,,,,,,,504,,,,,,,,,,,,,,,,,6847,,,9760,,
6534,,,,,,,,,,,,,9964,,,,,5757,,,,,,,5922,,,,,,,,,,6297,148,,,,,,,9020,,,,,,,,,2440,,,,,,,,,,,,,,,,,,,,960,,,9199,,,,,,,,,,,,,,,,,,,7966,,,,,,,,,,,,,,,,,,,,,,,,,,,,,3104,,,,,,,9875,,,,,,,,,,,,,,,7084,,,,,,,,,,,,1062,,,,,,,6901,,,,,,,,,,7127,,,,9008,,,,,,9880,,,,,6658,7386,,,,,,,,,,,,,346,,,,,5927,,,,1259,,,,,,,,,9946,,,,,,7621,,,9778,,,,,,,1352,,,3738,,6267,,,877,,,,,,,,,,
,,,,,,8072,,,,4669,,,,,,183,,4706,,,,,,,,,,,,,,,,,,,,,,,,,,,,,,,,,,,,,,,,,,4996,,,,,,,3571,,,,,,,,,,,,,,,,,4880,,,,,,,,,,,,,,,,,,,9777,,,,,,,,,,,,,,,,,,,,,,,,,,,,,,,,,7703,,,,,,,,,,,6567,6347,,,,2562,,,,,,,,,,,,,,,,,,7661,2228,,,,,,,2848,,,,,,,,,,,,4063,,,,,2949,,,,,,,,,,,,,,,,,,,,,,,,,,,,,,,,,,810,,,,,,,,,9053,,,,,,,,,,,,,,639,,,
,,,,,,,,,4115,,,,,,1938,5896,,,,,,,,5049,,,4605,,,,,,,,,,,,,,,,,,,1596,,,,,,,,,,,,,,,,,,,,,,,,,,,,,,,,,,,,,,,,,,,,,,,,,,3926,,,,,,,,,,,,,,,,3581,,,,,,,,,,5834,,,,,,,,,,,3514,,,,,6211,,,,,,,,,,,,,,,,,,,,5906,,,,,,7942,,,,,,,,,8359,,,,,,,,,,7803,,,,,,,,,,,263,,,,,,,,6939,,,,,,,,3727,,,,,,,,,,,,,5677,,8315,,,,7113,,,,,,,,,,,,,,,,,,,,,,,,,,5909
,,,,,,,,,,9339,,,,,,,,,,,,,,,,,,6112,7831,,,,,,4470,,,,,4542,,9892,320,,,,,,,,,,,,,,,,,,,,,,8111,,,,,,,,,,,,,,,,4846,,,,,,,9528,,,8962,,,,,,,,,,,,,,,,,,,,,,,,9252,,2464,5968,,,156,,,,,,,,,,,3431,,,,9321,,,,,3813,,,,,,9998,,,,,,,,,,,,9327,,,,,,,,,,,,,,,,,,,,,,,,,,,,,,,,,,,,,,,,,,,,,,,7098,,,,,,,,,,,8041,,,,4457,,,,,,,,,,,,,,,,,,,,,,,,,,,,,,7653,,,,
,,,,,,,,,,,,,,,,,,,2116,,,,,,,,,,,9623,,,,9724,,,,,,,,,,,7840,8173,,,,7644,,,,,6754,,1129,,,,193,,,,,,8055,,7345,,,,8615,,,,,,,,,,,,,,,,,,,2598,3873,,,,,,,,,,,,,,,,,,,,,,,,,,,,,,,,9136,,4477,,,,,,,3270,,,,,,,,,,,,,,,,,,,,,,978,,4262,,,,,,,,,,,7809,,,,,6266,,951,,,,,,,,,,4118,,,,,,,,,4820,,7535,,,,,,,,,,,,,,,,,,3380,,5814,,,,,,,,,,,,,,,9429,,,,6249,,,,,,8195,,7205,,,,,,,,,,,
,,,,,,,,,,,,,,,8209,,,4215,,,,,,,,,,8248,,,,,5395,,7309,,,,,,,,,,,,,,4784,4279,,4580,,1653,,,,3278,,,,,,,,,,,,,,,,,,,,,,,,,,,,,,,,,1207,,,,,,,,2869,,,,,,,2029,,,,,,,,,,,,,,,,,,,,,,,,,,,,,,,,,,,,,,,,,,,,,,,,,,,,,,,,,,,,,,,,,,,,,,,,2717,,4184,,,,,,,,,,,,,,,,,2238,,,,,,,,,,,,,,,,,,,5018,,,,2406,,,,,,,,,7295,,,1555,726,,,,,,,,,,,,,,,,,4391,,5391,,,
,,,,,2522,,,,,,,,,,30,,,,,,,,,,,,,,,,,,,,,,,,1627,,,5824,,,,3890,,,,,,,2062,,4271,3535,,,,,,,,,,,,,,6172,,,,8139,,,,,,,,,672,,,,,,,,,,,,,,,,,,,,,,,,,,,,,,9477,,,,,,,,,,,,,,,,,,3945,,,,,,,,,,,,,3673,,,,,,,,,,,,,,,1649,,4695,,,,,,,,,,,,,,,,,,,,,,,,,,,,,,,,,8351,,,,,,,,,,,,,,,,,,,,,,,,,,,,1718,,,6055,,,,,,,,,,,,,,,,9499,,,,,,,,,,,,,,
,,,,5709,,8109,,,,6471,,,,,,,,,,9477,,,,,,,,,,,,,,,,,,,,,,5507,,,,,1872,4302,,9046,,,,4408,,,,,,,,,,,,8221,,2237,4997,713,,,,,5656,,8085,,,,,,,,,9083,,,,,,,,,,8406,,,,,,,,,,,,,,,,,,6856,,,,4872,,,,,,,,,,,,,,,,,,,,,,5724,,,,,,6613,,,,,,,,,,,,,,,,,,,,,,,,,,,,,,,,,,,,,,,,,5169,,,,,,,,,,,,,,,,,,,2736,,,,,,,,,,3060,,,,,,491,,,1601,,,,,,,,,,,,,,,,,656,,,,,,,5363,,,,,,
,,,,,,,869,,,,,,,,,,,,,,,,,,,,4649,,,,,,,,,,,,,,,,,,988,,,,,5246,4234,,1186,,,,,,,,,,,,,,,,,,,,,,,,,,4158,2870,,,,,,4806,,,,7333,,,5483,,,,,8176,,,,,,,,,,,,,,,,,,,2161,,8764,3336,9689,,,,,,,,,,,,,,,,9998,,,,,,3637,,,,,,,,,,7284,,,,,,,,,,,,,,,,,,,,,,,,,,9010,,,,,,,,,,,,9096,,,,,,,,,,,,,,,,,9543,,,,,4582,,,,,,,,,,,,1403,,,9944,,,,,,,,,,,186,,,,,,,,,,,,,,,,
,,,,,,,,,,,,,,,,,,,5379,,,,,9679,3729,,,,,,6783,,,,,,6233,,,,,1327,,,,,,,,,,1101,,,,,,7490,,,8790,,,,,,,,,,,,,,,,,,,,,,,,,,,,,,,,,,,,,,,,,,,620,,,,,,,9605,,,,8451,,,,,,,,,,,2212,,,,,,,,,5180,,,,,,3540,,,,,,,,,,,4038,4423,,,,,,,,509,,7983,,3612,,4373,,,,,,,,,,,,,,,,,,,,,,,,,5831,,,,,,,,,7907,,,,,,,,3256,,,,3499,7794,,,,,,4033,,,,,2830,,,,,,,,,,,,,,1507,,,,,,,4414,,,,,8234,,,,
,8422,,,,1758,,,,,,,,,,,,,,,,,,,,,,,,,,,,,,,,,,,,,7665,,,,,7594,,,,,,1435,,1018,,,,,,,,167,,,,,,,9878,,,8295,1134,,1095,,538,,,,,,,,,,,,,,,2367,,,,,,,,,,,,,,,,,3128,,,,,,,,,,,,,,,,,,,,,,,,,,7694,,,,,,,,,,,,,4338,4757,,,,,,,,,,,,,226,,,,4116,,,9705,,,,,,,,,,,,,,6425,,,,,,,,,,9235,,5860,,,,,,,,,,,,,1535,,,,,9869,1551,,,,,,,,,,,,,3928,,,,,,,,,,,,1628,8717,,4548,,,,3401,,,,2798,,,,
1175,,,,,,1363,,,,,,,,,,,,,,,,,,,,,,,5295,,,,,5050,,,,,,,,,,,,,,,,,,4613,,,,,,,,,,,,,,,,,5265,,,,,,,,,,,,,,,,,,,9512,,1306,,,,,,,,,,,,,,5246,,,,,,,,,,,,,5961,,,,,,,,,,,,,,,,,,,,,,,,,,,,,,2839,,,,,,,,,,,,5287,,,,,,,,,8735,,,,,1237,,,,,,,,,,,,,,,,,9526,,,,,,,,,,,,7867,,,,,,,,,,,,,,,,,,,,781,,,,,,,9859,,,5784,,,,,,,,,,,,,,,,,2681,,,,,,
,,,,,,,,,,,,,,,,,,,,,,,,,,,,,,,,,,,,,,,,,,,,,7827,,,,,7536,,,,,,,,,,,,,,,,,,,,,,,1570,,,,,,,,,,,9715,,,,,,,,,,,,,,,,,,1151,,,,5931,,,7105,9190,,,,,,,,,,,,,,,,,,,,,8620,,,,,3771,,,,,,,,,,,,,,,,,,2456,,,2915,,,,,,,,,,,6891,,,,,,,,,4282,,,,,7549,,,,,,,3456,,,,,,,,,,,,,,,,,,,,,,,,,,3503,203,,,,,,,,,403,,,,,,,,,,,,,2440,,,6426,,,,,,,,,,,,,,
,,,,,5006,,,,,,,,,,2676,,,,,,,,,,,3341,6753,,,,,,,,,,,,,,,,,,7454,,,,,,,,,3293,,,,,,,,,,,9469,,668,,,,,,,,,6662,,,,,,9225,,,,,,,,,,,,,,,,,,,,1019,,,,,,,,4196,,7570,,,,,,,,,,,,,,,,,,,,,,,,,,,,,,,,,,,,,,,,,,,,,,,,,,4000,,,,7868,,7590,,,,,,,8141,,,3135,,,7639,,,,,,,,,,,,,,,,,,,,,,,,,,,,,4771,,,,,,,3036,,,,,,,2431,,,,,,4440,,,,,,,,5778,,,2873,,,,6782,,,,,,,4513,,,
,,,,,,,,,,,,,,,,,,,,,,,,,,,6700,,7171,,,,,,4918,,,,,,,,,,,,,,,,,9059,,,,,,,,,,,,,,7446,,,,,,,,,,,,,,,,,,,,,2431,,,,,,,231,,,,,,,,,,,651,2369,,,,,,,,,,,,,,,,,,6912,,,,,,,,,,,,,,,,,,,,,,,,,,,,2400,,,,9164,,,,,,,3633,,,,,,,,,,,,,5879,2358,,,,,,,,,,,8709,,,,,,,,5754,,,,,,,8605,,,,,,,,,,,,357,,,,,,,,,,,,,,,1018,,,,,,,308,,,,,,,,,,,,,,,,,,
,,,,,,,,,,5175,,,,,8811,,,,,1278,,,,,,,,,7651,,,,,,,,,,,,,,,,,6435,,,,,,,,,,,,,,,,,,,,,,,,,8015,,,,,,7760,3582,,,,,,,,,,,,,,,,,,,,,,7512,,,,,,,9505,9111,,,6483,,,,,9247,,,,,,,,,,,,,,,,,,,,,,,,,,,,,,,,,,,,4822,,,,,,,,,,3442,,,6039,,,6353,,,,,,,,,,,,,,,,,,,,,,,,,,,,,,,,,,,,,,,,,,,,,,,,,,,,,,,,,,8682,,,,,,,,,,,,,,,6454,,,,,,,,,,,,,,
,,,,,,,,384,,,,,,,,,,,,,,,,,,,7154,,,,,,,,,,,,,,,,,,,,,,,,,,,,2865,,,,,,5442,,,2214,,,,,,,,,,,,,,,,,6057,,,,,,,,,,,,,,,,,,,,,,,,,1790,,,,,,,,,,2361,,,6578,,,,,,7831,,,6918,,4458,,,,,,2785,,,,,,,,,1377,,,,,,,,,,,,,,,,7676,,,,,,,,,,,,,,,,,,,,,,,,,,351,,,,,,,,,,,,4983,,,,,,,,,,,,,,,,,,2945,,,,,7666,,,,,,,,,,,,,,,,,,,,,,,,,,802,,,,,,,
,,1708,,,,,,,,,,,,5089,,,,6702,4611,,2381,,,9706,,,6359,,,,9683,,,,,,,,,,,,,7974,2799,,,,,,,8370,,,,,,,,,7137,,,,,,,,,8284,,2163,,,,,,,,,,,,,,,,,,,,,,,7081,3198,,,,,,,1122,9209,4070,,5555,,,,,,,,,,,,,,,,,,,,,,,,,,,,5516,,,,,,,490,,,,3434,,,,,,,,,,,,7872,,3087,,,1283,,,,,,,,,,1326,,,,,,,,,,,5711,,,,,,,,,,,,,,,,,,,,,,,,,,,,,,,,,,,,,,,,,,,,,,,,,9503,,3521,,3446,,,,,,8305,,,,,,,,,,,,
,,,8722,,,,,,5269,,,,,,,,,,,,2469,,,,,,,,,,,,,,,,,,,,,,,,,,,,,,,,,,,7923,,,,,,,,8745,602,,,,,,,,,,,,,,,5548,,,,,,,3689,,,,,,,,,,1939,,,,,4454,,,,,,,,,,,,,,,4215,,,,,,,,,,,,,,,,,,,8513,,,9775,,,,,,,,6281,,,,,746,,7128,,3764,,,,,,,,,,,,,,,,3901,,,,,,,,,,2245,621,,,3279,,7326,,,,,,,,,,,,39,,,,,,,,,,,,,,,,,,,,,,,,,,,,3642,,,,,9787,,,,,,,,,,,,,847,,,,,,,,,
,,,,,,,,1464,,,,,8717,,,,,,,,,,,,554,,,,,,,,,,,,,,,,,,,,,,8492,,,,,,688,,,,,,,,,,,,,,,,,,,,,,,,,,5496,,,,,,,5440,2036,7800,,,,,,,,,3671,,8785,,,,,,,,,,,8851,,,,,,,,,,,,,,,,,,,,,,,,,,,,,,,,,,,,,,,,,,,,,,,,,,2330,9953,,,,,,,,,,,,,,,,,,,,,,,,,,7889,,,,,,,,,,,,,,,,,,,,,5897,,,8339,,,5173,,,,,,,,,,,,409,,4146,,5012,,,572,,,,,,,,,,,,,,,,,,,,,,
,,,,,,,,,,,,,,,7495,,,,,,,,,,4774,,,,,,,,,,,,,,,,,,,,,,,,,,,,,,,,,,,,,,210,,,,,,,,1068,,9851,7222,,,,,,,,3136,,,,,,,,,,,,,,,,,,,,,,9056,,,,,,,,,,,,6101,,,,,,8926,,,244,,,,,,,,5143,,,,,,,,,,,,,,,,548,,,,,,,,,,,,,,,746,,,,,,,,,,,,,,,,,,,,,,,2428,,,,,,,,,,,,5529,1971,,,9496,,,3860,,,,,,,,8524,,,,6135,,,,,,,,,,,,,,,,,,,,,,,,,,,6327,,,,,,9238,,,,
,,,,,,3066,,,,,,,7509,,1893,,2232,,,,9572,6969,,,,,,,,,,,1133,,,,,,,,,,,,,,,,,,,,,,,,,,8407,,,,,,,,,,,9789,,,,,3297,,224,,,,,,,7358,,,,,,8666,,,,,9769,,,,,,,,,,,,,,,,,,,,,,,8046,4191,,,,,,,8647,,,,,,,9425,,,,4382,,,4182,,,,,,,,,,,,,,6264,,5539,,,,,,,,,4123,,,,,,,,,,,,,,1121,,,,9600,,,,,,,,,,182,,,,,,,,5655,,,,,,,,7964,,,,,,,,,,,,,,7999,,,,,746,,4917,,,,,,,,,,,,,,,2425,,,,,,,,,,
,2303,,,,,,,3680,,,331,,,,,,7759,,,,,,,,,,,,,,,,,,,,,4112,,,,,,,,,,,,9990,,,,6572,,,,,,,,,,,,,,,,,,,,,,,,,,,,,,,,,,,,,,,,,,,,5995,,3846,,,,,,,,,,5077,,5083,,,,,,,,,,,,,,,,,,,,,,,,,,,,,,,8249,,,,,,,,,,,,,,6266,3566,7829,,7567,,,,,,,,2544,,7091,,,,,,,,,,,9674,2959,,,9723,,,7319,,,,,,,,,,,,,,,,,,,,,,,,,,,,4741,,,,,,,,3759,,2889,,,,,,,,,,,,,7786,,,5959,,,,4722,,3341,4911,,,,,
,6182,,,,,,,,7580,,,,,,,,,,,,,,,,,,,,,9912,,,,,,,,,,,,,,,9174,,,,,,,,,,,,,,,,,,,9359,678,,,,,,2952,,,19,,,,,,,,,,,3203,,,,,,,,,,,,,,,,,,,3903,,,,,,,,,,,6997,,,,,,,5872,,,,,,,,2399,,,,,,,,,,,,,,,,,,,,,,,,,,,7993,,,,,3172,8300,,,,2116,,,8303,,,,,,,,,,,,,,,,,,,,,,,,8096,,,,,,,,,3620,4156,,2236,,,,,,,,,,2782,,,,,,,,,,,,,,1465,,,,,,,,,,,,,,5574,,,,3056,,,,4295,,,
,,,,,,,,,,,4086,,,,,,,,1390,,,,,,426,,,,,,,,,,3940,,,7233,,8125,4168,,,,,,,,,,,4889,,4127,,,,,,,1842,,3169,,3457,7053,,,,,,,9479,,,,,,,,,,,,,,,,,,,,,8630,7010,,,,,,,,,,,1890,,,,,,,,,,9497,,,,,,,,,,,,,,,,,2450,,,,,,,,,,,,,,,,,2488,,,,,,,,,,,,,,,,,,,,,6883,,7026,,,,,,,,,,,,,,,,,,,,1279,,,,,,,,,,,1167,,,24,,,,,,,,,,,,,,,,,,,,,,,,4207,,,,,,,,,,,432,,,,,,,106,,,,221,,
,,,,,7624,,,,,,,,,,,,,,,,,,,1910,,,,,8579,6701,,,,,,,,,,,,,,,6830,,,,,,,,,,,,,,,,,,,,,,,,,,,,,,,,,,,4740,,,,,,,,,,,,,,,,,,,,,,,,,,,7970,,7042,,,,,,,,,,,,,,,,,,,,,1178,,,,,,8748,,,,9735,,,,6126,,,,,,,,6329,,,,,,,,,,,3685,,,,,,,,,,,,,,,,,,,,,,,,,,,,,,891,,,7660,,,,,8874,,,,,,,,,,,,,,,,,,,,,,,,,,,,,,,,,,,,,,,,,7923,,4765,,,,,,,,,,,
,,,,3924,,,,,1900,5556,,,,,,,,,3104,,,,,,,,,,,,,,,,,,,,,,,,,,,,,,,,,,313,,,,,,1425,,,,,,,,,3938,,,8826,2057,,,,,,,,,,9073,,,,,9061,,,,,,,3045,,,,,,,,2817,,,,,,,,,,,4069,,,,,,,,,,,5447,,,,,,,,,,,,,,,,,,5602,,,,,,,,,,7848,,,,,,,,,,,,,,,,,1492,,,,,,,,,,,,,,,,,,,,,,,,,2453,,,,,,,,,,,,,,,,,1609,,,,,,,,,,,,,,,,,,,,,2434,,8627,,,,,,,,,,,,,,,,,,,,,
,,,5366,,,,,,,,,,,,3515,9934,4890,,,,,,,,,,,,,,,,,,,,,,9387,,,,,,6547,3999,,,,,,,,,,,,,,,,,9113,,,,,,,8630,,,,,,3126,,,,,6307,696,,,7009,,,,,,,,,,7350,3708,,,,,,,8769,,,,,,,,3728,,,,,4008,,,4992,,,,50,,,3161,,,,,2784,,,,7199,4231,,,,,,,,,,,7692,,,,,,,154,,,,,,7303,,,,,5975,,,8733,,880,,,,,,,,,,,9564,,7528,,,,,,5200,,,,,,,,,4676,,,1380,,,,,,,,,,,,,,,,,,,6327,,,,,9430,3322,6377,,,,,,,,,,,7749,,5596,,,,,,,,,,,,,,,
,,,,,,,,,,,,,,,,,,3007,,2107,,,,,,,,,,,,,7722,722,,,1436,,,,,,,,,,,4869,,7243,,,,,6627,,,,,,,,,2284,9782,,,,,,,,,,,,,,,,,,,,,,,,,,,,,,,,,,,,,,,,,,,,,,,,,,,9180,,,7569,,,,2649,,,,,,,,,,,,,65,,,,,,,,,,,,,,,,,,9436,,,,,,2228,,,,,,,8116,,,,,,,,,,,,,,,,,,,,,,,,,,,249,,,,,,,,,,,,9882,,,,,,5209,,,,,,,,,,,,,,,5175,,,8705,,,,,,7117,,,,,,,,,,,,,,,4429,,58,,6874
,,,,,,,2162,,,,7919,,,,,,,,,,,7294,,,,,,,,,,,,,,,,,,9765,,3358,,,,,,,,,,5007,887,,,,,,,,,,,,,,,,,,7890,,,,,,,,,,,,,,,7090,,,,,,,,,,,,,,,,,5490,,,,7204,,,,,,8138,,,,1781,,,9762,,,,,,1246,,293,,,,,,,,,,,,,,3610,,,,,,,,,,,,,,190,,,,,,2739,,,9125,,,,,,,,,,,,,,,,1376,,,,,,,,,,,,,,,,,,,,,,,,,7670,,4162,,,5358,,,,,,,,6581,,3805,,,,,,,,5487,,,,,,,,,,,9018,5863,,,,,,,,,,,,,,
,4485,,,,,,,,1601,,,,,,,,,,7236,,,,,,,,,,,,,,,,,,,,,,,,,,,,,,,,,1755,,,7977,,,,,,,,,2271,,,,,,7422,3846,,,,,,,,,,4348,,,,,,,,,,,,,,,,2619,,,,,,,,,,,,,,,,,,,,,,,,,,,,,,,,7230,,,,,,,8057,,,4258,,,846,,,,,9154,,,764,,,,,,,,,,1678,,,,,,,,,4565,8465,,,,,,,,,,,,,,7438,,,,,4951,,,,4929,,,,,5023,,,,,,,,,,,,,8702,,,,,1261,9380,,,,5744,,,,,,,,,,,,8639,,,3669,9540,,,,,,,,,,,,,,,,,,
,,,,,,,,6211,7032,,,7910,,,,6561,2640,,,,,,3374,,,,2745,,,,,,,,,,,,,,,,,,,,,,,,8622,,,7359,,,,,,,,,,,,,,6098,,254,,,,,,,,,,,,,,,,,,,,,,,125,,,,,,,,,,6289,,,,,,,4218,,,,,,2452,,,,,,,,,,,,,,,,,,,,,,,3810,,,1507,,,8651,,2800,,,,,5359,,,,,,,,4666,,,,,6766,,,,,,,,,,,,,,,,,,,934,,,,1346,,,,,,,,,,,,,,,,6178,,,,,,,,,,,,,,,,,5798,,,,,,9606,,,,,,,,,,,,,,,,,,,,,5473,,3049,,,,,5229
,,,,,,,9758,,,,,,,,,,,4301,478,,,,,,,,,,,,,,,,,,,,,,,,1866,,3597,,,,,,,,,,,,,,,,,2463,,1104,,2887,,,,625,,,,,,,,,,,,,,,7277,,,,,6348,,,,,,5686,,,,,,,,6723,,9563,,,,,,,1733,,,,,,,,,,,,,,,,,,,,,4034,8653,,6773,,,3619,,,,,,,,,,,,4993,,,,,,,,,,,,,,,434,3029,,,,,,,,7902,,426,,,,,,,,,,,5649,,,,,,,,,7264,,2299,,1498,,,,1162,,,,,,,,,,,,,,,,,,,,,,,,,9193,,,,,,,,,,,4449,6212,,,,,,,,4992,,6530,,
,,,,,,,,,,,,2513,,,,,3335,,,,5676,,,,,,,,,,,1569,,,5554,,,,,,,,,,,,,,,,,,,,,,123,,,,,,,,,,,,,,2724,,,,,,6434,3742,,,,,,,,,,5345,,,,,,,,,,,8519,,,5425,,,,,,,,,,4425,,,,,,,,,,3900,,,,5063,,,,,,,,,,,,,,,,,,,,,,,,,,,,,,,,,,,,,,,,,,,,,,,,,,,,,,,,,,,,,1954,,,3068,3981,,,,,,,,,8511,,,,,,,,,,,,,,,,,,3066,,,,,,,,,,,,,,,,,,,,,,,,,,,,,7176,9766,,,,,,,
,,,,,,,,,,,,,,,,,,,,,,,5230,,,3704,,,,,,,,,,9815,,,,,,,,6276,,,,,9076,,,,789,,,,,,,,,,,,,,7844,9878,6716,,,,8880,,,,9916,,,,3988,,,6183,,,,,,,,,,,,,1949,,,,,,,,,,,,321,,,,,,9216,,,,,5760,,2316,,,2134,,,,,,,,,,4591,,,,,,3390,,,,,,,,758,,,3118,,,,,,,,,8743,5747,,,2384,3727,,,,,,,,,5108,,,3228,,,,,6554,,7212,,,,,4167,,,,,,,,,,,,,,,,,,,,,,,,,,,,,,,,,,,,,,,,,,,,,,,,,,,,,,,,6361,,,4359,,4903,,,,
,,,,,,1142,,,,7905,,,,,,,,1501,,,,,6173,,,,,,,3708,,,,,,,9676,,,,,,,,3038,,1452,,2249,,,,,,,,6370,7344,,,,,,,,,,,,,,,,,,,5038,,,,,,,6968,,,1088,,,,,,,,,,6017,,,,,,,,,,,,,,,,,,,4982,,9281,,,,,,,,,,,,,,,,,,,,,,,,,,,,,,,,,,,,,,4185,,,,,9148,,,,206,,,2314,,,,,,4092,,,,,,,,,,,2399,,,,,9632,,,,,,,,,,,,,,,,,,,,,,,,,6040,,,,,,,,,,,,9666,,,2309,,,8236,,,,5227,,,,,,,,,,,5845,,,,,,,
5390,,,1435,,,,,,4111,,,,,,,,,,,,,,8523,,,,3380,,,,,,,,,,,3311,,5446,,5747,,,,,,,,3835,,,,,,,,,,,3912,,,3187,,,,,,,,,,,,,,1527,,,,,,,,,,,9119,,,,,,,9253,,3744,,3594,,8546,5589,,,3589,,1245,,,,,,,,,,,,,,,,7227,5659,,,,,,,,,,,,,,,,,6305,,,,,,,,,,,,,3874,,,,,,,,,,,,,772,,,,,,,,,,1797,,,,,,,,,,,,,,,3593,,,,,,,,7895,,,,,,,,,,,,,,,,,,,,,,,,,,7868,,,,,,,,,,,,,,6381,,,,,,,,,,,,,,
1301,,,,,,,,,,3284,,,,,,,,,,,1278,,,,,,,,,,,,4520,,3726,,,,,,,,,,,,,,,,,,,,2099,,,,,,,,,,,,,,,792,,,,,5380,,,5782,,,,,,,,,,,,,,,1801,,,,,,,,,,,,,,,,,,,4300,,,,,,,,4976,,,,,5635,,,,,,,,,,,,,,,,,,,,,,,,,,,,,,,,,,,,,,,,,,,,,6048,,,,,,,,448,,,,,,,,9034,,,,6631,,6779,,,,,3831,,,,,,,,,,,,,,5653,,,,,,,,,,,,,8647,,,,,6435,,,,,,,6330,,,,,,,,,,,,,,,,,,,
,,,,,,,7567,,6960,,,,,,,,,,,,,,,8852,,2811,,,,,,,,,,,,,,,,,,,,1544,2482,,,,,,,,,,,,,,,,,,,,,,,,,,,,,,,,,,,,,,,,,,,,,,,,,,,,,,,,,,,,3760,,,,,,,,,7751,,,,,,,,,,,,,5793,,,,7270,,,,,,,,,,,4876,,,,,,9271,,,,,,,,,,,,6219,,,,,,,,,1812,,,,,,,3901,,,7787,,,,,,,,2227,,,,,,,,,,,,,,,3515,,8967,,,,,,,,9609,,,,,2762,,,,,,,,,241,,,,,,,,,,8820,5151,,,,,,,,8206,,,,,,,4681,
,,,,,5364,,,6770,,,,,,,,,,,,,,,1782,,,,,,,,,8299,,2236,,,,,,,,,,,,4823,,6982,,,,,,4292,,,,,,,,,2876,4932,,,268,,,,,,,,,,,,,,,8889,,,,6823,3229,,,,,,,,,7695,,,,,,,,,,,,,7031,,,,,,,,,,,3992,,3323,,,,,,,,,,,,4380,,,,,,,,,6898,,,,,,,,,,3281,,,,,,,,,,3785,,,,,,,,,,8731,,,,,,,5143,3518,,,,,,,,,,,,,,,,,,,8587,,7545,,,,,,,,,,,6773,,,9364,,,,,5337,,,,,,,,,,,,,,,,,5993,,,,,,,,,,,,,6497,9525,,,
,,,,,,,,,,,,,,,,,,1596,7776,,,,,,,,,,,,,,,,,,,,9730,,,,,,,,,,,,,,,,,,,,,,,,,,,,,,,,,,,,,,,,,,,,,,,,,,,,,,4599,,,,,3523,,,,,,7106,,,,,8294,,,,7520,,,,1214,,,,,,,3246,,,,,,,,,,,,,,,,,,,,,,,,,,,,,,,4884,,,,,3038,,,,,,,,2468,,,,,,,,,,,,,,,,,,,,,,,,,,,,,,,,,,,,,,,,6114,,,,,,,4806,,,,,,1471,,,,,8587,,4491,1991,,,,,,,,6415,,,,,,8520,,,,,,,,,,,,
,,,,,,,,,,,,,,,,,,,,,,,8367,,,,,,,,,,,,,,,,,,,805,,,,,,,,,,,,,,,,,,,,,,6332,,,,,,,,,,,3924,,,5515,,8710,,,,,,,,,,,,,,,4935,,,,,,,,,,,,,,,,,,,,,,,,,,,,6112,,,,,,,,,,8701,,7939,,,,,,,,,,,,,1558,,,,,,,,7291,,7144,1757,,,,,,,,,,,,,,,,,,,7698,,,,,,,,,,,,6554,,,,,,,,,,,,,,,,,,,,,,,,,,,,,,,,,,8238,,,,,,,,,,7413,,,,9310,,,,,,,,,,,,,,,,,
,,5520,,7237,,,,562,,,2081,,,,,,,7687,,,,,3792,,,,,,,,,9359,,,,1674,,,,,,,,,6824,,,,,,,,7398,,7547,,3703,,,,,,,4139,,,,,3821,,,,,,,,,,,,,,,,9477,,,,,,,,,,,,,,,9536,,,,,8914,,,,,,,,,,,,,,,,,,,,,3062,,1471,,5686,,,,,,,,6522,,,,3449,,,3725,,9587,,,,,,,,,,,,,,,,,,,,,,,,,,,,,,,,,,,,,,,,,,,,,,,422,,,,,,,,4255,,,,,,,,,,,5072,4063,,,,,,,,3497,,,,,,4318,,,,,8063,,,9281,,,,,,,,,,,,,,,,,,,
,,,,,,,4565,,,,,,,,9482,,,2345,7384,,,,,,,,,7296,2087,,8063,,,6606,,,,,6142,,,,,,2062,8133,,,,,,,,,,,,,,7200,,,,,,9748,,,,,,,,,,,,,2310,,,,,,,627,,4488,,,,,,,,,,,,,,,,,,,,,,,,,,,,8121,,,,,,,,7793,9567,,,3038,,,,,,,,,,,,,,,,,,2576,,,,,,,,,,5101,,,,,,,,4977,,,,,,,,,,,,9323,5182,,441,,,,,,,,,,,,996,,,,7528,,,,,,,,,,,,,,,,,9438,2880,,,,,,,,,,,,,,,,,,,9479,,,,,,,,,,,,,,,,,3064,,,,,,
,,,,,6214,,,,,,,,,,,,,,7488,,,,,,7404,,,3977,,,,,,,,,,,8754,,,,,,3470,,,,,,,,,,,,,,,,,,,,,,,,,,,,,,,,,,,,,4029,,,,6327,,,,,,,,,,,835,,3375,,,,,9323,,,,,,,216,,,,,,,,,,,165,,,,,,,,4476,,,5228,,,,,,,,,,,,,,,,,,,,,5332,,795,,,,,,,,3458,,,,,,,,,,,,,,,,7564,,,,4179,,,2731,,5297,,,,,,,,,,,,,,,6625,,,,,,,,,56,,,,,,,,,,,,,,,1660,,,,,,,,7122,,,,,,,,,,,,9135,,,,,,,
,,,,,,,,,,,,3341,,6889,,,,,,,,,,,,1278,,,,,,,,,,,,,,,,,,,,,,,4833,,,,3548,,,,,,,1134,,,,,5154,,,,6654,,,,,343,,,,,,,8835,,,,,,,,,,,,,,,,,,,,,,,,,,,,,,,,,,,,,,9401,,,4497,,,,,1335,,,,,,,1799,,3328,,,,1456,,,,,,,,,,,,,,,,,,,,,,,,,,,,5155,,,,,,,,,,,,,,,,,,,,2555,,,,,9246,,,,,,,,,,,,,,,,,,,,,,,,,,,,2054,,,,,,,,,,,,,,,,3685,,,,,,,,,,,,,,,,7442,,
,,,,,,,,,8570,,,,,,,,,,,,,,6266,,,,,,,4107,,9099,,,,,,,,,,,,,,,4987,,,,,,,,,,,,,,,3589,,,,,,,,,,,,,,,,,,,,,,,,,,,,,,,8430,3781,,,,,,2614,,,,,,,,,,,,,,,,,,,,,,,,,,,,8002,,,,422,,,,,,1166,,,7074,,,,,,,,,,,,,,,,9451,,,,5030,,8995,,,,,,,,,,,,4751,,,,,,,,,,4806,,,,,,,,,,,,,,,,,,,,,,,,,,,,,,,,,,2989,,,,,,,7672,,,,,,,,,,,,7184,,,,,,,,,4698,,,1974,,,,,4821
,,,,,,,,,,,,,,,,,,,,,,,,,,,,,,,,,,,,,,,,,,,,,,,,,,,,,,,,,,,,,,,,,,630,,,3449,,,,,,,,,,,,,,,9565,300,,,4625,,,,,,,,,,,,,,,3613,,,49,,,,7395,,,,,,,,,,,,,,,2700,,,,3236,,,,9126,,,,,,,,,5871,,3367,,,,,,,,3610,,,2149,,,,,1711,,,,,,,,,,,,,,,,,,,,8545,,,,,,,,,,,,,,,,,,,,,,,9595,,6175,,,,,,,,,,,,,,,,,,,,9784,,,,,,,,,,,,,4181,,,,,,,,,,,,,,,3587,,
,,,,8276,,,,142,,9403,8458,,,,,,265,,,,,,,,,3284,,,,,,,,,,,,,,,,4232,,,,,,,,,,,,,,,,,,,,,,,,,,,,,,,,,,,,,6489,,,,,,,,42,,,,,,,,,,,2216,,,7758,,,,,,8712,,,825,,,1209,,,,2770,,3471,,,,,,,6519,2530,,,7239,,,,,,,,,,,3683,,,,,9913,,,,,,,,,,,,,,,,,,,,4298,,,,,,,,,,,,,,,,5435,,,,,,,,,,5426,,7119,,,,,,951,,,,,,,,,,,,,,,,1263,,,,,,,,,,,2318,,,,,6010,,,,,,,,,5744,,,,,,,,,,,,,,
,,,,,,,,,,,,,,,,,,,,,,,,,,,,,,,,,,,,,,,,,,,,,,,,,,,,,,,,,,,,,,,,,,,,,,,,,,,,,,,,,,,,,,,3567,,7645,1237,,,2603,,,,,,,,,,,,,,,,,,,,,,,,,,,,,,,,6242,,,,,,,,,,4287,,,,,,,,,,8148,,,1769,,,,,,,,,,,,,,,,,,,,8187,,,,,,,,,,,,,9069,,,,,,6056,,6283,,,,,,,,,,,,,,,,9761,,,7038,,,,,,,,,,,,,,,,,5779,,,6548,,,,,,,,,,5047,,,,,,,,,,,7660,,,,,,
,,,,,,,,,,,,,,,,,8408,2931,,,,,,2983,,715,,,,,,,,7762,,,,,,9688,,6838,,6526,,,,,,,,,,,,,5419,,,,,,,,,,,,,,,,,,,160,,,,,,,,,,,,,,,,,,7522,,,,,,,,8553,,,,,,,,,,,,,,,,,,,,,,,,,,,,,,,,,,,,,,,,,,,,,,,,2883,,,,,,,1954,,,,,,,,,6533,,,,,,,,,,,,,,,,,,,9786,,,,,,,,,,,,,,3779,,,,,,4138,,,739,,,,,,,,,1514,,,,,,,,,,,,5917,,,,,,,,,,,,,,,,,,,,,,,,,,
,,,,,4038,,,1137,,,,,,8384,,,,,,,,,,,,,,7472,,,,,,,,,,,,,,,,,,,,,,,,,,,,,,,,,,,,,,,,,,,,,,,,,,,,,,,,,,,,,,,,,,8945,,,6473,,,7004,,2791,,,,,,,,,,,,,,,9731,,,,,,,,9734,,2041,2285,,,,,,,5250,,,,,8731,,,,,3562,,5812,,,,,,,,,,,,,,7714,,,,66,,,,,,,9409,,,,,,,,,,,,3110,,,,,,,,6451,,,,,,,,8107,,,,,4454,,,,,,,,,,,,,,,,,,,,,8254,,,,,,,,,,,,,,,,,,,,,,2447,,,,,,,3228
,,,,,,,,4536,1163,,,,,7007,,,,,,,,,,,,,,9199,,,,,3291,,,,,,,,,,,,,,,,,,,,,,,,,,,,,,,,,,,,,,,,,,,,,,,4123,,,,,,,,9511,,,3098,,,,,,,,,,,,,,4242,,,,,,,429,,,,7321,4731,,,,,,,,,,,,,,,,,,7752,,8177,,,,,2031,,2236,,734,,,,,,,,,,,,,,,,,,,,,,,,,,,,,,,7542,,,,4887,,,,,525,,,,,,,,,,,,,,,9997,,4933,,,,,,,,8661,,,,,,,,,,,,,,,,,,,,,,1408,,,,,,,,,,,,,,,,,,,,57,9031,
,,5901,,,,,,,7626,,,,,,8614,,,,,,,,3076,,9105,,,,,,,,2119,,,,,,,,,,,,,,,,,,,,,,,1416,,,,5111,,,,,,,,692,,,4326,571,,,,,,,,,,,,,,,,,,,,,4683,,,,,,,5033,,,6596,,,,,,,,,,,3353,,5932,,,,,,,,9394,7743,,2595,,,,,,810,,,,1792,,,5186,,,,4895,,,,,,,,,,,,,,,,,,,,,,,1101,,,,,,,,,,,,,,,,,,2392,,,,,,2139,,997,,9475,,,,,,,,,,,,,8962,,,,,,,,,,,5910,,,,,,,,,,,,,,,,,,,,,,,,,,,,,,,,,,,,
,,,,,,,,,,,,,,,,,,2672,,,,,,,,,,,,,,,,,,,,,,,,,,,8925,,,,,,,,2663,,,,,,,,,,,,,,,,,,,,,,,,,,3057,,3274,,,,,,,,,,,,,5583,,,,,,,,,,,,,,,,,,9893,,,7447,4684,,3913,,7690,,4217,1771,,,,,,,,,,,,,,,,,,,,,1397,,,,,,,4602,,,,,,,,7068,,,,,,9502,,,6635,,2920,,,,,,,,,,,,,,,,9465,,,,,,,,,,,,695,,,,,,3730,,,,,,,,,,,,,,,,,,7719,52,,,,,,,,392,,,,,6048,,,,,,,,,,,,,,,,,,7652,
,,,6482,,2196,,,,,,,,1778,,,,673,,,,,,,,3398,,,,,,,981,,,,3436,6331,1110,,,,,,,,,4797,,,5641,,,,,322,,,,,,,,,,1753,,,,7885,,,6204,,,,,,,,,,,,,5531,,,6200,,,,,,,,,,927,5717,,,,7358,,,,,,,,,,,,,,,,,,,,2577,,637,,,9775,,,267,,,,,,9370,,,,,,,,,,,9456,,,,,,,,,,,,,,,,,,,,,,,,,,,8284,,7607,,,6237,,,,,,,9133,,,,9088,,,,,,,,,,,,,,,,3434,,,,,,,,293,,4084,,,,,,,,,,,,,,,,,484,,,,,,,,,,,,,,,6283,,,,,,
,,,,,,,,,,,,9304,,,,,,,,,,6625,,,,,,,7156,,,,,,,,,,,,,,,,,,,,,8188,,,5419,,,5761,,,,,,,,,,,,,,,,,,,,,,,,,,,,,,,,6090,,1035,412,3259,,,,,,,,,8913,,,3266,,3665,,,,,,,,,,,,,,,,,,,,,,,,,,,,,,,,,7481,8762,,1757,,,,,4246,1269,,,,,3157,7777,,,2151,,,,,,,,7051,,,,,,,,,,,,,2622,,,,,,8716,,,,,,,,,,,,,,,,,,,,,,,,,,,,,,,4482,,,,,,,,,,,,,,,,,,,,,,6092,,,5929,,,,,,,,,,,,,,,9344
1847,,,,,,,,185,,,,,,,,,4940,3228,9815,,,,,,,,4723,,2075,,,,,,,,,,,,,,,,,,,,4734,,,,,,1246,,,,,,,,,,,,,,,,,,7233,,,,,,,,,,6682,,,,,,,4986,,5628,,8658,,,,,,,,,,,,,,,,2706,,,,,,,,,,,,,8435,,,,,,9769,,,,,,,,,,,,,,,,3657,,,,,,,,,,7856,,,,,,,,,,,,,8209,,,,,,,6295,,,,,,6053,,,254,,6943,,,,5652,,,,,,,,,,,,,,,,,,,,,,,,,,,,,,,,,,,,,,,6224,6976,9381,,,,,,,,7351,,,2775,,,,,,,,,,,,,
,804,,,,,5622,,,,,,,,,4919,,,,,,3752,,,,3629,,,,,,,,,,,,1277,,,,3869,,,,,,,,,,,,,,,,,1143,,,,4660,,,,,,,,,4378,,,,,,,,,,,,,,,,,,,,,,,3462,,,,,,,,,,,,,,,,9495,,,,2946,,1747,,,,,,,,,,,,,9234,,,,,,2555,,,,,,,,,,,,,,,,,,,,,,,,201,,3007,,,3310,,,,,,,,,,,,,,,,,,,,456,785,,,7592,,,2810,,,,,2498,,,,1296,,,,9520,2505,,6676,,,,,8681,,,,,,,,,,,,,,,,,,,,,,,,,8777,1881,,,,,3777,,,,,1515,,,,,,,
,6223,,,9619,,905,,,,,,,,1714,,,,6171,,,,655,,,,,,,2299,4276,,,,,,,,,,,,,,1615,,,,4903,,6227,,,,,,,,4329,,,,,,,,,,,,,,,,,,,,,,,,,,,,,5678,,,,,,,,,,,35,,,,,,,,,,,,,,,,,,,,,,,,,,,,,,,,,,,,,,,,,,,,,,,,,,,,,,,,,,,,,,,,,,,,,,7762,,,,,,,,,,,,,,,,,,,,,9881,,,,,,,,,,,,,9208,,,,,,4157,,,,,,,,,,,,,,,,,,,,,,,,,,,,,,,,,,,,,,,,,,,5788,,,,
,7629,,,5211,,,,,,,,,,,4697,,,,,,,,,,,9464,,,,,,,,,,,,,,,,,,,,,,393,,,,,,6800,,,,1869,,,,,,,7709,,,,,,,,,,,,,865,9764,,,,,,,,,,4525,,,,,,,,,,,,,,,,1681,8171,,,,,,5866,,,,,,,,,,,,,,,,,,,,,6751,,,,6711,65,,,,,,,,,,,,,,,,,9050,,,,,,,,,,,,,,,,,,,5100,,,,,,,,,,989,,108,,,,,,,,,,,,,,,6830,,,,2954,,,,,,,,6691,,,,9698,,,,,,885,,8261,,,,,,,,,,,,,,,,,,,,,,,,,,,,,,
,6546,,,,4598,,,,,,,586,,,,,,,,,,,,6797,4677,,,,,,,,,,,,,4411,,,,,,,,,,,,,,,7569,,,,,,,,,,,,,,,,,,,,,,,,,,,,,,,,,,,,1423,,,,,,,,,,,1275,,,1500,,,,,,,,1119,9438,,,,,3852,,,,,,,,6500,,,,,,,,,,,,,,,,,,,,,,,,,,,,,,,,,,,,3075,,,,,1590,6960,,,,,,,,,,,,,,,,,3310,,,,,,5869,,,,,,,,,,,,,,,,,,,,,,,,,,,,,,,,,,,,,,,69,,,,,9137,,,,,,4931,,,,,,7976,,,,,,,,,
,,,,,,5226,8574,,,,,,,,835,,,,,7407,,,,,,,,4210,,,,,,3139,,5869,,,,,,,,,,,,,,,,,,4595,,,,7512,,,,,,,,,,,1378,,2393,,,,,,,,,,8052,,3011,,,,,,,,,,,,,,,,,,,,8412,,,,,,,,,,,,,,,,,,6938,,,,5751,,,1603,,,,,,,,,,,,,,,,,,,,,,,6969,,,,,,,,,,,,,,,,,,,,,,,,,6584,,,,,,4229,,,,,,,,,,,,,,,677,,,,,,,,,2703,,,,,5934,,,,3099,,,,,,,,,,,,,,,,,,,,,,,,,,,,,,,,,,,,,,,4625,
,,,,,,,,1899,,3149,,,,9902,,2397,,,,2489,,,,,,,,,,,,,,,,,,,,802,,,,,,,,,6832,,,,,,4892,,,,1096,,,,,,,,,,,,,,,,,,,,1757,4422,,,,,,,,,,,,813,8773,7068,,,,,,,,,,,,,,,,,,,,,,,,,,,,,,,,4586,4704,,,,,,,8802,,,,,,,,6689,,,1875,,,,,,,,,,,,,,,,,,,,,,,,6864,,5670,,,,,,,,,,,,,,,,,,,,,,,,3865,,,,,,2276,,,,,,,,,,,,,,,,,,,,,,,,,,,,,,,,,,,8158,,,,,6707,,,,8353,2695,,,,,,,9688,,
737,8598,,,,,,,,,9891,,,,,991,,8093,,,,,,,,,,,,,3999,,,,,,,,,,,4064,98,,,4418,,,,,,,,,7482,,,,9904,,,,,,,,8034,,,,,,,3107,,,,,,,,,,,,,,,,,,,,,,,,,,,,,,,,,,,,,,,,,,,,,,,,,,,,,,,9420,,,,,,3327,,,,,,,,,,,,,,8426,,7591,,,,,,,,,,1477,4832,,,,,8312,,,,,,,,,,,5336,,,,,,9151,,,,,,,,,,,,,,,,,,,,5060,,,,,,,,,,,,,,,,,,9906,,,1802,5045,,,,,,,,6207,,,,,,,,,,,5235,,,,,1312,,,,,,
,,,,,,,,9624,,,,,4842,,,3744,,,,,,,,,,,,,,,,,,920,,,,,,,,,,,,,,,,,,,,,,,,,,,,,,,,,,3429,,,,,3459,,,,,,,,,,,,,,,1912,,,,,,,,,,,,,,,,,,,,,,,,,,,,,,,,,712,,,,9075,,,,,,,,,2563,,,,,,,,,,8573,,,,3115,,,,,,7239,,,,5020,,3518,,,,,,,,,7770,,,1767,,,,,,,5246,,,,,,,,,,,,,,,,9394,,,,,,,,,4664,,,,4882,9864,,,,,,,1404,,,,,,,,,,1525,,,4472,,,9600,,9583,,,,,,,,,,,,,,,8071,,,,,,
,,,,,,8229,,,,,,,7101,,,,,,6317,,,,,,,,,,,,,,,,701,,,,,,,,,,,,,,,,,,,,6093,,,,,9492,,,,,,,,,,6958,,,,,6787,,,,,4297,,,,3421,,,,,,,,6151,,,,,,,,,,,,504,,,,,,,,,,,,,,,,,,,,,,9798,,,,,,,,,,,8959,,,,,,,,,,,,,,,,,7235,,,,,,,,,,,,,,,,,,,,,6266,,,,,,,,,,,,,,,1748,,,,,,,,,,,,,,5386,,,,,,,,,,,,,,,,,,,,,4242,,,,,,5775,,,,,,3123,,,,,8757,,,,,,,,,8635,5679,,,
2680,,,,,,,,,,,,8066,,,,,,,,,,,,,9341,,4259,,,,,,,,,,,,,,,,,,,,,,,,,,,,,,,,,,5373,,,,,4029,,,,,,,,,,2888,,,,,,,,7046,,,,,,,,,,,,,,,,,,,5867,,,,,,,,,6694,,,,,,,1136,,,,,,,,,,,,,,,,,1370,,,,,,,,,,,,,,,,,,,,,,,,,4394,,,,,,,,,,,,,,,,,,,,8219,6311,3451,,,,,,,,,7823,,,,65,,,,,,1133,,,,9306,2586,,,,,,,,,,,,,,,,,,1828,471,7843,,,,,,,,,,,,,,,,,,,,,,,,,,604,1114,
,9844,,,8645,,,,,9831,,,,,5826,,,,296,7798,,,6438,7594,8744,,,,,,,,,,,,,,,,,,,,,,,,,,,,,,4442,9976,,5587,6821,,,,,,,,,,,,,4249,,,1443,,,,,,,3940,,,,,,,,,,,,,,,,,651,,,,,,,,,,,,,,,,,,,,2436,,,,,,2154,,,,,2711,,,,,,7106,,,,,,,,,,,,,,,,3118,,,5365,,,,829,,,,,,,,,,,,,,,1367,,,,4215,,,4086,,,4449,,,3639,,9132,,,,,,,,,,,,,,,,,,9350,,,,,,,,,,,,,,9663,,,,,,,,,,,,,6012,,,,,,,,,,,,,,,,,2115,1160,,,,
7443,,,,,,,,,,,,5986,,,,,9175,,,,,,,,,,,,,,,,,1203,,,4452,2326,,9107,,,,,,,,6872,,,,,269,,,,,,,,,,1240,,,,,,,,,,,,,,,,,,,,,,,,,,,,,,,,,,,,,,,,,,,,,,,,,,,,,,,,,,,,,,,,819,,,,,,,,,2806,,7714,,,,,8266,,,,,,,,,,6184,,,,,,8589,,,,,,,,,,,,,,7714,225,,,,,,,,4,,,,,,,,,,,,,6708,,,,,,2417,,,,,,,,,,,,,,,,,,,,,,,,,,,,,,3131,,,,,,,,,,,,,,,,,,,,,,,,
,211,,,,,,,,,,,,356,,,,,,,,6051,,,,,,,,,,,,,,,,,,,,,,,,,,,,,,,,,,,,,6575,,,,,,,,,,,,,,,,,,,1409,,,,,,,,,9541,,9014,,,,9416,7338,,4647,,,,,,,,,,,,,554,,,,,,1827,,,,3349,7547,,5360,,,,,,,,1333,,,,,,,,,,,,,,,,,,,,,,,,,,,,,,,547,,,,,,3903,,,,8067,,,,,,,,,,,,,,,,,,,,,,,1334,,,,,,,,,,,,,,8842,,,,,,,5855,,,,,,,,,,,,,,,,,,,3157,,,,,,8931,,,,,,,,,,,,,,,,
,,,,,,,,,,,,,,,,,,,,,,,3153,,,,,9915,,,,,,4549,,,,,,7601,,,,,,,,5574,,,,,,,,,,,,,,,7394,,,,,,,,,,,,,,,8,,5376,4078,,,5762,,,,,,,,,,,,,6258,,,,,,,,,,,,,,,,,,,,,,,,,8268,,,1914,,,,,,,,,,,3777,,,,,,6262,3213,,,,,,,,,,,,,,,,,,,,,,,,,,,757,,,,,,,,,,,,,,,,,,,,,,5861,,6098,,,,,2302,,,2426,,,,,,,,,,,,,2052,,,,,,,,,,,,,1046,,,6752,,,,,,,,,4884,,,,,7325,,1882,,,,,,,,
,,9282,,,,,,,,,9773,,,,,,,,,,,,,,,,,,,,,,,4607,,,,7181,4799,,,,,,,,,,,7801,7317,,,,,,,,,,,,,,,4726,,,,,,,,,,,,,,,,,,,,,,,,,,,,,5729,,,,,3756,,,,,,,,,,,,5944,,,,,,9979,,,,,6052,,,,,853,,,,,,,1256,,,,,,,,,,,,,,,,,,,486,,,,,,,,,,,,,,,,,,,,,,9452,,,,,,,,,,,,9482,,,,,,,,,,,,5332,6662,,,,,,,,,,,,,,4972,,,3781,,3296,,,2311,,,,,,,,,2137,,,,,,,,,,1421,,,,,,,,,,,,,
,,,,,,,,,,,,,,,,2835,,,,3095,,,,,,8315,,,,,,,,,,,,,9869,8921,,,,,,,,592,,9413,,,,,,,,,,,,,,,,,,,,,,,,,,,,,,,,,,,,,,,,,,,,,,3386,,,,,,,,,,,,,2383,,,,,,,,,,,,,,,,2119,,,,,,,,,,,,8749,,,,339,,,,,,,,,,,,,,,,,,,,,,,,,,,7436,,,,,,,,,,,,,,,,,,,,,,,,,,,,,,,,,,,2054,,,,,,,,,,,,,,,,,,,,,,9861,,,,,,,,,,2654,,,,,,,,,,,,,,,,,,,,
2072,,,,762,,,,,,,6838,,3906,,,,,,,253,1164,,,,,,,,,8021,2167,,,,,,,,,,,,,,,5734,,9611,,,,5736,,,8096,,2730,,,,,,,9481,,,,,,,,,,,,,,1815,,,,,,,,,8917,,9650,,,,,,,,,,,,,,,,,,,,,,,,,,,,,,,,1900,2867,,,,,,,,,,,,,,,,,,5819,,,,,,8935,,,,,,,,,,,5223,,3964,,,,,8919,,,,,,,,,,,,,4158,,,8931,,,,,,,,,,,,,,,,,3361,,,,,,,,,,,,,,,,,,,498,,,,,,,,,,7991,,,7136,,,,,,,,,,,,,,,6943,,8178,,5249,,2082,,3078,,,
,,,,8435,,,,,2518,9031,,,,,,,,,,,,,,3311,,,,,,,9724,,,,,,,,,,2255,,,,,,,,,,,,,6156,,,,,,,,,,,,,,,9192,,,,,,9374,,,,,,,,,3659,,,,,,,,,,,,,,,,7405,,,,,,,,,,,,2300,,,,,,,,,,,,,9898,,,,,,,,,,,,,,,,550,,,,,,,,,,,,,,,,,,,,4718,703,,,,,,6465,,4604,,1777,,,,,,9743,,,,,,,,,,,,,,,,,,,,,,,6026,,,,,4770,,2180,,,,,,,,,,,318,,,,,,,,,,,,8979,,,,3712,,,,,2341,,,,,,,,,8710,,,,,,
,,,,8251,,,,,,,,,,,,,,,,,,,,,,,,,,,,4658,,,,,,,,,,,2724,,,3010,,,,,,,,,,,,,,,,3203,,,,,,,,,2584,,,,,,,,,,,,,,,,,,,,,,,,,,,,,,,,,,,,,,9446,,,,,,,,,,,,,,,,,4309,,,,,,,,,,,,,,,,,,,,,,,,,9247,,,,,,,,,,,,6474,,,,,4246,810,,,,,,,,,,,,,,,,3502,,,,,,,,,,,,,,,,2489,,,,,,,,,,3571,,,,,2671,,,,,,,,,,3101,,,,,,,,,,,7532,,,,,,,,,,,,,,,4067,,,
,,,,,,,,,,,,,,,,,,,,,,,,,,,2048,,,,3535,,,,,,,,,,,,,,,,,,6822,,2199,7752,,,,,864,,,,,,,,,,6436,,,,,8929,,7937,,,,,,,2964,,,830,,,,,1136,,,,,,,,,,2416,,,,,,1203,,,,,,1310,,,,,,,,,,,,8746,,,,9606,,,,,,,,,,,,,,,,,,,,,,9454,,,,,4966,5898,,,,,,,,,,,,8740,,,6751,,,6512,,,,4502,,1064,,,,,,,,,,,,8056,,,,,,,,,,,,,,,,,,,,,,,,,,,,2833,,6161,,,,,,,,,9170,,,,,,,,5604,,,,,,,,,472,,,,,,,3638,
1088,,,,,,,,,,,,,,,,,,,,,,1692,,,,,,,,,,,,,,5234,,29,4692,,,,,,,,,,,,,,,,,,,,,,,,,,,,,,,8711,,,,,,,,,,,,,,,,,,716,7947,1368,,,,,,8446,,,,,,,,6123,,,,,,,,,,8081,,,,,,,,,,,,,,,,6679,,,,,,,,,,,,,,,,,,,1805,,2352,,,2987,,,,,,,,,,,,,,,,,,,,,,2366,,,,,,,,,,,,,,,9974,,,6622,,,5360,,,,,,,,,,,7518,,,,,,,,,,,,,8377,,,,2756,9124,,,,9287,,,,,,,,321,,,,,,,,,,4759,,,,,,,
,,,,,,,,,,6490,,,3164,,,,,,,,,,,,,5922,,,,,,,,,,,,8142,,,,,,,,,,,,,,,,,,,,,,,,3167,2109,,,,4647,,,,3471,,,,,,,,,,,6201,,,,,,2399,,,,3763,9238,,,,,,,,,,,,,,,,,,,,,,,,,,,,,,,,,,,,,,,,,,,,,,,,,,,,,,,,,,,,,,,,,,,,,,,,,,,,,,,,,,,,,,,,6190,,,,,,,,,,,745,,,,9082,,,,,,,,,,,,,,,,,,,,,,,,,,,,,,,,,,,,,,,,,,,,,,,,,,,,,,,,,,,
,,,8137,,4305,,,,,,,,,,,,,,,,,,,,,,,,,,,,,,,6920,,,,,,8632,,139,,4337,,,,,,,,,,,,,,,,,,5600,,,,,,,,,,,,,,,,,,,,,,,,,,,7732,,,,,,,,,,,,,,,,,7256,392,,,,,,,,,,,,171,,,,,,,,,,,,,,,,,,3741,,,,,,,,,,,,,,4373,,,,,2387,,,,,,,,,,,,,,,,,,,,,,,3040,,,8008,,,668,3654,,,,,,,,,,2216,,,,,,,,,,8428,,,,,,1340,,,,2896,,,,,,,,,,,2316,,1787,9326,,5283,,,,,,,,526,,,,,6600,,,,,,,,
,,,,,,,1605,,,,,,,,,,,,,,,,,,,,,,,,,,,,,,6088,,,,,,,,,1675,,,,,,,,,,,,,,,,,,,,,,,,,2243,,,4253,,,,7417,,,,,,,,,,,2056,,,,,,,,,,,,,,,,,,,,,,,,,,,,,,,,,,,,7089,,,,,,,4783,8017,,,,,,,,,,1200,,,,,,,9089,,798,,,,,,,,8564,,6055,5929,,,,,,,6906,,,,,,785,,,,,,,,,,,,3015,,,,,,,,,,,,,,,9033,,,,,,,,,,,,,,,,1048,,,,,,,,,,,,,,1372,,,,,,,,,8855,,,,,,,,,,,,,
,,,,,9009,,,,,,,,,,,,,,,,2133,,9385,,,8321,,,,,,,,,8303,,,2348,,,,,5079,,,,,,8280,,312,,,,,,,,,,,,,,,,,,,,,8599,7782,,,8561,,,,,,,,,,,,,,,,,,,,6751,,,,,,4871,,,,,,,,,,,,,,,,,5192,,,,,,,,3598,,,3239,,,,,,,,,,,,2267,,,864,,,,,,,,,,9369,,,,,,,,,,,,,,,,,,,,,,,,,,7898,,,,,,,,,4499,,6674,,,,,,,,,,,,,,,,,,,,,,,,,,,,,,,,,,,,,,,,,,,,,,,3501,,,,,,,,,,,,,,4112,,
,,,,,,,,,,,,6591,,4157,,,,,,,,,9521,,,,,,,,7566,,8769,,,,,,,,,,,3205,,,,,,,,,,,,,,,,,,7728,,,,,,2335,,4696,,,5438,,,,,,,,,,,,,,,53,,,,3737,,,,,5373,,,,,,7179,9382,,,,5570,,2617,,6635,,5017,,,9550,,,,,,,,1745,,,,,1697,,,,,9711,,,,,,,,8667,,,,,,,,,,,,,,,,,,,,,,,,,,,1237,,,,,,,,2308,,,,,,,,,,,,,,,,,,,,,,,,,,,,,,,,,,,,,,,,,,,,,,,,,,,,,,7407,,3059,,,,,,,,,9832,,,2211,,,,,,,,9062,
,,,848,8777,,,,,,,,8279,,,,,,,955,,,,,,866,4416,,,,,,,,,,,,,,,,,,,,,,,,,,,,,,,,,,,,,,,,,,,,,,,,,,4553,,,,,2812,,,,,,,,2696,,,,,,,,,,,,,,,,,,9510,,,,,,,,,,,,,,,,,,,,,,,,,4788,,,,,,268,,,,,,,,,,,5495,,,,,,,,5667,,,,,,,,,,,,,,,,,,,,,,,,,,8615,,,,,,,,,,,,,,,4973,,,,,,,,,,,,,,,,,,,,,,,,,,,,,,,,9047,5303,,,,,,4402,,,,,,,9234,,,,,,,,,,,
,6908,,,,,,6590,,,,5451,,,,,,,,,,,,,,2337,,,,,,,,,,,,,,,,,,,8793,,,,,,6076,,2651,,,,,2626,,,,,,,,,,3815,,,,,,,,,,,,3437,,,,,,,,,8850,,,,,9302,,,,5097,,,,,,,,,,,,,6531,,,,,,,,,,2936,,,,9990,,,,,,,8140,,,,,2848,,9499,,,,,,,,,,,,,,,,,,,,,,,,,,,,,3304,6023,7151,,,,,5102,,,,,8692,9818,,,,,,,,,8647,653,,,1094,5290,,,,,,7401,,,,,,,,,,,,,,3767,5479,,,,,,,,,,,3834,,,4582,,,,,,,,,,8016,,,,228,,6521,,,,,,3036,,,,
7831,,,,,,,,,3751,,8778,,,,,,,,,,5282,,,,,,,,,,,,,,,,,,5594,,,,,,,,,3011,,3401,,,,,,,,3860,,,,,,2406,,,,,,,,,,,,126,,,9746,,,8307,,,,,,7701,,,,,,,,,,,,5402,,,,,,,,3094,,,,,,,,,,,,,,,,,,,,,,,,,,,,,,,,,,,,,,,,,,,,,,,,,,1872,,,,5888,,,,,,,9081,,,,,,4782,,,,8724,,,4976,,,,,,,,,,,,,,,9412,,,,,,,,,,,,,,,,,993,,,,,,,,,,,,,,,4599,,,,,,,,,,,,,,,,,,7641,,,,,,,,
,,,,,,,,,,,,,,,,,,2782,,,,,,,8879,,,,,4337,,,,,,5588,,,,,,,,,,,,,,,,,2785,,,,1943,,,,,,,,9369,9411,,,,6169,,,,,,,,,,8036,,,,,,1340,,,,,,,,,,562,,,,,,,,8350,,,,,7344,,,4124,2997,,,,,,,,,,2206,7904,,,,,9701,,,,,,,,,,,,,,,,,,,,,,,,,,,,,,7316,,,,,,,,,,,,,,,,,,,,4188,,,,,,,,,,,,,,,,,,,,,4423,,9221,,,,,,,,,,,,,,,,9026,,,,2300,,,3965,,,,,,,,,8777,,,,8294,,,,1834,,,,,,,3061,,,,,5540,
,,,,,,,,,,,,,,,1415,,,,,,,,,,,,,,,,9764,5834,,,,,,,,,,,,,,,,,,,,8570,,,2224,,,2958,,,7170,,,,,,,,,,,1426,,,,,,,,,,,,,,,3536,,,,,,,,5586,,,,,,,,561,,,2232,,,,,,,,,,993,,,2453,,,,,,,,,659,,,,,2586,,,,2838,,,9363,,,,,,,,,,,,,,,,,,,,,,416,,,,5847,,3285,,,946,,,,,,3713,,,,,,,,,,9141,,,,,,1512,,,,,,,,8155,,,,,,,,2761,,4089,,,,,,,,,,,,,,,,,,,,,,,,,4819,,,,,,,,,,,,,,,,,,,
,,,,,,,,,,4775,,,,,,,380,,,6101,,,,,,,,,,,,,,9784,,4828,,8955,,,,,,,,9603,,,,,,,,,,,,,,,,,,,,,,,,,3265,,,2452,,,,,,,,,,,,5160,,,2580,,,,,,,,,,,,,,,,,,4484,,,,,,,,8281,3232,,,,,,,,,,,,,,,,,,,,,,,,936,,,,,,,9812,,,,6391,,,,,,,,,8767,,,,,,9255,,,,,,,,,,,,,,,,,,,,,,,,,,,,,5096,,,,,,,,,,,,,,,,6,,,,,,,,,,,,,,,8589,,,,,,8685,,3694,,,2548,,1927,4793,,,,,5126,,,9703,,,,,,,
,,,,,,,,,,,,,,,,,,,,,,,,,,,,,,,,,,,,,,,,,,,,,,,,,8806,,,,,,,,,9984,,,,,,,,,,,,,4496,,1337,,2007,,,,,,,,,,,,,,6340,,,,,6177,,,1827,,5680,7594,,,,,,,,,,,,,,9970,,,,,,,,,,,,,,,,,,,,,,,,,,,,7855,,,,,,7296,,5004,3854,,5172,,,,,,,,,,,,,,,212,,,,,,,,,,,,,,357,,,,,3263,,,,,,,,,,,,,,,,,5501,,,,,8268,,,,,8781,,,,,,,,,7883,,,,,,2116,7457,8030,,,,,,,,1183,,,,,,,4753,,7653,,,,,,,457
,,,,,,3140,9704,,3283,,,,7541,,,,,,,,,,,,,,,,,,,,,2472,,,,,8505,,,,228,6678,,6439,,,,,,,4582,,,489,,,,,,,,,,,,,,,,,,,,,,,,,,,,,,,,,,,,,,,,,,,,,,,,,,373,,,,341,,,,,,,,,,7525,1928,,,,,,,1820,,,,,,2581,,,,86,,,,,,,,2071,,,,,,,,,,,,,,,,,,,,,,,,4073,,,,,,,8454,,1830,,,,,,,,,,,6353,,,,,,,,5634,,,,,,,,,,,,,,,,,,,,9833,,,,,,,,,,,,,,,,,,,9287,,,,3281,,,,,,,,,,,,,,
,,,4122,,,,2410,,9036,,,,,,7550,,,,,,,,,,,,,,3946,,,,,,,,,,6460,,,,,,,,,,,,,,,,,,,,,,,4230,,,,,,,,,,,,,,,2505,,,,,,,,,,,,,6470,3847,,,7007,,,,,,,,,371,6561,,,,,,,,3173,,,,,,,3012,,,,6351,,,,,,,,,,,,5867,,,,,,,,,,,8128,,3078,,,6302,,6204,,2464,,,,,,,9049,,165,,,,,,,,,,,,,,,2114,,,,,,,,,,,,,,,,,1234,,,,,,,,,,,,,,5398,,,,,6755,,,,,,2551,,,,,,,,1780,,,,,,,,3118,,,,,,,,,,,,,,,,,,
,,1293,,,,,,,,,,,,,,,,,,,,,,,,,,,,,,,,,,,,,,,,,,,,,603,,,,,,,,,,,6670,,,,,,,,5118,,,1594,,,,,,,,,,,,,,,,,,3105,,,,8655,,,,,,,,,,,,,,,,9952,,,,,,,,,,,,,,5681,,,,,,,,,,,,,,,,,,,,,,,,,,,,,,,,,,,8646,,,,,,,,,,,,,,,,,,,,,,,,,,,,,,,,,,,,,,,,,,,,,,5411,,,,,,,9148,,,,991,,,,,,,,,,,,,,4339,6855,,,,4398,,,,,,,,,,,,,,,,,,8859,,,,,
,,,,4743,,,,,3060,,,,,,,6046,,208,,,,,,,,,7194,2757,,,,,,,,,2768,,,,,,,,,,,5429,,,,,3350,,,,,,,,,,,,,,,,,,,,,,,,,,,,,,,,,322,,3272,4311,,,,,,,5645,,,,,,,,,,4567,,,,,,6852,,,,4149,,,,,6314,,,,,,,,,,,,,,,,,,,,,,,,,,,,,,,,,,,,,,,,,,,,,,,,,,,,,,,,,,,,,,9304,,,,,5298,,,,,,,,9802,,,,,4566,,,,,,,,,,,,,,,,,,,,314,,,,2511,,,,,,,,,,,,,,,4478,,,,,,,7958,8867,,,,,,,
,,,,,,7133,,,,,,,,8595,,,,,,,,,,,6815,,,,,,,4016,,,,,,,,,4558,,,,,,1683,,,,,,,,,,,,,,,,8763,,,,,,,,7071,,,,,,,,,,,,,,,,,,,,,,,,,,,,,,,9312,,7812,,,4965,,,,,,4238,,,101,,,,,,,,,,,,,,,4939,,,,,,,,,,,8480,,,,3931,,,,7504,,,,,,,,,,,,,,3924,,,,,4844,,,,,,,369,,,,,,,,,,,4325,,,,,,,,,,,,,7491,,3565,,,,,,,,,,,,,2191,,,,,,,,,,,,,,,,,,,,,,,,,,9298,,,,,,,,768,,2148,,2932,,
,,,,,,,,,2512,,,,,,,,2827,,,,,,196,,,,,,,,,,,,1129,,,,,1737,,,,,,,,,,,,,,,,,,,,,,,,,,,,,9551,,,,,,,,,6924,,,,,8714,,,,,,,,,,,,7685,2170,,,,,,,,6168,5138,,5046,,,,,,,,,2836,,,,,,8339,,,,,6827,,,,,5580,,,4227,,,,,,,,,,,5923,,4022,,3989,,,,4668,,,,,,,,,,,,,2849,1715,,2388,,,,,,,1747,,,,,,,,,,,,,,,7819,,,,,,,,,,,,,425,,,,,,,,,,,,,,,,5141,6761,,,,,,,,,,,,,,,275,,,,,,,,,9225,,,,,,,,,
,,,,,,,,,,,,,,,,,,,,,,,,,,,,,,,,,,,,,,,,,,,,,,,,,,6741,,,,,,,,,,,,,,,,,,,3210,,,,,,,,8167,,1598,,,,6941,,,,,,,,,,,,2061,,,,,,,,,,,,,,2256,,,,8805,,,,,,,,,,,,,3584,,8487,,,,,,,,,,,,,,,,,,,,,,,,,,,4448,,,,,,,6488,,,4684,,,,,,,5163,,,,,,,6377,,,,,,,,,,,,,,,,,,,7516,,,,,,,,,,,,1144,,,,,,,,,,,4633,8606,6246,,,,,,,,,,,,,,,,,,,,,,,,,,,,,,,,
,,,9391,,,,454,,,8969,997,,,,2226,,,,,,,,,,,,,,,,,,,,7797,,,,,,,,,,9749,,,,,,,,,,,,,,,,,7629,,,,,,,,,,,,,,,,,,,,,,,,,,,,,,,,,,,,,,8629,,,,8908,,,,,,,,,,,7676,,,,,,,,,,,,,1223,,,,,,,,,7659,,,,2949,,,,,,,,,,,,,,,,9303,,,,,,,,,,,,,,,,,,,,,,,,,,,,7319,,,,,,,8014,5807,,,,,,,,,,,,,6304,,4043,1751,,,,,,,,,,,,,,,,,5957,,2348,,,,,,9668,,,,,,,,,,,,,,,,,4758,,4290,,
,,3052,,,,,,,7260,,,,,,,,3670,,,1933,1543,,,,,,,,,,,,,,,,,,,,,,,,,,,3968,,,,,,,,,,8040,9553,,113,4167,6856,,,,,,,,,,973,,,,,2774,,,,,,,,,,,,,,,,5904,,,,,,,,,,,,,,,,,,,,,,,,,,,,,,,,,250,,4795,,,,,,,,9086,,,,,,,,,,,3313,,,4913,,,6728,,,,,,,4684,,,7116,,,,,,,,,,,,,,,9293,,,,,7429,,,,,,,,,,,,,,,8208,,,,,,,,,,,,,,,1232,,,,8014,,,,,,,,,,,,,,,,,2444,,,,,,,,,,,,,,,1987,,,,,
,,,,,,,,,,,,,,6024,,,,,,,,,,,,,,,,,,,,,,,,,,,,,,,,,,,,,,,,,,,,,,,,,,,,,,,,,,,,,,,,,,,,5519,,1667,,,,,,,,,,,,,,,,,,,,6898,,4316,7083,,,,,,,,,,4949,,,,,,,,,,,7147,,,,,,,,,,,,,,,,,,,,8203,,,,,,,,,6029,,,,,,,,,,,,,,,,,6310,,,,,,,,,,2864,,,2244,,4905,,,,,,,,,,,,,,,,,,,,,,,,7471,,7918,8525,,,,,,,,,,,,,,8201,,,,,,,,3169,,,2068,,,,4381,,,,,,,,,,
,,,,,,,3296,,,,,,,,,,,,,,,,,,,3544,,,,,,,,,,,,,6558,,,,,,,,,,,,,,,4459,,,,,,,,,,,,,,,,,,,,,,,,,,,,7809,,,,,,,,,,,,,,,,,,,,,,,,6648,,,,,,,,6919,,,,,,,,,,,,,,,,,,,,,,,,,,,,,,,,,,,,,,,,,,8417,,,,,,,,,,,,,,,8395,,,,,,,,,,,,1237,,,,,,,,,,,,,8138,1516,,,,,,,,,,,,,,,,,,,,,,,,,,,8895,,,,,9221,,,,,,,,,9367,,,,,,,,,,,,,,,,,
,,,,,,,,7537,,3193,,,,8749,,,,,,,,,,,,,1587,,,,727,,,3022,,,,,,,,,,,,,,,,,,,,3287,,,,,,3038,,854,,,,,,,,,,,,,,,,,,,,9673,,,,,,,,,,,,,,,,,,,5779,,,,,,,,,,,,,,,,,,,,,,,,,,,,,,,,,,,,1572,,,5076,,9497,,,,,,,,,,,,,,,,,,,,9577,,,,,,7382,,,,,,,,,,,,,,,,,,,,,,,,,1167,,,,,,,,,989,,,,,,,,,,,,,,,6580,,,,,,,,,,,,,,7406,,,,,,,,,,,,2045,,,,,,,,,,,,
,,,,,,,,,,6656,,2742,,,,8587,,,,,,3168,,,,,,,,,,,,6930,,,,,,,,,7525,,,,,,,,,,,,,,,,,,,,,,,,,,,,,,,,,4093,,6666,,,,,,,,,,,,,,,,3682,,,,,,,,,,,,,,,,,,8745,,,,,,,,,,4034,,,,,,,,,,,8258,,,,,,,,,,,,,,8917,5929,,,,,,,,,8341,,,8878,,,,,5257,,,,,,,,7931,,,,,,,,,,,9877,519,,,,,,,,,,,,,5416,,,,,,,5143,,,3748,,,,,,,,,,,,,,,,,1954,,,,,,,,,,,,,,,,,8469,,,,,,,,,,,,,
,,,,,,6117,7293,,,,,,,,5162,6074,,,,,631,,2755,,,,,,,,,,,,,,8839,,,,934,,,,,2854,,,,,,,,,,8750,,,3550,,2342,,,,,,,,2127,,,,,,9348,,,,,,,,2935,,,476,,,,,,,,,,,,,,,,,,,,,,,,,,,,,,,,,,,,,,,,,,,,,,,,,,,5300,,,,,,,989,,,,,,,,,,,,,,,,,,,,,,,,,,,,,,,,,,,,,,,,,,,3188,,,,,,,,,,,,,,,,,,,,,,9521,,,,,,,,,3886,,,,,,,,,,,,5778,,,,,,,,,,,,,,,,,,,,,,,,,
,,,,,,,,,,,,,,,,,,,,,,,,,,,,,,,,,,,,8300,,,,,,,,,,,,,,,,,,,,3159,,,9784,665,,,,,,,8772,7062,,,,,,,,,,,,,,,,,,,,,,,,,,,,,,,,,,,,,7109,,,,,,,,,,,,3073,,,,,,,,,,,,,,,,,,,,,,,,,,,,,4910,,3230,,,,,,,,,,,,,,7128,,,,,,,,,,,,,,,,,,,,,,,,,,,,,4123,,,,,,,8045,,,,,,,,,,,,,,,95,,,,,,,,,,,,,,,,,,,6825,,,,,,5437,,,,,,,9905,,,,,,,,,,7098
,,,,,,,,,,,,,,,,,,,,,,,,,,,,,8300,,,,8257,,,,,,,,,,,,,,,,,6982,,,,,,,,9222,,,,,,,,,,,,,,,,,,,,,,,5051,,,,,,,,,12,,,,,,,9841,,,5614,,,,,,,,,,,,,,,,,,,,,,,,,,,,,200,,,,,8092,,902,,,,,,,,,,,,6749,773,,,,,,,,,,,,,,,,,,,7391,,,,,,,,,,,,,4921,,,,,,,,,,733,,,,,,,,,,,,3736,,,,,,,,,,,5419,,1410,,,,,,,,,,,,,,,,,,,,,,,,,,,,,,,,,,1189,,,,,
,,,,,,,,,,,,,,,,,,,,,,,,,,,,,,,,,,,,805,,,5873,,,,,,,,,,,,,,,,3571,491,,,,,,,,,,,,,,,,,,,,,,,,8589,,,,,3812,,,,,,,,,,,,,,,,,,,,,,,5046,,,,,1722,,,,,,8610,,,8795,2210,,,,2623,,,,9524,,,5376,,,,,,8440,,,,1246,,4158,,,,,,9155,5611,,,,,,,,,,,,,9319,,,,,,,7035,,,,,,,,,,,,,,,8394,,5097,,,,,1259,,7745,,,,,4022,,,,,,,,,,,,,,,,,,,,,6600,,,,4641,,,,,,,,,,,,,,,3932,,,,,,,,,,2213,,,
,3932,,,,,,6558,,,,4115,,,,,,,,529,,,,,,,,,,,,,,,,,,,,,,,,,,,,,,,,,,,,,,,1388,,,,,,,,,,,,,,,,425,,,,,,,,,,,,,,,,,8261,,,,,,,,3021,,,,,,,,,4107,,,,,2589,,,,,,,,,,,,,,,9790,,,,,,,,,8666,,,,,,,,,,,,,,,183,,,,,7317,,,7739,4852,,,,5435,,,,,,,704,,,,6133,,,,,,,,,,,,,119,,,,,,,,,,,,,,,,,,,,5592,,,,,,,,,,,,7710,,6836,,,,,,,,,,,9205,,,,,,,,9072,,,,,,,,9232,,,3692,,
,,,,,,,,9895,,,,,,,,,,,,,,,,,,,,,,,9453,,,,,,,,,,,,,1086,,,,,,2322,,,,,,,,,,,,,,,,,,,,,,,,,2929,,8262,,,,,,,,,,9278,,9664,,,,,,,,5665,,,,,,,,,,,,,,,,,5464,,,,,,,,2393,,,,,9917,,,,,,,,,,,,6449,,,,,,,,,,,,3466,,,,,,,,9243,,,,,,,,,,,,5126,,,,,,,,,,,,,,,,,,,,,,,,1595,,,,136,,,,,1639,,,,,,,,,,569,,,,,,,,,,,,,,,,,,,,860,,,,,,,,,,,,,,,,,,,,,
,5379,,6137,,,,,,9540,994,,,,,,,,,2514,,7902,,8567,,,,104,,,,,,,,,,,,,,,,5989,,,,,,,,,,,,,,,,,,6395,,,,,,,,,,,6662,,,,,,,,,,,,,,,,,,,,,,,,,,,,,,,,,,,,,,2695,,,,4606,,,,,,,,,,,,,,,,4866,,,767,,,,,,,,,,,9652,,,,,9621,,,,,,,,56,,,,,,,,,,9141,,,,,,8551,,,,,,,,,,,8681,,,,,,,,,,,,,2971,,,,,,,,,,,,,,,,,,,,,,,,,,6615,,,,,,5771,,,,,,,,7533,,,,,,,,,,,,,2973,,,9886,,
,,,,,,1752,,,,,,,8602,,,,,,,,6028,,,,,,,,,,9448,,,,,4552,6066,,,,,,,,,,,,,,7156,,,,,,,,,,,,,,,9879,,,,,,,9182,,,,,,,,,,,,,,5574,,,,3710,,,,,,,,,,,,,6905,7089,,,,,,,,,,,,6659,,,,,,,,,,,,,,,,,,,,,,,,,,,,,,,,,,,7994,,,,,,,,,,,,,,,,,,4499,,,,,,,,,,,,,,,,3018,773,,,,,,,,5141,,,,,,,,,5809,,,,,,,,,,,,,,,9834,,,,,,,,,,,,9760,,,2604,,,,,,,,,,,,,,2229,3278,,,,,,
,,,,,,,,,,,,,,,9493,,,,,,8992,,,,,,,,,,,,,,,,,,,,,,,,9720,,,,,,,,,,,,,,,,,,,,,,,,,,,,,6950,,,,,,,,,7401,,,,,7458,,,,,,,,,,2368,,,,,,,,,3908,,,,,,,,,,,,,,,,,,,4272,,,9202,8246,,,,,9583,,,,,,,,,,,,,,,,,,,,,,3550,,,,3744,,,,,,,2620,,,,,3060,1331,,,,,,,,,,,,,,,,,,,,,,,,,,5101,,,,,,,,,5423,,,6382,,,,,,,,,,,,,,,2181,,,4830,,,,,,,,,,,,,,,,,,,,,,,,,
,6342,,,,,,,,,,,,,,,,,,,,,,,5759,,,,,,,,,,,,,,,,,,8172,6735,,,,,1661,,,,,8751,,,,,,,,,,,,,,,,,,,,,3615,,,,,6781,,,,5514,,,,,,,,,,,,,,,,,,,,,,,,1415,,,,,,,,,,9555,,,,8629,,,,,,,,,,,,,,,,,,9438,,,,4362,,,,,,,,,,,,,,,,,,,,,,,,8637,,,,1521,,,,,,,3731,,,,,,,,,,,,545,,8730,,2461,,,,,,,,,,,5230,,,,5814,,,,,,,9877,982,,,,,,,,2434,,,,,,,,4003,,,,,,,,,,,,,,,,,,,,,,
,,,,,,,,,,621,,,,,,,,,,,5517,,,375,,,,1296,,9768,,,,,,,9312,,,,,,,,,,,,,,,,,,,,,,,,,,,,,,,,,,,,,,,,,,,,,8940,,826,,,,,,,,7452,,,,,,,,,8644,,,,,,7093,,,,,,,,,,,,,,,,,,,,,3063,,,,4247,3417,7969,,,,,,3249,,,,,,,5392,,,,,,,9300,,,,,,,,,,9778,,,,,,,,2541,,,,6630,,,,,,,,,,2413,,5113,,,,,3633,,,,,,,,,298,,,,,,,,,,,,,,,647,,,,,,,,,,,,,,,,,,,,,,5146,,,,,,,,,,,,,,,6853,
,,,,,,,,,7720,,,,,,,,,4649,,,,,,,,,,,8081,,,,,,,,,,,,,,,,,,,,,,,,,191,1365,,,,,,,,,,,,,,,,,,,,,,,,,,,,,,,,,,,,,,,,,8005,,,,,,,,,,,,,,,,3630,,,,,,,,,,,,1872,,,,,5577,,,,,,,,,,,,,,,,,,,,,,,,9575,1525,,,,,,,,,,,,,,,,,,,2992,,,,,,,,,,,,,2679,,,,395,,,,,,,,,,,,,,,,,,2746,,,7908,,,,,,,2464,,7677,,,8307,,,,,,8313,,,,,,,,,,,,,,,,,,,,,,,,,2257,
,,,,,,,,6774,,,,,,,,,,,,,,,,,,,,,3544,,,,922,,,,,,,,1899,,,,,,,,,,,,,,,,,,,,,,,3799,,,,,,,,,,,,,,,4415,2598,7830,,,1129,,,,,,,,,7863,,,,,,,,,,,,,3493,,,,,,,,,,,,4612,,1856,9601,,,,,,,,,,,,,,,7920,,9685,,,,511,,,,,,,,,,,,,,,,,1101,,,,,,,,,,,,,,,,,,,,,163,,,,,,,,,,,,,,,,,,,,,,,,,,,,,,,,,,,,,,,,,,,,,,,,,,,,,,,,,,,,,,,,,,,,,,,,,5175,,
,,,,,,,,,,548,,,,,,,,,,,,,,,,,,,,,,,,,,,,,,,,,,,,,,,,1998,5130,,,4893,,,,,,,,,,,,3884,,,,,,,7168,,,,4779,,,,,,,,7893,,,,,,,,,,2525,,,5973,,3059,,,4604,,,1487,,,,,6915,,,,,,,,3884,,,,,,,,,8608,,,,,,1994,1555,,,,,,,,,,7427,,,,4972,,,,,,,,,,,,,,,,,,,,9806,,,,,,3330,,,,,,,,,,,,9470,,,,,,,,,,,,,7356,,,,,,,,,1577,,,,,,5841,,,,,,,,,,,,,,,,,609,99,,,,,,,,,,,7468,,,,,,,,,,,
,,,,,,,,,9154,,,,,,,,,,,,,,,,,,,,,,,,,,1212,,,,,,,,,,,,,,,77,,,1978,,,,,,,,,,,,,714,,,,,,,,,,,,,,,,,,,,,,,,,,,,,2640,,,,,,1056,,,,,,,,,,,,,,8544,,,,,,,,,,,1923,,,322,,,,,,,,,,,,,,9238,,,,4427,,,,,5157,,,,,,,,,,,,3914,,764,,,,,,,,,,,,,,,,,,,,,,,6514,,,5938,,,,206,,,,2836,,,,,,8661,,6654,,,,,,,,,,,,,,,,,,,,3956,,,,,,,,,,,,,,,,,,,,,,,,,,2328,2823
,,,,,,,,,,,,328,,,,3511,,,,,,,,,,,,1231,,,,1880,,1068,,,,,,,,,,,,,,,,,,,47,,,,,3444,,,,,,,,,,,,,,,,,,,,,9469,,,,1662,,,,,,,,,,,,,,,,,,,,,,,,,,,,,,,,,7980,,,,,,,5441,,,,4205,,,,,,,,,,7496,,,,,,,,,,,4813,,,5294,,,,8903,3094,,,,,,,,,,,9275,,,,,,,,,,,,9231,,,,,,,,,3686,,6797,,,5390,,,,,,,,,,,4379,,,,,,,,,,,,,,,,,,,,,,,,8822,,,,,,,,,,,,,,,,,,,,,,,,8910,,,
,,,,,,,,,1549,,,,,,,8075,,,5144,,,,,,,,3520,,1363,,,,,,,,,,,,,,,,,6958,,,,1679,,,,,,,,,,,,,,,,,,,,,,,,,,,,,,,,,,4374,,,,3240,,,,,,,,,,,,,,,1621,,,,1714,,,,,,,,,,,,,,,,,,,3150,,,,,,5102,,2202,,,,4235,,,,,,,,,,,,,,,,6190,,,,,,,,,,,,,,,,,7536,,440,,,,,,,,6291,6269,,,,,,,,,,,5850,,,,,,,,,139,,,1210,,,,,2779,,,,5884,,,,,,,,,,,,,,,,6341,,,1490,,,,3746,,,,4328,,,,,,,,,,6909,,,,
,,,,,,,,,,,,,,,,,,,,,,,5445,,,,,,,,21,,,,,586,,,,,,4314,,,,3440,,,,,7598,,5438,,,8430,,,,,,,4326,,,,6800,,,,,,,,,3170,,,,,,,,,,,,,,,,,,,,,,,,,,,,,,,,1319,,,,,,,,,,,,,,,8703,8408,,,,,,,,,,,1278,,,2805,,,,,,,,,,,,,,6974,,,9786,,,,,,,,3538,,,,,804,,8465,,,,,,,,,,,9247,5399,,,,,,,,,,,8523,,,,,,,,,,,,,,,7477,,8017,,,,,,,,,,,,,,7794,7920,,,,2746,,,,,,,,,,,,,,,,,,,,,,,,,,
,6891,,,,,,,,,,,,7887,,,,,,1229,,,,,,,,,,,,,,,,,,,,,,,,,,,,,,,,,,7783,,,,,,,2622,,,,,,,,,,,,,,,,8365,2436,,6681,,,,,,,,,4120,,,,,,,,,,,,,,,,5312,,,,,,,,,,,,,,,4075,,6274,,,,,6337,,,,,,,,,,,9545,5288,,,,,,,5614,,,,,,,,,,,,1922,,,,,,,,,,,,,,1757,,,,4386,,,,,,,,,,,2871,,,,,,,,,,,,,,,,691,,,,,,,,,,,,,,,,,5793,,,,,,,,,,,,,,,,,,,2904,,,,,,,,,,,,,,,,,
,,,,,,,,,,,,,,,,,,,,,3417,,,,,,,,5157,,,,,,,,,,,,1288,,,3626,,,,,,,,,,,,1752,3209,,,,,,,,,,,,,,,,,,,,,,,,8715,,,,,,,,,,,,,,,,,,,,,,,,,,,,,6343,,,,,,,,,9508,,,,,6370,,8655,,,,,,,,,,,,,,4229,,1894,,,3420,,,,,,,,,8883,,,,,,,,,,,,,,3386,,,,,,6960,,,,,,8422,,,,,1345,,,,,,,,6091,,6988,,,,,,,,,,,8508,,,,,,,,,,,,,,,,,,,,,,,,8155,,,,,2519,9233,,,,3292,,,6721,,,,2879,,,,,,,,
,,,,,,,,,,,,,,,,,,,4828,,,,,3956,,323,,,,,,,,,,,,,,,,,,,,,,,,,,,8586,,,,,8181,,,,,,,,,,,,,7607,,,,,,,,,,,,8035,,,,,,,,,,,,,,,,,,,838,,,,,,,,,,,,,3208,,,,,,,,,,5524,,,,,8350,,839,,,,,,,,,,,,,2261,,,54,,334,,,,,,,,1035,8729,,,,,2010,,,,,,,,,,,,,,,,1076,,,,,,,,,,,,,,,,1,,641,,,,,,,,,,,,,,,,,1450,9964,,,,,,,,,,,,,,,,,,,,,,9066,,,6051,,,,1422,,,,,,,,,,
,,,,,,,716,5657,,7191,,,,,,,,,,,,,,,,,,,529,5791,,,5999,,1099,,8779,,1829,4488,,,,,,,,,,,,,,9289,,,,,,,,,,,,,,,,,,,,,,,9228,,,,,,,,,,,,7442,,,,,,,7472,,,,,,4874,,,,,,4754,,,,,,,,,5849,,,,,,,,,,,,,,,,6959,,,,,,,,,6391,,,,7569,,,3844,,,,,,,,958,,,,,,,,,,,,,,2532,,,,,,,2105,,54,,,,,,,,,,,,,6709,,,,,,,,,,,,,,9079,,,,,,,,,3850,,2423,,,,,,,3581,,,,4860,1436,,,,4590,,,,,,,8088,,,,,,,,,,,,,1990,515
,,,,,,,,,2899,6059,,,3569,,,,,,,,278,,,,,,,,,,,3960,,,,,,,,,,,7245,,,,,,,,,,757,,,,,,,,,,,,,,,,,,,4025,1773,,,,,,,,,,,,,,,,,,,,,,,,,,,,,,,,,6403,,,,,,,,,,2262,,,2382,,,,,,,,,,,,,,,,,,,,,,,,,,,9207,,,,,,,,,2214,,,,9448,,,,,,2746,,,,,5518,,,,,,,,,,,,,,,,,,7535,,,,,9629,,2343,,,,,,,,,,,,,,,,,,,,3712,,,,,,,,,,,,,,,,,,,,,,,,,,,,,,,,,,,4863,,,,,
,4649,,,,,,,,,,72,,,,,,,,,,,,4964,,,,,,,,702,,1209,,,,,,,,,,,,,,,,,,,,,,,3833,,,7961,4477,,,,,,,,,,,,,,,,,,5238,,,,,,10,,,,,,,,,2374,,,,,5458,,,,6826,,7007,,,,,,4264,,,,,,,,,,9619,,,,,,7211,,,,1768,,,,,,,,,9629,,,,,,,,,,,227,,,,,,,,,,,,,,7452,,,,,,,,,9511,,,7821,,,,,,,,,,,,183,4678,8089,,,,,,,,,,,7948,,,8152,,,,,,,,,,,,,,,,,,,,,,,,,,,,,,,,,,,,,,,,,,4578,858,,,,,,,,
,,,,,,,,5578,,,,,,,,,,,,,,,7279,,,,,,,,,,,,,,,,,7083,,,,,,,,,,,,,,7473,,,,,,,,,,,,,,,1039,,,2800,6327,,,,,,,,,,,,,,,,,,,,,,,,,,6493,7470,,8539,6589,,,4534,,,,,,,,,,,,,6879,,,,,,,,,,,,,,,,,,,,,,,,,,,,,,,,,,,,,,,4174,,,,,,,,,,,,,,,,,,,,,,,,,,,,,,,,,,,,,,,,,,,,,2115,,9886,,,,,,504,,,,,,,,,,1127,,,,,,,,,,,,,,,,,,,,7985,,,,,,,,,,,940,,,
3043,,,,,,,,,,,,,,4315,,,,,,,,,,,,,,,,,,,9300,,,3901,,,,,,9299,,,,,3157,,,,,,,,,,3478,,,,,2054,,,,1622,,,,,,,,,,,,,,,,,,,7802,,,,,,,,,,,88,,,,8479,,,,,,,,,2738,,3592,1968,,,4963,,,,,,,,,,,,,,,,,,,,,,,,,4082,,,,,,,,,,,,,,,,,,,,,,9797,,,,,,,,,,,,,,,,,,,,8892,,,,,,,,,,,,,,,,,5684,,,799,1227,,,,,,,,,,,,,4337,,,,,,,,4446,,,1890,,,,7260,7399,,,,,,,,,,,,,,,,,,,,,,,
5350,,,,,,,,,,,,,,,,,,,,,6827,1288,,,,,,,,,,,,3346,,,,,,,,,,,,,,,,,,,,,,,,,,,,,,,,,,,,,,,,,9018,,,,,,,,,3633,,,,,,,,,,,,2513,,,,,,,,,,,,,,,,,,,,,,,,,,,,5269,,,,,,,,,,4415,,9048,,,,,,,,,,,,,,,,,,,,,,,,,,,,72,,,,,,,,,,,,,5665,,,,,,,,,2818,,,,,8982,,,,,,,,7774,,,,,,,,,,,,,845,,,,,,,,,,,,,,,,,,,,6421,,,,,,,,3392,,,,,,3776,,,,,,,,,
,,,,2136,,,,,,,,,,,4587,,,,,,,,,,,,,,,,,,,,7565,,,,,,,,,,,9512,8913,,,,,,,,,,,5351,,,,,,,,,,,7429,,,,,,,,1787,,,,,,,,7819,,,,,,,,,,,,,,4848,,,,7312,,,,,,,,,,,,6966,,,,,,,,,3932,1204,6269,,,,,,1560,,,,,,,8089,,,,,,2112,,,,,,,,,,,,,,,,,,2717,,,,,,,,,,,1430,,,,,,,,1564,,,,,,,,,,,,,,,,,3934,,,,,,,,871,,,6195,,,,,,,,,,,,,,,9340,,,,4252,,,5701,,,,,,,,7189,,,,,,8138,,,,,,,,,1642
,,,,,,,,,,3719,,,,,,3275,,,,,,,,6933,3400,,,,5534,,,,,,,,,,,,,,,,,,,,,,,,,,,,,,,,,,,,,,,,,,,,,,,,,,,,1391,7472,,,,,,7462,,,,,,,,,8508,,,,,,,,,7359,,,5149,,,,,,,,,,,,,,,,,,,,8578,8999,,,,,,,,,,,,,,,,,,,,,,,3751,5183,,,,,,,,,,8330,,,,9763,,,,,5917,,,4097,,,,,,,3825,,,,,,,,,4831,,,,,,,,,,,,,,,,,,,,,,,,,,,,,,,,,,,,,,,238,,,,,,,,,,,,,,,,,,,5243,,9076,,,
,,,,,,,,,,,,,,7898,,,,,,,,,,,,,,3595,,,,,2255,,,4412,,4457,,70,,,,,,,,,,,,,6531,,,,,,,,5974,,,,,,,,,3400,,,943,,,,,,8038,,8869,,,,,,,,,4393,,,,,,,,,,,,,,,1755,,,,,7405,681,,,,,,,,,,,,7530,,4657,,,,,,,,,,560,,,,,,3165,,,,,,,,,,,,,,,,,,,,,,,,,3350,,121,,,,,,,,,,,,,,,7026,,,,,,,,,,,,,,,,,898,,,,,,1544,,3738,9345,,,,,,,,,,,,,,6470,,,,5100,,,,,,,,9186,,,,,,,,,9614,,,463,2952,,,,,4201,,
,,,,6637,,,,,,,,,,,,,,,,,,,,6039,8101,,,,,,,,,,,,913,,,,,,,,,,352,,,,,,,,,,,,,,,,,,,,,,,,,,,,,2279,,,,,,6215,,,,,,,,,,,,9025,6748,8501,,,,,,,,,,,,,,,,,3012,,,,,,,,,,,,,,4875,,,8552,,,,,,,,,,,,,,,,,,,,,,,,,,,,,,,,,,,,,,9870,,,3905,,,,,,1394,,,,,,9399,,,,,,,,,,,,,,,,,,4729,,,4327,,,,,,,,,,2293,9780,,5298,,,,,,,,,,,,131,,,,,,,,,,,,,,,,,,,,,,,8376,,,
,,7705,,,,,797,,,,,,,,,,,,,,,,,,,,3383,,,,,,,,,6383,,,,,,,,,,1355,,,,,,,,,,,,,,6878,,,,,,,,,,,6765,,,,,,,,,,,,,,,,,,2998,,,,,,,,,,,,,,,,,,,,,,,,,,,,,,,,,6460,,3175,,,,,,,,4612,7014,,,,,,,,,,,,,,,,,,,,6815,5600,,,,,,,,,,,,,,,,,,8325,,,6583,,,,,,,,,,,,5965,,,,,,6088,,,,,,,,,,,,,,,,2670,,,,,,,,,,,,,,,,6384,,,,,,,,,,,,,,,,,,,,,,8529,,2921,,,,,,
,,,,,,,,,,,,6133,,,,,,,,,,,,,,4642,,3672,,,,,,,,7201,,,,,,,,,,,,,,,,,,,,,,,,,,,,,,,6305,,,,,,,,,,,,3573,,,9979,,,,,,,,,,,,,,,,,,,,,,,,,,,,,,,,5460,,,,791,,,,,,,,,,,,,,,,,,,,,,,,,1437,,,,,,,,,5540,,,,,,92,,,,,,4822,,,3812,,,,,,,,,,,,,,5378,,,,,,,,,,,,,,,,,258,,,,,,,,,,,,,8127,,,,,,,,,,,,9409,,,,,,8079,,,,,,,,,,,,,,,5977,6302,7013,,,,,5297,,,,6164
7117,,,,,,,,,,,2801,,,,,,,,,,,,,7653,,,,9751,,,,,,,,,6264,,8598,,,,,,,,,,,,9778,,,,,,,,7433,,,,,,,,,,,,,,,,,,,,,,,,,,,,,,,,,6266,,,,,,,,,,,,,,,8820,,,,,,,,,,,,,,,,,,,6594,,,,,,,5735,,,,,,,,,,,,7111,,,,,,,,,,3338,,9396,3549,,,,,,,,,2150,,,,,,,,,,,,9429,,,,,,,,,,,,,,,,,,,,,,,,,,,,,9291,72,,,,,,7518,,7616,,,,,,,,,,,,,,,,,,,,,,,,,,4337,,,9411,,,8398,,,,,,
,,,,,,,,,,,,,,,,,,,,8469,,4620,9445,,,1734,,,7984,,,,,,,,,,,9273,,,,,,,,,,,,,,1375,,,,,,,,,,,,,6581,,7272,,,,,4613,,,1628,,6788,,,,,,,,,,,5788,,,,,,,6855,2461,,,,,,,,,,,,,,,,,,,,,,,,,,,,,,,,,,,,8634,,,5532,,,,,,,150,,,,7269,,,,,4298,,,,1762,,,,,,,,,,,991,,,,,,1691,,,,,,,,,,,,,,,,,,,,,8710,,,,,,,,,,,,,,,,,,,,,7747,,,,,,,,,,,,,,8827,,,,1889,9166,,,,,,,,,1310,,,,,,,,,,,
,,,,,,,8517,,,,5688,,,,,,7956,,,,,,,,,,9750,,,,,,,,,,,,,,,,,,4292,,,,,,,,,,2383,,,,,,3648,,,,,,,,,,,,,,1922,,,,,4569,,,,,,,,,,,,,7891,793,,,,,,,,,5773,,,2493,,,,,,,,,,,,5818,,,,,,,8044,,,,,,,,,,,,,,,,,,,,,,,3293,,,,,,,,,,,,,,,,,,,5180,2308,,,,,,,,,,,,,,,,,,,,,,,,,,,,,,,,,,,,,,,,,6930,,,,,,,,8659,,,,,,,,6628,,,,2465,,,,,,3096,,,,,,,,9384,,,,,3390,,8756,,,,,
,,,,,,4913,,,,3718,,,,,,,,,,,,8548,,,,,,5573,,,,,,,4335,,,,,,,,,,,,,,,,,,5831,,,,,,6699,536,,,,,,,,,,3686,2324,,,,,,,3500,,,7817,,,,,,,,,,,,,,,,,,,,,,,,,,,,,,731,1736,,,,,,,,,,,,,,,,,,,,4678,,,,,,,4414,,,,2816,,,,,,,,,,,1128,,,,,,,,30,,,,,,,,,,,,6287,,,5949,,,,,,,,,,,,,7893,,,,,,,,,,,,6292,,,,,,,,,,,,,,,,,,,3335,,,3094,,,,,,,,,,,7591,,,,7574,,,,,,,,,,,,,4914,,,
,2400,,,,,2560,,,,7511,,,,8386,,,3891,,,,,,,,,,,4162,,,3729,,,,8433,,,5167,,,,,,,,,,2481,,,,69,,,,,,,,,,,,,,,,,,,2232,,,7807,,,,,,,,8851,,,,,,,,,,,,,,,,,,,,,4547,,,,,,,,,,3449,,,,,,,,,,,,,,,,,,,,,,1275,,,,,431,,3375,,,,,,,,,,,4679,,,,,,,,,,,,,,,,,,,,,,,,,,,7242,,,,,,,,,,,,,,,3642,,,,,,,7500,,,1787,,,,,,,,,,,,,,,,,,,,,,4933,,,,,1715,,,,,,1933,61,,,,,,,,,,,,,,,,
,,3890,,,,,,,,,,,,8043,,,,,,,,9939,,,,,,,,,,,,,9061,,,,,9604,1536,,,,,,,,,,,,,,,,,,,,,,,,,9755,599,1545,,,,,,,,,,,,,,,,,,,,,,6831,1336,,,,,,,,4624,,,1168,1793,,,,,9163,,,,,,,,,,3887,,,,,,,,,,,,,,,,,,,,,,,,,,,,,,,,,,,,,9124,,,,,,,,,,,,,,,,,,,,,,,,,,456,8097,,,,,2523,,6799,806,,,,,,,,,,,,,,,,,,,,3916,,,9696,,,5594,,680,6971,,,,,,,,,,,,,,,,,,,,,,,,,,,,,,,,,,,,
,,,,,,,717,,,,,,,,,,,,,,,,,,,,,,,,,9406,,,,,,7882,,,,,,,1698,,,,,,,,,3458,,,,,,,,,,,,,,8438,,3777,,9786,,,3172,,,,,3164,,,,,,,,,,,,,,5239,,,,,,,,,,,,,,,,9828,,,,,,,9379,1133,,,,,,,,1921,,,,,,4601,,,,,,,,,,5137,,,,,,,,,,,,,,9134,,,,1799,,,4425,,,684,,,,,,,,,,,,,,,,3409,,,,,,,,,,,,,,,,,,,,,,,,,,,,,,,,,,,,,,,,,,,,,,,,,,,,112,,,,,,,,,,,,,,1271,,,,,,2418,
,,,,,,,,,6666,3284,,,,,,,,,,,,,,,,,,,8251,,1678,,2149,,,,,7253,,,,,,,,,,,,,4087,,,,,,,,,6837,,,6739,,,,7510,,,,,,,,,,,,,,,,,,,,1278,,,4292,,,,,,,,4243,8925,,,,,,,,,,,,,,,4066,,,,,,,,,2699,,,,,,,,,,,,,,,,,,929,4657,4017,,,,,,4568,,,,,,,,,,,6837,8083,,6253,,,,,,,,,,,,,,2014,,,,,,,5458,,2146,,,,,,,,,7701,,,,,8014,,,,,,,,,,6928,,,,,,,,,,,,,5957,,,,,,1404,,,7474,3529,,,,3077,,,702,,,,,,,,1616,,,,,,,
,,,,7651,,,,,,,,,,,3629,9493,,,,,,,,,,,,532,,,,,4157,,,,,,3970,,,,,,,,,,1599,,,,,6959,,,,,,,,,4977,,,,,,,,,,,,,,,,,,,,,,,6712,,,,9552,,6669,,,,,,,3255,,,,,,,,,,,,,,,,,,,,,,,,,,1294,,1427,,,,1030,,,,,,,6933,,3551,,,,,,,,,2897,,,,,,,,,,,,,,,,,517,5777,,,,1243,,,,,,,,,,,,,,,,,,,,9541,,,,8398,,,,,,,,,1037,,,,6836,,,,,,,,,,,,,,,,,,,,,,,,,5179,,,,,,6469,8410,,,,,,,,,,,,,,,7392
,,,,,,,8682,,8593,,,,,,9623,,,,3037,,,,,,,,,,,,,,,,,,,6542,8977,,,,,,,,,1440,,,,,,,,,,,5253,,,,,,,,,,,,,1521,,,,,,,,,,,,,,,,,,,,,8335,,,,,,,,,,4694,4621,,,,,,5075,,4065,,,,8646,,,,,,,,,3452,,,,7278,,,,,,,,,9920,,,,,,,,,,6847,,,3950,8348,,,6023,9847,,,,,,,,,,,,,,2338,,6589,,,,,,,,,,,,,,,,,,,,,,,9161,,,,,,,,,2813,,,,3262,,8311,,,,,,,,,,,,,,,860,,,9851,,,,,,8018,,,,,,,,,,,,,,,,,2164,,1686,,
,,,7993,9805,,,,,,,,,,,,,,,,,,,,,8465,3731,,,,,1387,,,,,,,,,,,,,,,3582,,,,,,,,,,,,,,,,,,,932,,,,,,,,,,,,,,,,2190,,,,,,,9530,,,,,,,,,,,,,,,,,,2794,,,,,6591,,,,,,,,,,,,,,,,,,,,,9356,,,,,6338,,,3433,,,,,2573,,,,7511,,,,,,,,,,1471,,,,,,,,,6754,,,,,,,,,,,7595,,,,,,,,,,,1087,,,,,,,,,,,,,,,,,6891,,,,,,,,,,,,3778,,,,,,,,,,,,,,,,,,,,4213,,,3979,,,,,,826,,,238,,,,
,,382,,,,,,,,,,,1580,,,404,,,,,,,,,,,,,,,,,,,,,,,6759,,6431,,,,,,,,,,,,,,,,,,,,,,,,,,,,,6426,,,,,,,,,,,,,,,,,,,,,,,,8629,,,,,,,,,,,,,,,,9025,,,,,,,,,,,,,,,,,,,,,,,,,,,,,,,,,,,8700,,,,,,,,,,,,,9347,,,,,,,,,,,,,,,3602,,,,,,,,,,,,,,,,8248,,,,3690,,,,,,1413,,,,,,,,,,,,,,,,,,2092,,,,,,,,,,,,,,6537,,,,,,,7085,,,,,9418,8688,,,,,2413,,,,1423,,
,,,,,,,,3271,,,,,,,,,5605,,8394,,,,,,,,,,,,,,7188,,,,,,,,,,,,,,,,,,,,2229,2046,,,,,,,,9183,,,,,,,,,7015,,,3303,,,,,,,,,,,,,,,,,,,,,5868,,,,,,,,,,,,,,,4947,,,,2790,,7357,,,2949,,,,,4735,,,,,,,,3423,,,,,,7741,,,,,,,,,,,,,,,,,,,,,,,,,,,,,,,,,,,,,,,,,,,,,7298,5224,9763,,,,,,,,2570,,,,,,6916,,,,3610,,,,,,,7009,,,,,,3057,,7924,,795,,,,,,,,,,,,,,,,,,,,,,,,,,,,,,,,,,,
,,,,,,,,,,,,,,,,,8306,,,,,2806,887,,,,,,,6296,,,,,,,,,,,,,,,,,,5467,,,,,6747,,2075,,,,,,,,7270,,,,1192,,,,,2695,,,4446,,,,,,6251,,,,,388,,,,,,,,,6656,5358,205,4052,,,8889,667,,,,,,,,,,,,,,,,,,,,,,,,,,,,8364,,,,,6900,,,,,,,,,,,,6062,,,,,,,,,,,,,,,,,,,,,1309,,,,,,8064,,,,,,,,,,,,,,,,,8573,788,,,,,,,,,,,,,,8879,,,2524,,,,,,,,,,,,,,,,,,1167,,,,,,,,2402,,,,,,,,,,,,,,,,,,,,
,,,,,,,,,,,,,,,,,,,,,6150,,,,,,,,,,,,,,370,,,,,,,,,,,,,,,,,,,,,,,,,,,,,,,,,,,,,,,,,,,,,,,,,,,,,,,,,,3904,,,,,,,1382,,,,5704,,,,,,,,,,,9242,,,,521,,,,,,,,,,,,,,,,,9559,,,6262,,,,,,,,,,7026,,,,,,,,161,,,,,,,,,,,4442,,,1316,,,3997,,,1169,,,,1891,,,3918,9806,,,,,,,,,,,,,,,,,,,,,,,,,,,,,7744,8758,,,,,,,,,,,,,,,,,,,,,,,,,,,,,2584,,7501,87,,,,,6810,,,
1525,,,,,,,,,848,,,,,,,,,,,,,2016,,,,,8194,,,,,5351,,,,,9391,,,,6872,,,,,,,,,,,,,,,,1851,,,,,,,,,,,,,,,549,,,,,,,,,,,,,6797,,,,,,,,,,3939,,,,,,,,,,,,,,,,,,3856,,9173,,,,,,,,,,,,,,,,,,,,,,,,,,,,7696,,,,,,,,,,,,,,,,,,,2861,,,,,,9548,,,,,,,,,,,9062,,,,,,,,,,,8162,,,,,2468,,1364,,,,,,4365,,,,,,,,,,,4079,,2993,,,,,,,,,,6799,,,,,,7314,,,,,,,1719,,5985,,,,,,,,,,,,3036,,
,,,,,8711,,,,,,,,,,,,,,,,,,,,,,,,,,,,,,,,,,,,,,,,,,,,2613,,,,,3168,,,,,,,,,,,,,,,,,,,226,,,,,,,,,,3694,,,730,,,,,,,,,,,,,,,,,,,,,,,,,,,,,,,,,,,,,,,,,,,,9285,,,,,,1757,,,,8534,,,,,,,,,,,,,,,,,,,,,,,,,,,,6297,2184,,,,,,,,,,,,,,,,,,,8668,,,,,,,,,8283,,,,,,,2866,,6610,,2321,,,,,,,,,,,,,,,2290,,,,,,,4164,,,104,,,,,,,,8502,,,,,,,,,,1754,,4650,,
,,,,,,,9474,,,,,,,,,,,,,,,,,,,,,,,7072,,,,,,,,,,,,,,,,,,,,,,,,,,,,,,,,,,9349,,9949,,,,,,2328,,,,,,,,,,,,,6395,9344,,,,,,,,,,,,,,,,,,,,,,,7423,,,,,,,,,,6760,,,,,,,,,,,,,,,3563,,,,,,,,,,,,3450,,,7708,,,,,,6639,,,,,,,,,,8043,,1287,,,,,,,,,,,,1894,,,,,,,,,9398,,,5643,3558,,,,,,,,,,,,,,8686,3914,,,,,,,,,,,,,,,3587,,,,,,,,,,,6942,,,,,,,,,,,,6252,,,,,,,,,,
,,,,,7442,,,,,,,,,,,,,8315,,,,,,,,,,,,,,,4365,,,,,,,,,,,,,,,,,,,,,,,,,9917,,,,,,178,,,,,5707,,,,,,,,,,,,,2613,,,,,,3744,,,,,,,,,,,,,,,,,,,,,,,5134,,,,,,,,,,,,,,,,,,,,,,,,3245,,,,,,7537,9441,,,,1444,,,,,6776,,,,,,,,3390,,5221,,,85,,,,,,,,,,,,,,,9521,,,,,,7935,,,,,,,,,,,,,,,,,,,,,,,,,,,,,,,,,,,116,,,,,,,,,,,,,,,,,,,,,,,,,,5777,8200,,,,,,,1599,
,,,,,,,,8398,,,,,,,,,,,,,,1696,,,,,,,,,,,2303,,,,,,,,,,,,,,9296,,,,,,,,9311,,,,7524,,,5545,,7023,,,,6624,,,,,,,3955,,,,,,,,,,,,,,,,,,,,,,,,,,,,,,6328,,,,,,,,,,,,,,,,,,,,,,,,,,,,,,,,,,,,,7168,3309,,,,,7965,,,,,,,,,,,9484,,,,,2819,,,,,,,,,,,,3770,,,,3243,,,8153,,,,,8000,,,,,,,2278,7703,,,,,,,,,,1959,,,,,601,,,,,,,,,7740,,,,,,,,8415,,,,,,8037,,,,,,,,,,,,,,,,,,1726,6225,,
,,,,,,,9109,,,,,,,,,,,,,,,,6912,,,,,,,,,,,,,,,,5100,,,,,,1901,,,,,,,,,,,,,,,,,1238,,,,,,,,,,,6430,9715,,,,,7054,,,,7565,,,,,,,,,,,,,,,,,,,,,,,,,,,,,,,,,,8434,,,131,,,,,9346,,,,,,,,,,5981,,,,,,,,,,,,,,8319,1220,,,,,,,,,,,,,,,,,,,,7037,,,,,,,,,,,,,,,,,,,,,2242,,2930,,,,,,9700,,,,,,,,,,,,,,,,,,,,,,,,6216,,,,,,,,,,,,,,,,,9591,,,,,,,,,,,,,,,
,,,,8211,,,,,,9771,,,,,8485,,,,,,,,,,,,,,,,,,,,,,,,,,,,,,,,4873,,,,,,,,,,,,,,,,,,,,,7485,,,,,,,,,,,,,,,,,,,,,,,,,,,,,,,,,,,,,,4276,,6467,,,,,,,,,,,,,,5541,,,,,,,,,,,,,,,,,,,,,,,,,,,,,,,,,,,,,2637,,,,,,,,,,,,,,,,,,,,,,,,3426,,,,,,,,,,,,,,,,,,,,,8545,4438,9832,,,,,,,,2831,,,,,,,,,,,,,,8282,,,,607,,,5707,,,,,,,,,,,,,,,,,,,,
,,,,,,1186,,7954,,,,,,4128,,,,,,9300,,,,,,,,,,,,,,,,6005,,6882,,,,,,,,,800,,,,5327,,,5766,,2285,,,,,,,,,,,1279,,,,,8868,1262,,,,,,,,,9034,,505,9486,1567,,,,,,,,,6780,,,,,,5236,,,,,,8937,6093,,,,,,,,,,,,,,,6272,,,,,,9680,,,1265,,,,,,6320,,,,,,6032,,,,,,,,,,,,7368,,,,,,,,,,,,,,,,,,,,,,,,,,,,,,,,,,,,,,,,,,,,,,,,,,,,,,271,,,,,,,,,,,,,,,,,,,,,7779,,,,,,,,,,,,8921,,,9833,,,,4229,,,,,
,,,,,,,,,,1760,,,,,,,,,,4372,,,,,,,,,,,,,,,,,,,,2773,,,,,,,,,,,,,,,,,5210,,6534,,,,,,,,,,,,,6028,,9260,2681,,,,,,,,,,,,9208,,,,,,,,,,,,,,,,5081,,,,,,,,,,,,,,,,,,,,,,,,,,,,,,,6824,,,,,,,,,4869,,,,3467,,,535,,,,,,,,,,,,,,,,5760,,,,,2762,,,,,,,,,,,,,,,,,,,7166,,,,,,,,6952,8605,,,6435,,,,5491,2742,,4063,,,,,,,,,,,,,,,,,,,,,,,,,,,,,,,,,,,,,6851,8940,,,,,,,,
,1985,1360,,,5060,,,,602,6786,,,,,7878,,,,,,,,,,,,,,,7267,,,,,,,,,,,,,,,4159,,,,,,,,,,,,,,,,,,,,,,,6692,,,,,,,,,,,,,,,,,,,,,,,5341,,,,4295,,,,,,,,4823,2308,,,,,,,,,,,,6410,,,,,,,,,,,,,,,,,4461,,,,,,,3512,,,,,,,,,,,3591,4701,,,,,,,,,,,,,,2948,,,,,,,,,,,,,,5393,5957,,,,,,,,,,,,,,,,,,,,,,7018,,,7489,,4999,3942,9274,,,,,,,,,,,,,,,,,,,,1231,,,,2235,,,,,,,,,,9105,,7502,,,,,,,,,
,9467,,,7530,6920,,,,,,,,,,7086,,,5269,,,,,,,,,,,,,,,,,,,,,,,1914,,,,,,8166,,,,,,,,,,,,,,1759,7009,,8006,,,,,,,,,,,,,,,,,,,,,,,,,,4134,,,,7924,8714,,,,,,,,,,2554,,6013,,,,,,,,,,,,,,,,,,,,,,7144,,,,,,,,,,,,,,,,,,,,,,,,,,,,,,,7178,,,,,,,,,,,7004,,,,,,,3123,,,6831,,,6539,,,,,,,,,,,,,,,,,,,,,,,,,,,,,,,,,,,,,,,,,,,,,,,,,,,,1526,,,,,,,,,,,,,,,,,,1322,
3757,,,,1353,,3456,,4400,,,,,,,,,,,,,,,,,,3321,,7195,,,,,,,,9845,,,,,,,8923,,,,,,,,,,4846,,,,,,,,,,,,,4040,,,,1656,7554,,,,,,,2830,,,,,,,,,,,,,,,,2832,,,,,,,,,,,,,,,,,,,,8721,,,,,,,,,,,,3595,3182,,,1992,,,,,,,,,,,,,,,,,,,,,,,,,,,,,,,,,,,,,,,,,,,,,,,,,,3048,,,771,,,,,,,,,,,,,,,6541,,,,,,,,,,,,,,,,,,,,,6301,,,,,,,,,,,,,,,4579,,,,,,,,,,,,,,,,,,,,,
,,,,,8299,,2667,182,2725,,,,,,,,8582,,,,,,,,,,,,,,,,,,,,,,1259,,,,,313,,,,,6748,,,,,,,,,,,,,,,,,,,,9272,,,,,,5583,,6082,,,,,,,,,,,,,,,,,,1532,,,,,,,,,,,,,,,,,,,,,,,,,,,,,,,,,,,,9206,,,,,,,6029,,,,204,,,,,1801,6024,,,,1455,,,,,8355,,,,4363,,,1497,,708,,,,,,,,,,,5660,,,,,,,5452,,,,6846,,,,,,,,,,,,,,,,,,,,,,,8510,,,,,,,,,,,6833,1632,,,,,,,,,,,,,,,,,,,,,,,,,,,,,,5937,5111,
,,,,,,,,,,,,,,,,,,,2676,4548,,,,,,,3253,,,,,,,,2392,,,,7382,,,,,,,,,,,,,,,,,,,,,,,2150,,,,,,,,,,,,,,,,,,,,,,,,,,,5570,,,,,3299,,,,,,,,,,,,,,,6281,,,,,,,,7468,,,5110,,,,,,,,,,,,,,,,,,,,1090,8300,,,,,,,,,,,,,,,,,,,,,,,6717,,,,,,,,,,,8412,,,,,,,,,,,,,,,,,,,,,,,,,,,5805,,,,,,,,,,,,,,,,,,,,,3903,,,,,,,,,,,,,,8482,,,,,,,6042,,,392,,,,,,,1514,
,,,,1586,,,,,,,8683,,,,9539,,,,,,,5446,,,,,,,,,,,,,,6454,,,,,,,,,,,3614,,,,,,,,,,,,,,,,,,,,,,,,,,,,,,,,,,,,,,,,2484,6955,,4034,,,,,,,5215,,,,,,,,,,,,,,,8333,,,,,,,,,,,,,,,,,,,,,,,,,,,,,,,,,,,,6951,,,,9810,,,,,,,,,,,,,,,,2944,,,,,,,7192,,,,5575,,,,,,,,,,,,,,,,,,,403,,3974,,,,,,,,,,,,,,,,,,,6247,,,,,,,,,,,,,,,,,3247,,,,336,,2384,,9253,,,8393,,,,4513,,,,
,,,,,2910,,,,,,,,,,,,,,,,,,,,,,,,,,,9497,,,,,,4336,,,,,,,,,,,,,,,,,7584,,,,,,,,,,,,,,,,,,,,,,,,,,,,,,,,,,,,,3769,9683,,,,,,,,,,,,,,,,,,,,,,,,,,,,,,,,,,,,,,,,,7868,,,,,,,,1971,,,,8331,,,,,,,,,,,,,,3844,,,,,,,,,,6375,,,,,1552,,,,,,,,,,,,,2712,6411,,,,,,,8836,2954,,,,,,,,,,,,,,,,,,,,,,,,,,,2793,,,,,,,,,,,,,,,,,,,,,,,6368,,,,,,,,
2833,4379,,,,,,,,,,,,,8699,1333,,,,,,,,8283,,,,,,,,5336,5525,,,,,4230,,,,,,,,701,,,,,,,,,,5255,,,,,,,,2817,,,,,,,5055,,,,,,7572,,,,,,8960,,,,1740,,,,,3906,,,,,,693,,,1324,,,,,,,,,,,2694,,138,,,4395,,,,,,,7631,,,,,,6361,,,8644,,,,5281,,,,,,6719,3381,,,,,,,,,,5480,,,,,,,,,,,,,,,,,,,,,,,,,,,,,,,,,,,,5134,164,,,2372,,,,,,,,1385,,,,,,7443,,,,,,,,,,,,,,,,,,,,,,,,,,,,,,,1000,,,,,,,,,,,,,,,5287,,
,,,,,,,,,,,,,,,,,,,,,,,966,,,,,,1503,,,,,,,,,,,,,,,,,,,7436,,,,,,,3949,,,,,,,,2084,,3519,,,,,,,,,,,,,,,7659,,,,,,,5376,,,,,,,,,,,,,,,,5203,,1065,,,,,9904,,,5406,,,,,,7417,,,,,,,,,,9660,,,,,,,5906,,5790,,,,,,,2146,,,,,,,,,,,,,,,,,,,,,,,,7776,,4232,,,,,,,,,,,,,,,,,,,,,,,,,7778,,,,,,,1290,,,,,,,,8578,,,,,6234,,,,,,,,,,,,,,,,,,,,3985,,,,,,,,,,,,1916,,,,,9707,,
,8172,,,,,,,,,,,,,,2571,,,,,,,4854,,,,,2927,,,,,,,,4966,,,,,,,,,,,,,,,3678,,,5685,,,,,3936,,,,,,440,,9598,,,,,,,,,,,2167,,,,4066,,,,,,,4351,,,,,4173,,,,542,,,,,,5403,,5604,7246,,,5690,,,6900,,,,,,,,,7399,,,,,,,,,,,,9163,,,,,,,2823,,,,,,,,,,,7869,,,3471,,,,,,,,,,8471,53,,,,,,,,3485,,,,,,,,1578,,,,5409,,,,,,,,,,,,,,,,3507,9707,1814,,,,,,6067,,,,,,,,,,,,,,,3629,,,,,,,,,,,,,,,,,,,,,,,,1451,4242,,,,,,
,,,,,,,,,,,,,,,,,1533,,,,,,,,,,,,,,,,8906,,,,,,,,,,,4717,,,,,,,,,,,,8977,,6022,,,,,,,,,,,,,,,,,5210,3408,,,,,,,,,,7608,,,,,,,,,,,,,,,,,,,,,,,,,,,,6969,,,,,,,,,,,,,,,,,,,,,,,,4155,,,,,662,,4047,,,,,,9563,,,,,,,,,,,,,,,,,,,,,,,,,,,,,,,,,,,,,,,,,,,,,,,,6066,,,,,,,2238,,,,,,5589,7334,,,,,,,,,1787,,,,,,,,,,,,,3254,,,,,,,2681,,,,,,,,,,,,,
,,,,,,,,,,,,9731,,,,,,,,,,,,,,,,,3211,,,,,3378,,,,,,,,,5280,,,,,,,,7813,,,,,,,,,,,,,,,,,,,,,,,,,6803,,,,,5708,,6033,,,,,,,,,,,,,,,,97,,,,,,,,,766,,,,,1522,,,,,,5420,,,8121,,,,,,,,,,2099,,,,,,,,,,,,8093,,,,,,,,,4604,,,,,,,,,,1584,,,,,,,,,,,,,,,,6804,,,,,,,,,,,,,,,,,,1805,2566,,,,,,,,,,,,,9763,,,,,,,,,,,7381,,,,3791,9886,,,,,,,,,,,,,,,,,,,7238,,,,,,,,1954,
,,,,,,,,,113,,,,,,,,,,,,,,,,6527,,,,,,1780,,,,,,,,,,,,8054,,,,,,,,,,,,,,,,4245,,7030,,,,,,,,,,,,,,,,,,,,3293,,,,,,,,,,,,,,3913,,,,,,,,,,2830,1612,,,,,,,,,,,,,,,,,,,,,,,,,,,6067,,,,,,,,,,,,,,7918,3962,,,,,,8662,,,,,,,9886,,,,,1542,,,,,,,,,,,,,,,,,,8431,,,,,,,,,6766,,,,,,,,,,,,,,,,,,,,,5556,,,,,,,,,,4736,,,,,,,7635,,,,,,,,,,,,1231,,2095,,,,,,,,,,
,,,,,,,,,,,,,,628,,,,,,5814,5271,,,,,,,,,474,,,,,,,,,,,,,,,,,,3684,,,,,,,,,,,,,,,,,,264,,,,,,,,,,,,,,,,,,,,,,,,,,,,9722,1491,,,,,,,,,,,,,,,,,,,,,,,,,,,,,,,,,5229,,,,,2200,,,,,,,,,,,,651,,,,,,,,,,,,,,,,,,,,,,,,,,,,5086,,,,,,,,,,,,,,,,,,4963,,4444,,,7977,,,,9439,,,,,,,,,,,,3273,,,,,,,,,,1592,,,,,,,,,,,,,,,,5837,,,,,,,,,,,,,,,,,
,,1344,,4529,,,,,,8769,,,,,,,,7903,8847,,,,,,,,,,,,,,5125,,,,,,,,,,,,,,,,,,,,,,,,6396,4382,,,,,,,6888,,,,,,,,6622,,,,2012,,,,,,,,,3457,,4858,,,,2586,,,,,,,,3439,,,,,,9377,,,,,,,,,,,,,,4885,,,,,,,,8654,,,,3894,,,,,,3181,,,,,,,,,5046,,4797,7596,,,,,2191,,,,,,,2575,,,,,,,,,,,,,,,,,,,,,,,,,,,,,,,,,,,,,,,,,,,,,,,,,,,,,,,1803,9448,,,,,,,616,,,,,,,,,,,,,,,,,6109,,,,,,,,,,,,,
,,,5965,,,,,,,,,,,,,,,,,,,,4909,,,,,,,,,4365,,,,,,9134,,,4851,,,,,,,5122,,,6805,,,,,,,,,,,,,,5619,,,,,,,,,,,,5265,,,227,,,,,,,,,,,,1662,,,,,,1685,,,,,,4874,,,5209,,,,,,9297,,,,,,,,,,,,,,,,,,,,8155,,,,,,,,,,,7486,,,,,,,,,,1257,,,,,,,,,,,,,,,,,,3082,,,3835,,,2958,,,,,,,,,,,,,,,,,5803,,,,,,,,,,,,,,,6839,,,,,,,,,,,,4392,,,,,,,,,8816,,,,,,,,,,,,,,,,,,,,,,,,
,,,,,,,,,,,,,,,,,,,,,,,,6507,,,,,,,,,,,1733,,,,,,,,,,,,7535,,,,,,,,,,,,,,,,,,,,,,,,,,1601,,,,,,,,,,,,,,,,3232,,5381,,,,,,,,,,,,,,,,,,,,,1953,,,,,1804,,1793,,,,,,,,,,,,,,,,,,,,,,,,,,,,,,3632,4033,,,,,,,,,,,,,,,,,,,,,,,,2622,,,,,,,,1671,5011,,,,,,,,,2565,,,,,,,7184,,,4706,,,,,,8861,,,,,,,,,6655,,,,,,,,,,,,,3918,,,6338,,,,,,,,,,6166,,1940,,968,,,,,,,2878,
8909,,,,,,,,,,3678,,,,,,,,,,,,,,,,,,,,,,,,,,,,,,,,,,,,,,,,,,,,,,,,8002,,,,,,4826,4914,,,,6403,,,,,,,,,,,,,,,,,,,4224,,,,,,,,,7793,,,,,,,3192,,,,,,,,,,,,,,,8462,,,,,,,,1222,,,,,6456,,,,,,,,,4230,,,,8369,,,,,,,,3211,,,,2270,,,,,,,,,,,,,,,,,,,,,,,,,,,,9324,,,,,,,365,8087,,,,,,463,296,,,,,,,,,3441,,9455,,,,,,,,,2826,,,,,593,,,,,,,,,,,203,,7507,,,,,,5146,,,,,,,,,,,
,,,,,,,,,,,,,,,,,1662,,,,,,,,,,,,,,,,,4853,6151,,,,,,,,,,,,,,,,,,,,,,,6023,,,,,,,,,,,,,,,,,,,,,,,,,,,,,,,6170,,,,,,,,,,,,,,,,,,,,,,,,,,,,,,,,,,,,,,,,,,,3651,,,,,,,,,,1606,,,,,,,,,,,,,,,,,,,,,,,,,4378,,,,,,,,4603,,,,,,,,,,,,,,,,,,,,,,,,,,,,,,,,,,,,2056,,,,,9248,,,,,,,,,,,1225,,4551,,,,,,,,,3008,,,,,,,,5927,,8497,,,193,,,3280,
,,,,5637,,,,,,,,,,,,,,,,,,,,,,,4549,,823,,,,,,6123,,,,,,,,,9269,,8926,,,,,,,6666,,,,,,1716,,,,,,,,,,,,,,,,,,,,,,6242,,,,,,,,,,,,,,,,,,,,9565,,4111,,1926,,,,,,,,,,,,,,,4924,4732,,,,,,,,,,,,,4076,,,,,,,,,,,,,,,,,,,,,,,,,,,,,,,,,,,,,,,,181,8097,,,,,3730,,,,,539,9785,,,,,,,,,,,,,,,,,,,,,5535,,,,,,,,6433,,,,,,5199,,,,,,,,,,,,,,,4039,,,,,,,,,,,,,,2965,,,,,
6353,,,,,,4750,,,2916,,,,,,,9467,,,,,,9194,,,,,7557,,,,,,,,,,,,,2975,,,,,,,6661,,,,,,,,,,,,,,,,,,1106,,,,,,,,,1367,,4715,,,,,,,,,,,,,,,,,,,,,,,,,,,,,,,,,,,1399,,,,,451,,,,,,,721,,6141,,,,,,,,,6498,,,2579,,,,,,4228,,,3912,,,,,,7253,,9469,3235,,,7033,,,,,,,1228,,2505,,,,,,8804,,,,,,,,,,7157,6406,,,,,,,,,,,,,,,,,,,,,,,,,,,,,,,,,,,,,,,,,,,,,,,,,,,5115,,99,,4981,,3302,,,,,3002,6770,,1370,,,,,,7709
,,,,,,,,,,1200,,,,9019,,,,,,,,,,,,,,,,,2905,,1493,,3774,,9228,,,7220,,,7137,,,,,,,5592,,,,,,,,,,,,,,,,,,,,,,,,,,,,,,,4903,,,,,,,9867,,,,,6030,,,,,,,,,,,,,6021,,,,,,,,,,,,,,4330,,,,,,2212,,,,,,,,292,2702,,,,,,6822,,,,,,,7667,,,,,,,,,,,,4353,,,,,,,,,,,,,,,,,,,,1414,,8511,,,4334,,,,,,,,,5107,,,,,,,5884,,5968,,,,,6627,,,1767,,,,,,,660,,,,,,,5482,,,,1079,,,,,6776,,7919,,2678,,,,,,,,6,,,,,,,,,
9896,,,3102,,,,,,,,,,,,9464,335,,,9386,,9424,,,,,,,7371,,,,,,,,,,,,,,,7750,,,4478,,,,,,,,2935,,,,,,,,,,,,,,,,5862,,,,,,,,,,,,,,,7382,,,,,,,,,,,,,,,3465,,,,,,,,,,,,,,,,,,,,,,4374,,,,,3978,,,9648,,,,8606,,,,,,,,,9626,,,,,,,,,,,,,,,,,,,,,,,,,,,,,,,,,,,,,,,,,,,,,,,,,,,,,,,,,,,,,8480,,,,,9405,,,,,,,,2412,,,,7367,,3627,8772,,,,,,,,,,,4785,,,,,,,,,,,,5536,,,,,,,,
2325,,4690,,,,,,,,7117,,,,,1933,,,,8990,9216,,,,,,,9909,,,,,,,,,,,,,,,,,,,,,,3804,7632,,,6208,,,,,,,,,,2417,2106,,,3380,,,,,,,,8934,,,,,,,,,,,,,,,,,,9869,,9603,,,,,,,4008,,,,,,,,,,,,,,,,,,,,,,,,,,,,,,,,,,,,,,,,,,,,,1367,,,,,,1348,,1098,,,,,,,,,,,720,,,,,,,,,7599,,,581,,,,,,2427,,860,,5497,,,,,,,,7620,,,,,,7463,954,,6883,,,,3934,,,,,1844,4358,,,,,,,,,,,,,,,,,,,,,,,,,,,,,,,,,,,,,,,,
,,1934,,,2382,,,,,,,,291,,,,,,,,,,32,,,,,,,,,,,,,3728,,,,,,,,,,,,4147,,,,,,,,,,,,,5828,,,,,,,145,,,6853,,,6998,,,,,,,,,,,,,,6705,,,,,,,,,,,,,,,,,,,,,8904,,,,,,,,,,2843,,,9310,,,,,,,,5584,,,,,,,,,,,,,,,,,,,,,,,,,,,,,5665,,,,,,,,,,,,,4269,,5179,,,,,,,1870,,750,6184,,,,,,,2555,,,,,,,,,,1569,,,7531,,,,,,,,,,,,,,,1481,2274,,,,,,2154,,,,,,,,,,,5070,,,,,,,,,,8188,,893,,,,,,
,,,,,,,,,,7988,,,,,,,,,,,,,6828,,,,,,,,,,,,,,,,,,,,,,,,3239,,,,,,,,,,2698,,,,,,,,,6544,,,,,,,9981,,,,,,,,,,2361,,,9631,,,,,,,,,,,,,,3077,,,,5216,,,,,,,,,,,,,,,,,8745,,,,,,9336,,,,,,,,,,,,,,,,,,5951,,,,,,,,,6072,,,,,,,,,,,,5266,,,,5642,,,,,,,,,,,,,,,6214,,,,4443,,381,,,,,,,,,,,,,4274,,,,,,,,,,,7248,,,,,,,2731,,,,,,,,,3818,,,,,,,,,6797,,,,,,,,,,,,,,,7816
,,,,,,,,,,,,,,,,,,,,,,,,5038,,5627,,,,,,,,,,,,,,,,,,,1387,,,,,,,,,,,,,6915,,,,,,,,2825,,,,,,8301,,,,5671,,,,,,,,7385,5799,,,,4861,,,,7849,,,,,,,,,,2987,,2850,,,512,,,,,,,,,,2406,,,,,,,,,,,1365,7476,,,,,,,,,6758,,,,,,,,,,,,,,,,4275,,,,,,,,,,,,,,,,,,,,,,,,,,8702,,,,,,,,,,,,,,,7868,,,,8004,,,,8783,,,8935,,,,,,,1472,3766,,,,,,,,,,,,1690,,,,,,,1293,,,,,,,,,,,,,,,,,,910,7331,,
,,,,,,,,,,,,2351,,139,,866,,,,,,,,,,,,,,,,3633,,,,,,,,,,,,,,,,,2535,,,,,,,,,,,,,,,,,,,,6317,7620,,,,,,,,,,,,,,,,,,,,,,,,,,,,,,,,,,,,,,,,,,,,,,,,,,,9884,,,,,,,,,1591,,,,,,,,,,,,,1225,,,,,,,,,,,,8551,,,,,5529,,,,,,,,,,,,,,,,,,,,,,,,,,,,,,,,,,6889,,,,,,,,,,,,,,,,,,,,8781,,,,,,,,,,,9004,,,,1533,,2477,9078,,,,,,,,,1774,,,,,,,,,,,,,,
,,,,,,6830,,,,,,,,,,,1023,8345,,9244,,,,,,1844,,,,,4077,,2505,,,,,,,,,,,,,,,,,9063,,,,,,1661,,,,,,,,,,,9349,,,,,,,,,,,,,,,,,,,,,,,,,2878,,709,,3749,,,,,,,2389,,,,,,,,,,,8528,,,,,,,,,,,,,,,,,,,,,7645,,,,,,,,,,,1849,,,,,,,,,9278,,,,,,,,5974,,,,,,,,,,,,,,,,,,,,,3909,,,,,,,,,,,,6617,,,,,,8648,,,,,,,,,,,,,,,,,,,,,,,,,,,,6632,,,,,,,,,,,,,,,,,9552,,,8992,,,,,
,,,,,,,,,,,,,,,,,,,,,,,,,,,,5044,,,7862,,,,,,,,7364,,,,,,,,,,4394,,,,,,,,,,5751,,,,,,,,,,,,491,,,,,,,,,,,,9751,,,,,2553,,8694,,,,,,,,8879,,,,,,,,,,,,,,,,,,,,,,,,,,,,,4194,,,,,,,,6178,,,,,,,,601,,,,,,,,,3230,,,,,,2901,,,1432,,,,,,,,,,4722,,,,,,,,4924,,,,,,,,,,,,2170,,,,,,534,6907,,,,3782,,7902,,,,,,,,,,,,,,,,,,,,,,,,,,,,,,1249,,,,,9411,4864,,,,,,,,,,,,,,,
,,,,,,,126,,9119,,,5328,,,559,,,,,,,,,,,,,,,,,,,,,,,,8508,,,,,,,,,,,,,,,,,,,,,,,,,,3579,,,,,,,8730,,,,8403,,,,,9448,,,,,7238,,,,,,,,4431,,,,,,,,,,,,,,,,,,,,,,,,,4780,,5466,,,,,7802,,,,,,,,,,,,2178,,,,5735,,,,,,,,,,,,,,7174,3487,,2841,,,,,,,,,,,,,5550,,,,2328,,2217,,,8494,,,,,,3537,4780,,,,7101,,,,,,,,7574,,2772,,21,,,,,,,,,,,,,,,,,,,,,,4807,,,,,,,,,,,,,,,,,,,,,,,,,,,,,
,2856,,9830,,,3433,,,,,,,,,,,,,,,,4914,,,,,,,,6910,,,,,,,,,,,,,,,,,,,9458,,,,,,,,,,,1553,,,2166,,,,,7038,,,,,,,,9811,,,,,,,7760,,,,,466,,,,,,,9032,,,,,,,,,,,,,,,,,,,,,,,,,,,,,,,,,1638,,,,,,,,,,,,2792,,,,,,,,,,,,1206,,,,,,,,,,,,,,,,,,,,,,,,,,,,,,,,,,,,,,,,,,,6687,,,,,,,,,,,3085,,,,,,,,,,,,,,,6444,,,,,,,,,,,,,,,,,,,7312,,,,,653,,,,,,,,,,
,,4087,,,,,,,,,,,,6712,,,,,,,,,,,,,,,,,,,,,,,,,,,,,,,,,,,,,,5359,,,5263,,,,,,8883,,,,,6246,,,,,,,,,,3467,5276,,,,,,,,,2331,,,,,,,,,,,,,,74,,,,3282,,,,,,,,,,,,,,,,,,,,,,,,,,,6931,,,,,,,,,,,,,,,,,,,1770,,,,,7824,,,,,,,,,,7000,,,,,,,,,,,,,,,,,,,4056,,,,,,,,,,,3111,9190,,,,,,,,,2416,,,,,,,,,,,,,,,,,,,,,,,4140,,,,,,,,,,,,,,,,,8166,,,,6334,,,,,,
,,,,,,,,,,,,,,,,,8928,,,,,,,,,,,,,,,,,9194,,,,,,,,,,,,,,,,,,,,,,,,,,,,,,,,,,,,,,,,,,,,6279,,1290,,,,,,,,,,,,7001,,,,,,,,,,,,,,,,,,,,,,,,2745,,,,,,,5486,,,,,,,,,,,,,,,,,2145,,,,,,,,,,,,,,3741,8853,,,3671,,,,,948,,,5872,,,,,,,,,,8965,5022,,,,,,9837,,,,,,,,,,,,,6530,,,,,,,,,,,,,,,,,,,,,,,,5078,6111,,,,,,,,,6795,,,,,,3271,,,,,,,,,,,,,,9628,,,,,
,,,,,,,,,,,,,,,,,,4154,,,8333,,,1446,,,,2229,,,,,,6936,,,,,,,,,,,,,4974,,,,,,,,,,3844,,,,,,,,,,,,,,5747,,,,,,,,,,,1710,,,,,,,,,,,,,,,,,,,,,1325,,449,,,,,,,,,,,,,,,,,,,,,,,,,,,,,,,,,,,,,,,,,,,,,,,,,,,,7971,,,5794,,,,,,,,,,,,,,,,,,,,,,,,,,,,,,,,,,392,8188,,8520,,,,,,,,,,,,,9117,2744,,,,260,,,,,,,,,,,,,,,,,,,,,,,5774,,,,,,,,,,,,,,,,,
,,,,,,,9250,,,4911,,,,3238,,,,,,,,4976,,,,,,,,,,,,,,,8524,,,,,,,,9455,,,1414,,,,,,,,,,,,,,,602,,7989,,,,,,,,,,,,6355,,,,,,,,,,,,,4395,,,,,,,,,,,,,,,,,,,,,,,,,,4767,8189,,,,,,,,,,,,7076,,,,,,,,,,,,,,,,,,,,,,,,,,,9552,,,,,,,,,,,,,,,,,6075,,,,,,,,,,,,,,,,,,,,,,4861,,,,,,,,,2795,7186,,,,,,,,,,,5273,,,,,,,,,,,,,,,9018,,,,,5938,,,,,,,,,,,,,,,,,,,
,,,,,,,,,,,,,,,7788,9138,,,,,,64,,,,,,,,,,,534,,3314,,,5145,,,4978,,,,,,,,,,,,,,,8117,,,980,7664,,,,,,7180,,,,,,,,,,,,,,,3111,,8813,5676,,,,,,,,,,,,,,,,,,,,,,,,6486,,,,,,,,,,,,,3727,,,,,,,,,,,,,,,,,,,,,,,,,,,8385,,,3135,,,,,,,,,,,5033,,6483,,,5054,,,,,,,,,,,,,,,,,,,,,,,,2103,9675,,,,,,,,,,,6073,,,,,,,,,,,,,,,,,,,,,,,,,,,,,569,,,,,,,,,,259,,,,9736,,,,,,,,,
,,,,,145,,6876,,,,,,,,9149,,1885,,,4150,,,,,,,,,,,,,,,,,,3950,,,,7555,,,,,,,,9307,,,,,,,,,,,,,,,,813,,,,,,,,,,,,,,,6144,4549,,,,,,,,,,,,,,,,6696,452,,,,,,,,,,,,9981,,,,,,,,,3890,,,,591,,,,,4993,,,,,,,9776,,,,,,267,,,,,,,,,,,,,,,,,,,2123,,,,,,,,,1615,,,,,,,,,,,,,,,,,,6854,,2877,4657,,7783,,,,8637,3483,,,,,,2319,7590,,,,,,,,,,8450,,,,,,,5860,,,,,,,,,,,1285,1126,,,1567,,4348,,,,6808,,,,,,,,,,,,2742
,1263,,,,,7379,,,,,,,,4572,,,,,,,7297,,,,,,,,,5229,,,,,,,,,,,,,,,,,2339,4696,,,,,,,,,,,,,,,,,,,,,,,,,,,,,,,,,,,,2092,,,,,,,,,,,,,4926,,,,,,,,,,,,,,,,,,,,,,2858,,2347,,,,,,,,,,7339,1864,,,,,,355,,,,,,,,,,,,,,,,4450,,,,,3917,,,,,,,,,,,,8501,,,,,7219,,,,5866,,,,,,,,,,,,,,7966,,,,,,,,,,4178,,,6289,,,,,,5179,5733,,,5013,,,7861,,,,,9846,,,,,2143,,,,,,,,,1951,,,,,,,,,,,,,,,,
,4088,,,950,,,1556,,,,,,,,,,,,,,2324,,,,,,,,,,,,,,,,,,2684,,,,7378,,1127,,,,,,,,,,,,,,,,,,,,,,,,,,,,,,,,2246,,,,5699,,,,,,,,,,,,,,,,,,,,2024,,,,,,,,,,,,,,,,,,,,,,,4203,,,4138,,,,,,,,6321,,,,,,,,4870,6305,,,,,,,,,,,,,,,,,,,,4117,,,,,,,,,,,,,,8461,,,,,,,,,,,,,,713,,,,7854,,,,,,5488,6692,3324,,,9236,,,6896,,,,,,2044,,,,,9223,,,,,,,,,,,,,,,,,,,,,,,,,,,,,,,,9745,,
5572,,,,,,,,,,,,,,,,,,,,,,,,,,,,,,,,,3262,,,,,,,,,,,,,,,4146,,,,,,,,,,,,,,,,,,8428,,,,,,,,,,,,,,,,,5789,,,,,,,,,,,,,,1566,,,,,,,,,,,,,,,,,,,,,,,,,,,,,,,5445,,,3105,,,,,,,,,,,,,,,,,,,,,,,,,,,3717,,,,,9071,,,,3953,,,,,,,,,,,,,,,,,,,,2726,,,,6764,,,,,,,,,,,5848,,,,,,,,,859,,,,3604,,,,,,,,,,,,,,,,,,,5819,7395,9250,,,,,,8179,,,,,8700,,,,,,9328,,
,2681,,,,6185,,,,,,,,,,1011,,,,,3260,,,,,,,7371,,,,,,,,,,,,,,6016,,,,,,1761,,,,,,9896,,,,8009,,,,,,,,,409,,,,,,,,,,,,,,,,,,,,4106,6926,,,,,,,,,,,,,,3946,5262,,,,,,,169,,,,,,,,,,,,,,,,,5405,,4272,,,,1042,,,,,,9740,,,,,,,,,,,,4598,,2380,6713,,,,,,,,,,,,,,,9187,,,,,,,,,,,,,,,,,,,,,,,,,664,,,,,,,,,,,,1354,,,,,,,,,,,,,,3363,,,,,,,,,,,,,,,,,,,,,,,,,,,1707,4347,,,,,,,,
,,,,,,,7153,,,,,,,,,,,,,,,,,,,,,,,,,,,,,,5215,,,7576,4100,,,,,,,,,,,,,,,,,4340,,,,,,,,,,,,,,,,,,,,7184,7641,,,,,,,,,,5168,,,,,,,,601,,,,,,,,,,,,,,,8595,,,,,,,,,,,,,4778,,3338,,,,,,,2442,,9506,,,,,5680,,,,,,,,,,,8530,,,,,,,,8816,,,,,,,,,5365,,,,,,,,,9644,,,,,,,,,,,7136,,,,,,,,,,,,,,,,,,,8231,,,,,,,,,,,,,,,,,4104,,,531,4477,,,,,,,,,,,,,8958,,,,,,,,,,,,,
,,,,,,,,,,,,,,,,,2621,,3018,,,,,,,5036,,,,,8946,,,,,,9921,,,550,,,,,4450,,,,,7404,,,,,,,,,,,,,3151,,,,4183,,,,,,,453,,,,9024,,,,4224,,,,,,,,,,,,,,,,,,,,8797,369,,,,,,,,,,,,,,,,,,,,,,,,,,,,,,,,1333,,,,,,461,,,,286,,,,,,,,,,,,,5752,,,,,,,,,,,,,,,,,,,,,,,,,,,,,,,,,,,,,,,,,,,,,,,,,,5584,,,,,,,,,,,2130,,,,,,,,,,,,3399,,,,,943,,,,,,,,,742,,,,,,,,8529,,
,,,,,,,,,,,,,637,,,,,,9151,,,,,,570,,,,,,,,,,,,,3519,,,,,,5493,,,1894,,,,,,,,8252,,,,,,,,,,5657,,2411,,,,,,,,,,,,,,,,,,,,,,,,,,,,,,,,,,,,,7102,,,,,,,,,,,,,,,,4505,,,,8162,,,,,,,,6738,,,,,,,,,,856,,,,6239,,983,,,5790,,,,,,,,,,,,,,,,,,,,6501,,,,,,,,,,,,,,,,,,,,,,,,1143,,,,,,,6944,,,,3053,,,,1447,,8625,3653,4310,,,,,,,,3706,4987,4240,,,,,,,,,,,,,,,5291,,,,,,,,,,,1325,,,,,
8247,,,,2738,7628,,,,,,,8917,,,,,,7347,,,,,,,,,,,,,,,,,,1552,,,,,,,,,,,,,,,,,,,,,,,,5901,2526,,,,,,,,,,,3676,,7791,,,,,,,,,,6827,,,,,,,,,,,,,,,,,,,,,,,,,,,,2027,,,,,,,,,,,,,,,,4971,,,,,,,,,,,,,,,,9111,,,,,6459,1827,,,,,,,,,,,,,,,,,1808,,,4477,,,,,,,,,,,,,,,,,4856,,,,,,,,,,,,,,,,,,3931,,,,,,,,,,,,,,,,,,,,,,,,,,,,,,,,,,,2467,,,,,,,,,,,,,,,
,,,1104,,,,,,,,,8663,,,,,,,,,,,,,,,,,7232,8411,4678,,,,,,,,,,,,,2874,,,,9202,,,,,,,,,,,4791,,3714,,,,,5439,,,,5936,,,,,,,,,,,4643,,,,,,,,8961,,,,,,,,,,,,,,,,,,,,,,,8186,,1607,,,,,,,,,,,,,,1133,,,,,,,,,,,,,,,,,,,8854,,,,9412,,,,,,4185,,,,,,,9143,,2040,,,,,403,,,,,,2566,,,872,,,,,,,,,,,9491,,1333,,,,,,,,,,,,6418,,,,,,,,,7793,,,8515,,7754,,,,,,,,,,,,,,,,,,,,,,,,,,,,,,,,,,,,
,,,,,,,,,,,3695,,5246,,,,,,,,,,,,,,,,3267,,,,,4233,,,,,1569,,,8891,,,,9393,,,,,,,,1485,,,,,,3058,,,,,,,,525,,,,,,,,,9255,,,,,,,,3071,,,,,,,,,,,,,,,,,,,,,,,,,,,,,,,33,,,,,,,,,,,,,,,,,,365,,,,,,,,,,5071,,,,,,,,6036,,,,,,,,,,,,,,,,,,,,,,,,,1511,,,,,,,,8651,2744,,,,,,,,,,,,,,,,,,,,,,,,,,,,,,,4162,,,,,,,,,,,,,,,,9150,,,,,2624,,,,,,,,,,,,,,,,,
,,,,,,,,,,,,,,,,,3986,1853,,,,,,,643,,,,4520,5703,,,,,,,,,,,,,,,,,,,,,1470,,,,,,3014,,,7791,,,,,,,,,,,,,,,,,,,,2074,,9140,,3262,,,,,,,,,7949,,,,,,,,,,,,,,,,,,2717,,,,,,,,,8484,,1217,,,,,,,,,,,,214,,,,,,,,,,,,,,,6903,,,,,,,,6830,,,,6153,,,,,,,,,,,,,,,,,,,,,,,,,,,,,,,,,,,,,,,,,9321,,,,,6321,,3119,,,,1075,,,,,,,,,,6487,,,,,,,,,,,,,,,,,,,,,,8258,,,,,,,,,,
7444,,6805,,,,,,,,,,,,,,,,,,2266,,,,,,,,,,,2603,,,,,,,,,,,,,,,,,,5452,,,377,,,,,,,,,,,,,,,,,,,,,,,,,442,5727,7785,,7229,,,,,,5611,,5974,,,,,,,,,,,8447,,,3528,,,,,,,5267,1438,,,,,,,,,,,,,,,,,,5680,,,,,7789,,,,,,,,,,,,,,,,,,,9390,,,,,,,,,,,,,,,,,,,,,,,,,,,,7406,,,,,,,,,,,,,,,,,,,8491,,,,,,,,,,,,,,,,6751,,,,,,,,,,3697,,,,,,,,,,2831,,,6214,,,,,,,,,,,,9488,,,,
,,,,,,,,,,,,,,,,,,8618,,,,,8764,5850,,,,,,,,,,,,,,,,,,,,,,,,2773,,7858,5278,,,,,,,,,,,,,8471,,9377,,,,,,,,,684,,,,,,,,,,,,,,,,5115,,,,,,,,,,4675,,1560,,2373,,,,,,,1107,,4080,,,2308,,,,,,,,,,,,,,,,,,1488,,,,,,,,,,,,,,,2989,,,,4868,,,,9517,,8697,,,,,,,,,,,,,,,,,9634,,,,,,,,,,,8450,,,,,6835,,2051,,,,,,,,1945,,,,,,,,8144,,,8400,,707,,,,,,,,,,4332,,,,,,,,,,,5299,,,,,,5511,,,,,,,,,,,,
